Timestamp_UTC,Symbol,Side,Regime,Raw_Proba,Calib_Proba,Threshold,Expected_PF,EV_Adj,Uncertainty,Status,Reject_Reason,Outcome_1H_PnL,Outcome_6H_PnL,Outcome_12H_PnL
2026-05-06T15:20:49.687050,BTCUSDT,LONG,0,0.0,0.0,0.7,1.079,0.0,0.0,REJECTED_T1,Proba < Thresh (0.000 < 0.7),,,
2026-05-06T15:20:49.689054,BTCUSDT,SHORT,0,0.0,0.0,0.99,0.0,0.0,0.0,REJECTED_T1,Low PF (0.0),,,
2026-05-06T15:20:50.560568,ETHUSDT,LONG,0,0.0,0.0,0.7,1.079,0.0,0.0,REJECTED_T1,Proba < Thresh (0.000 < 0.7),,,
2026-05-06T15:20:50.560568,ETHUSDT,SHORT,0,0.0,0.0,0.99,0.0,0.0,0.0,REJECTED_T1,Low PF (0.0),,,
2026-05-06T15:20:51.295717,SOLUSDT,LONG,0,0.0,0.0,0.7,1.079,0.0,0.0,REJECTED_T1,Proba < Thresh (0.000 < 0.7),,,
2026-05-06T15:20:51.298966,SOLUSDT,SHORT,0,0.0,0.0,0.99,0.0,0.0,0.0,REJECTED_T1,Low PF (0.0),,,
2026-05-06T15:20:52.233543,BNBUSDT,LONG,0,0.0,0.0,0.7,1.079,0.0,0.0,REJECTED_T1,Proba < Thresh (0.000 < 0.7),,,
2026-05-06T15:20:52.233543,BNBUSDT,SHORT,0,0.0,0.0,0.99,0.0,0.0,0.0,REJECTED_T1,Low PF (0.0),,,
2026-05-06T15:20:53.424422,XRPUSDT,LONG,0,0.0,0.0,0.7,1.079,0.0,0.0,REJECTED_T1,Proba < Thresh (0.000 < 0.7),,,
2026-05-06T15:20:53.424422,XRPUSDT,SHORT,0,0.0,0.0,0.99,0.0,0.0,0.0,REJECTED_T1,Low PF (0.0),,,
2026-05-06T15:20:54.156674,DOGEUSDT,LONG,0,0.0,0.0,0.7,1.079,0.0,0.0,REJECTED_T1,Proba < Thresh (0.000 < 0.7),,,
2026-05-06T15:20:54.157683,DOGEUSDT,SHORT,0,0.0,0.0,0.99,0.0,0.0,0.0,REJECTED_T1,Low PF (0.0),,,
2026-05-06T15:20:55.100245,AVAXUSDT,LONG,0,0.0,0.0,0.7,1.079,0.0,0.0,REJECTED_T1,Proba < Thresh (0.000 < 0.7),,,
2026-05-06T15:20:55.100245,AVAXUSDT,SHORT,0,0.0,0.0,0.99,0.0,0.0,0.0,REJECTED_T1,Low PF (0.0),,,
2026-05-06T15:20:55.875709,LINKUSDT,LONG,0,0.0,0.0,0.7,1.079,0.0,0.0,REJECTED_T1,Proba < Thresh (0.000 < 0.7),,,
2026-05-06T15:20:55.875709,LINKUSDT,SHORT,0,0.0,0.0,0.99,0.0,0.0,0.0,REJECTED_T1,Low PF (0.0),,,
2026-05-06T15:20:56.608572,NEARUSDT,LONG,0,0.0,0.0,0.7,1.079,0.0,0.0,REJECTED_T1,Proba < Thresh (0.000 < 0.7),,,
2026-05-06T15:20:56.608572,NEARUSDT,SHORT,0,0.0,0.0,0.99,0.0,0.0,0.0,REJECTED_T1,Low PF (0.0),,,
2026-05-06T15:20:57.339808,ADAUSDT,LONG,0,0.0,0.0,0.7,1.079,0.0,0.0,REJECTED_T1,Proba < Thresh (0.000 < 0.7),,,
2026-05-06T15:20:57.339808,ADAUSDT,SHORT,0,0.0,0.0,0.99,0.0,0.0,0.0,REJECTED_T1,Low PF (0.0),,,
2026-05-06T15:22:02.985986,BTCUSDT,LONG,0,0.0,0.0,0.7,1.079,0.0,0.0,REJECTED_T1,Proba < Thresh (0.000 < 0.7),,,
2026-05-06T15:22:02.986990,BTCUSDT,SHORT,0,0.0,0.0,0.99,0.0,0.0,0.0,REJECTED_T1,Low PF (0.0),,,
2026-05-06T15:22:03.862763,ETHUSDT,LONG,0,0.0,0.0,0.7,1.079,0.0,0.0,REJECTED_T1,Proba < Thresh (0.000 < 0.7),,,
2026-05-06T15:22:03.862763,ETHUSDT,SHORT,0,0.0,0.0,0.99,0.0,0.0,0.0,REJECTED_T1,Low PF (0.0),,,
2026-05-06T15:22:04.661742,SOLUSDT,LONG,0,0.0,0.0,0.7,1.079,0.0,0.0,REJECTED_T1,Proba < Thresh (0.000 < 0.7),,,
2026-05-06T15:22:04.661742,SOLUSDT,SHORT,0,0.0,0.0,0.99,0.0,0.0,0.0,REJECTED_T1,Low PF (0.0),,,
2026-05-06T15:22:05.398236,BNBUSDT,LONG,0,0.0,0.0,0.7,1.079,0.0,0.0,REJECTED_T1,Proba < Thresh (0.000 < 0.7),,,
2026-05-06T15:22:05.398236,BNBUSDT,SHORT,0,0.0,0.0,0.99,0.0,0.0,0.0,REJECTED_T1,Low PF (0.0),,,
2026-05-06T15:22:06.135336,XRPUSDT,LONG,0,0.0,0.0,0.7,1.079,0.0,0.0,REJECTED_T1,Proba < Thresh (0.000 < 0.7),,,
2026-05-06T15:22:06.135844,XRPUSDT,SHORT,0,0.0,0.0,0.99,0.0,0.0,0.0,REJECTED_T1,Low PF (0.0),,,
2026-05-06T15:22:06.866506,DOGEUSDT,LONG,0,0.0,0.0,0.7,1.079,0.0,0.0,REJECTED_T1,Proba < Thresh (0.000 < 0.7),,,
2026-05-06T15:22:06.866506,DOGEUSDT,SHORT,0,0.0,0.0,0.99,0.0,0.0,0.0,REJECTED_T1,Low PF (0.0),,,
2026-05-06T15:22:07.624476,AVAXUSDT,LONG,0,0.0,0.0,0.7,1.079,0.0,0.0,REJECTED_T1,Proba < Thresh (0.000 < 0.7),,,
2026-05-06T15:22:07.624476,AVAXUSDT,SHORT,0,0.0,0.0,0.99,0.0,0.0,0.0,REJECTED_T1,Low PF (0.0),,,
2026-05-06T15:22:08.369685,LINKUSDT,LONG,0,0.0,0.0,0.7,1.079,0.0,0.0,REJECTED_T1,Proba < Thresh (0.000 < 0.7),,,
2026-05-06T15:22:08.369685,LINKUSDT,SHORT,0,0.0,0.0,0.99,0.0,0.0,0.0,REJECTED_T1,Low PF (0.0),,,
2026-05-06T15:22:09.137395,NEARUSDT,LONG,0,0.0,0.0,0.7,1.079,0.0,0.0,REJECTED_T1,Proba < Thresh (0.000 < 0.7),,,
2026-05-06T15:22:09.138380,NEARUSDT,SHORT,0,0.0,0.0,0.99,0.0,0.0,0.0,REJECTED_T1,Low PF (0.0),,,
2026-05-06T15:22:09.881976,ADAUSDT,LONG,0,0.0,0.0,0.7,1.079,0.0,0.0,REJECTED_T1,Proba < Thresh (0.000 < 0.7),,,
2026-05-06T15:22:09.882977,ADAUSDT,SHORT,0,0.0,0.0,0.99,0.0,0.0,0.0,REJECTED_T1,Low PF (0.0),,,
2026-05-06T15:58:47.038406,BTCUSDT,LONG,0,0.0,0.0,0.7,1.079,0.0,0.0,REJECTED_T1,Proba < Thresh (0.000 < 0.7),,,
2026-05-06T15:58:47.038406,BTCUSDT,SHORT,0,0.0,0.0,0.99,0.0,0.0,0.0,REJECTED_T1,Low PF (0.0),,,
2026-05-06T15:58:48.029347,ETHUSDT,LONG,0,0.0,0.0,0.7,1.079,0.0,0.0,REJECTED_T1,Proba < Thresh (0.000 < 0.7),,,
2026-05-06T15:58:48.030426,ETHUSDT,SHORT,0,0.0,0.0,0.99,0.0,0.0,0.0,REJECTED_T1,Low PF (0.0),,,
2026-05-06T15:58:48.879119,SOLUSDT,LONG,0,0.0,0.0,0.7,1.079,0.0,0.0,REJECTED_T1,Proba < Thresh (0.000 < 0.7),,,
2026-05-06T15:58:48.880114,SOLUSDT,SHORT,0,0.0,0.0,0.99,0.0,0.0,0.0,REJECTED_T1,Low PF (0.0),,,
2026-05-06T15:58:49.751377,BNBUSDT,LONG,0,0.0,0.0,0.7,1.079,0.0,0.0,REJECTED_T1,Proba < Thresh (0.000 < 0.7),,,
2026-05-06T15:58:49.751377,BNBUSDT,SHORT,0,0.0,0.0,0.99,0.0,0.0,0.0,REJECTED_T1,Low PF (0.0),,,
2026-05-06T15:58:50.949086,XRPUSDT,LONG,0,0.0,0.0,0.7,1.079,0.0,0.0,REJECTED_T1,Proba < Thresh (0.000 < 0.7),,,
2026-05-06T15:58:50.949086,XRPUSDT,SHORT,0,0.0,0.0,0.99,0.0,0.0,0.0,REJECTED_T1,Low PF (0.0),,,
2026-05-06T15:58:51.819168,DOGEUSDT,LONG,0,0.0,0.0,0.7,1.079,0.0,0.0,REJECTED_T1,Proba < Thresh (0.000 < 0.7),,,
2026-05-06T15:58:51.820154,DOGEUSDT,SHORT,0,0.0,0.0,0.99,0.0,0.0,0.0,REJECTED_T1,Low PF (0.0),,,
2026-05-06T15:58:52.992381,AVAXUSDT,LONG,0,0.0,0.0,0.7,1.079,0.0,0.0,REJECTED_T1,Proba < Thresh (0.000 < 0.7),,,
2026-05-06T15:58:52.993367,AVAXUSDT,SHORT,0,0.0,0.0,0.99,0.0,0.0,0.0,REJECTED_T1,Low PF (0.0),,,
2026-05-06T15:58:53.877933,LINKUSDT,LONG,0,0.0,0.0,0.7,1.079,0.0,0.0,REJECTED_T1,Proba < Thresh (0.000 < 0.7),,,
2026-05-06T15:58:53.878941,LINKUSDT,SHORT,0,0.0,0.0,0.99,0.0,0.0,0.0,REJECTED_T1,Low PF (0.0),,,
2026-05-06T15:58:54.733330,NEARUSDT,LONG,0,0.0,0.0,0.7,1.079,0.0,0.0,REJECTED_T1,Proba < Thresh (0.000 < 0.7),,,
2026-05-06T15:58:54.734328,NEARUSDT,SHORT,0,0.0,0.0,0.99,0.0,0.0,0.0,REJECTED_T1,Low PF (0.0),,,
2026-05-06T15:58:55.790482,ADAUSDT,LONG,0,0.0,0.0,0.7,1.079,0.0,0.0,REJECTED_T1,Proba < Thresh (0.000 < 0.7),,,
2026-05-06T15:58:55.790482,ADAUSDT,SHORT,0,0.0,0.0,0.99,0.0,0.0,0.0,REJECTED_T1,Low PF (0.0),,,
2026-05-06T16:00:03.629475,BTCUSDT,LONG,0,0.0,0.0,0.7,1.079,0.0,0.0,REJECTED_T1,Proba < Thresh (0.000 < 0.7),,,
2026-05-06T16:00:03.630473,BTCUSDT,SHORT,0,0.0,0.0,0.99,0.0,0.0,0.0,REJECTED_T1,Low PF (0.0),,,
2026-05-06T16:00:04.823382,ETHUSDT,LONG,0,0.0,0.0,0.7,1.079,0.0,0.0,REJECTED_T1,Proba < Thresh (0.000 < 0.7),,,
2026-05-06T16:00:04.824376,ETHUSDT,SHORT,0,0.0,0.0,0.99,0.0,0.0,0.0,REJECTED_T1,Low PF (0.0),,,
2026-05-06T16:00:06.119231,SOLUSDT,LONG,0,0.0,0.0,0.7,1.079,0.0,0.0,REJECTED_T1,Proba < Thresh (0.000 < 0.7),,,
2026-05-06T16:00:06.120234,SOLUSDT,SHORT,0,0.0,0.0,0.99,0.0,0.0,0.0,REJECTED_T1,Low PF (0.0),,,
2026-05-06T16:00:07.392286,BNBUSDT,LONG,0,0.0,0.0,0.7,1.079,0.0,0.0,REJECTED_T1,Proba < Thresh (0.000 < 0.7),,,
2026-05-06T16:00:07.393284,BNBUSDT,SHORT,0,0.0,0.0,0.99,0.0,0.0,0.0,REJECTED_T1,Low PF (0.0),,,
2026-05-06T16:00:08.369826,XRPUSDT,LONG,0,0.0,0.0,0.7,1.079,0.0,0.0,REJECTED_T1,Proba < Thresh (0.000 < 0.7),,,
2026-05-06T16:00:08.370828,XRPUSDT,SHORT,0,0.0,0.0,0.99,0.0,0.0,0.0,REJECTED_T1,Low PF (0.0),,,
2026-05-06T16:00:09.320294,DOGEUSDT,LONG,0,0.0,0.0,0.7,1.079,0.0,0.0,REJECTED_T1,Proba < Thresh (0.000 < 0.7),,,
2026-05-06T16:00:09.321294,DOGEUSDT,SHORT,0,0.0,0.0,0.99,0.0,0.0,0.0,REJECTED_T1,Low PF (0.0),,,
2026-05-06T16:00:10.557256,AVAXUSDT,LONG,0,0.0,0.0,0.7,1.079,0.0,0.0,REJECTED_T1,Proba < Thresh (0.000 < 0.7),,,
2026-05-06T16:00:10.558256,AVAXUSDT,SHORT,0,0.0,0.0,0.99,0.0,0.0,0.0,REJECTED_T1,Low PF (0.0),,,
2026-05-06T16:00:11.504063,LINKUSDT,LONG,0,0.0,0.0,0.7,1.079,0.0,0.0,REJECTED_T1,Proba < Thresh (0.000 < 0.7),,,
2026-05-06T16:00:11.505062,LINKUSDT,SHORT,0,0.0,0.0,0.99,0.0,0.0,0.0,REJECTED_T1,Low PF (0.0),,,
2026-05-06T16:00:13.067002,NEARUSDT,LONG,0,0.0,0.0,0.7,1.079,0.0,0.0,REJECTED_T1,Proba < Thresh (0.000 < 0.7),,,
2026-05-06T16:00:13.067987,NEARUSDT,SHORT,0,0.0,0.0,0.99,0.0,0.0,0.0,REJECTED_T1,Low PF (0.0),,,
2026-05-06T16:00:13.970050,ADAUSDT,LONG,0,0.0,0.0,0.7,1.079,0.0,0.0,REJECTED_T1,Proba < Thresh (0.000 < 0.7),,,
2026-05-06T16:00:13.970050,ADAUSDT,SHORT,0,0.0,0.0,0.99,0.0,0.0,0.0,REJECTED_T1,Low PF (0.0),,,
2026-05-06T16:00:16.067598,BTCUSDT,LONG,0,0.0,0.0,0.7,1.079,0.0,0.0,REJECTED_T1,Proba < Thresh (0.000 < 0.7),,,
2026-05-06T16:00:16.068585,BTCUSDT,SHORT,0,0.0,0.0,0.99,0.0,0.0,0.0,REJECTED_T1,Low PF (0.0),,,
2026-05-06T16:00:16.997968,ETHUSDT,LONG,0,0.0,0.0,0.7,1.079,0.0,0.0,REJECTED_T1,Proba < Thresh (0.000 < 0.7),,,
2026-05-06T16:00:16.998968,ETHUSDT,SHORT,0,0.0,0.0,0.99,0.0,0.0,0.0,REJECTED_T1,Low PF (0.0),,,
2026-05-06T16:00:18.248979,SOLUSDT,LONG,0,0.0,0.0,0.7,1.079,0.0,0.0,REJECTED_T1,Proba < Thresh (0.000 < 0.7),,,
2026-05-06T16:00:18.249980,SOLUSDT,SHORT,0,0.0,0.0,0.99,0.0,0.0,0.0,REJECTED_T1,Low PF (0.0),,,
2026-05-06T16:00:18.879103,BNBUSDT,LONG,0,0.0,0.0,0.7,1.079,0.0,0.0,REJECTED_T1,Proba < Thresh (0.000 < 0.7),,,
2026-05-06T16:00:18.879103,BNBUSDT,SHORT,0,0.0,0.0,0.99,0.0,0.0,0.0,REJECTED_T1,Low PF (0.0),,,
2026-05-06T16:00:19.545310,XRPUSDT,LONG,0,0.0,0.0,0.7,1.079,0.0,0.0,REJECTED_T1,Proba < Thresh (0.000 < 0.7),,,
2026-05-06T16:00:19.546311,XRPUSDT,SHORT,0,0.0,0.0,0.99,0.0,0.0,0.0,REJECTED_T1,Low PF (0.0),,,
2026-05-06T16:00:20.219135,DOGEUSDT,LONG,0,0.0,0.0,0.7,1.079,0.0,0.0,REJECTED_T1,Proba < Thresh (0.000 < 0.7),,,
2026-05-06T16:00:20.219135,DOGEUSDT,SHORT,0,0.0,0.0,0.99,0.0,0.0,0.0,REJECTED_T1,Low PF (0.0),,,
2026-05-06T16:00:20.888431,AVAXUSDT,LONG,0,0.0,0.0,0.7,1.079,0.0,0.0,REJECTED_T1,Proba < Thresh (0.000 < 0.7),,,
2026-05-06T16:00:20.889446,AVAXUSDT,SHORT,0,0.0,0.0,0.99,0.0,0.0,0.0,REJECTED_T1,Low PF (0.0),,,
2026-05-06T16:00:22.185960,LINKUSDT,LONG,0,0.0,0.0,0.7,1.079,0.0,0.0,REJECTED_T1,Proba < Thresh (0.000 < 0.7),,,
2026-05-06T16:00:22.185960,LINKUSDT,SHORT,0,0.0,0.0,0.99,0.0,0.0,0.0,REJECTED_T1,Low PF (0.0),,,
2026-05-06T16:00:22.914510,NEARUSDT,LONG,0,0.0,0.0,0.7,1.079,0.0,0.0,REJECTED_T1,Proba < Thresh (0.000 < 0.7),,,
2026-05-06T16:00:22.915510,NEARUSDT,SHORT,0,0.0,0.0,0.99,0.0,0.0,0.0,REJECTED_T1,Low PF (0.0),,,
2026-05-06T16:00:24.174225,ADAUSDT,LONG,0,0.0,0.0,0.7,1.079,0.0,0.0,REJECTED_T1,Proba < Thresh (0.000 < 0.7),,,
2026-05-06T16:00:24.174225,ADAUSDT,SHORT,0,0.0,0.0,0.99,0.0,0.0,0.0,REJECTED_T1,Low PF (0.0),,,
2026-05-06T16:12:03.331182,SMOKE_BTC,LONG,0,0.6,0.65,0.7,1.079,0.02,0.01,SMOKE_PASSED,Testing Execution,,,
2026-05-06T16:12:04.437924,BTCUSDT,LONG,0,0.0,0.0,0.7,1.079,0.0,0.0,REJECTED_T1,Proba < Thresh (0.000 < 0.7),,,
2026-05-06T16:12:04.438925,BTCUSDT,SHORT,0,0.0,0.0,0.99,0.0,0.0,0.0,REJECTED_T1,Low PF (0.0),,,
2026-05-06T16:12:05.417504,ETHUSDT,LONG,0,0.0,0.0,0.7,1.079,0.0,0.0,REJECTED_T1,Proba < Thresh (0.000 < 0.7),,,
2026-05-06T16:12:05.418538,ETHUSDT,SHORT,0,0.0,0.0,0.99,0.0,0.0,0.0,REJECTED_T1,Low PF (0.0),,,
2026-05-06T16:12:06.573234,SOLUSDT,LONG,0,0.0,0.0,0.7,1.079,0.0,0.0,REJECTED_T1,Proba < Thresh (0.000 < 0.7),,,
2026-05-06T16:12:06.574130,SOLUSDT,SHORT,0,0.0,0.0,0.99,0.0,0.0,0.0,REJECTED_T1,Low PF (0.0),,,
2026-05-06T16:12:07.752034,BNBUSDT,LONG,0,0.0,0.0,0.7,1.079,0.0,0.0,REJECTED_T1,Proba < Thresh (0.000 < 0.7),,,
2026-05-06T16:12:07.753060,BNBUSDT,SHORT,0,0.0,0.0,0.99,0.0,0.0,0.0,REJECTED_T1,Low PF (0.0),,,
2026-05-06T16:12:08.641507,XRPUSDT,LONG,0,0.0,0.0,0.7,1.079,0.0,0.0,REJECTED_T1,Proba < Thresh (0.000 < 0.7),,,
2026-05-06T16:12:08.641507,XRPUSDT,SHORT,0,0.0,0.0,0.99,0.0,0.0,0.0,REJECTED_T1,Low PF (0.0),,,
2026-05-06T16:12:09.595004,DOGEUSDT,LONG,0,0.0,0.0,0.7,1.079,0.0,0.0,REJECTED_T1,Proba < Thresh (0.000 < 0.7),,,
2026-05-06T16:12:09.596002,DOGEUSDT,SHORT,0,0.0,0.0,0.99,0.0,0.0,0.0,REJECTED_T1,Low PF (0.0),,,
2026-05-06T16:12:10.736887,AVAXUSDT,LONG,0,0.0,0.0,0.7,1.079,0.0,0.0,REJECTED_T1,Proba < Thresh (0.000 < 0.7),,,
2026-05-06T16:12:10.736887,AVAXUSDT,SHORT,0,0.0,0.0,0.99,0.0,0.0,0.0,REJECTED_T1,Low PF (0.0),,,
2026-05-06T16:12:11.735463,LINKUSDT,LONG,0,0.0,0.0,0.7,1.079,0.0,0.0,REJECTED_T1,Proba < Thresh (0.000 < 0.7),,,
2026-05-06T16:12:11.735463,LINKUSDT,SHORT,0,0.0,0.0,0.99,0.0,0.0,0.0,REJECTED_T1,Low PF (0.0),,,
2026-05-06T16:12:12.896098,NEARUSDT,LONG,0,0.0,0.0,0.7,1.079,0.0,0.0,REJECTED_T1,Proba < Thresh (0.000 < 0.7),,,
2026-05-06T16:12:12.896098,NEARUSDT,SHORT,0,0.0,0.0,0.99,0.0,0.0,0.0,REJECTED_T1,Low PF (0.0),,,
2026-05-06T16:12:13.732063,ADAUSDT,LONG,0,0.0,0.0,0.7,1.079,0.0,0.0,REJECTED_T1,Proba < Thresh (0.000 < 0.7),,,
2026-05-06T16:12:13.732945,ADAUSDT,SHORT,0,0.0,0.0,0.99,0.0,0.0,0.0,REJECTED_T1,Low PF (0.0),,,
2026-05-06T17:00:03.220710,BTCUSDT,LONG,0,0.0,0.0,0.7,1.079,0.0,0.0,REJECTED_T1,Proba < Thresh (0.000 < 0.7),,,
2026-05-06T17:00:03.221708,BTCUSDT,SHORT,0,0.0,0.0,0.99,0.0,0.0,0.0,REJECTED_T1,Low PF (0.0),,,
2026-05-06T17:00:04.436085,ETHUSDT,LONG,0,0.0,0.0,0.7,1.079,0.0,0.0,REJECTED_T1,Proba < Thresh (0.000 < 0.7),,,
2026-05-06T17:00:04.437083,ETHUSDT,SHORT,0,0.0,0.0,0.99,0.0,0.0,0.0,REJECTED_T1,Low PF (0.0),,,
2026-05-06T17:00:05.179783,SOLUSDT,LONG,0,0.0,0.0,0.7,1.079,0.0,0.0,REJECTED_T1,Proba < Thresh (0.000 < 0.7),,,
2026-05-06T17:00:05.181002,SOLUSDT,SHORT,0,0.0,0.0,0.99,0.0,0.0,0.0,REJECTED_T1,Low PF (0.0),,,
2026-05-06T17:00:05.920039,BNBUSDT,LONG,0,0.0,0.0,0.7,1.079,0.0,0.0,REJECTED_T1,Proba < Thresh (0.000 < 0.7),,,
2026-05-06T17:00:05.920039,BNBUSDT,SHORT,0,0.0,0.0,0.99,0.0,0.0,0.0,REJECTED_T1,Low PF (0.0),,,
2026-05-06T17:00:06.679848,XRPUSDT,LONG,0,0.0,0.0,0.7,1.079,0.0,0.0,REJECTED_T1,Proba < Thresh (0.000 < 0.7),,,
2026-05-06T17:00:06.679848,XRPUSDT,SHORT,0,0.0,0.0,0.99,0.0,0.0,0.0,REJECTED_T1,Low PF (0.0),,,
2026-05-06T17:00:07.731561,DOGEUSDT,LONG,0,0.0,0.0,0.7,1.079,0.0,0.0,REJECTED_T1,Proba < Thresh (0.000 < 0.7),,,
2026-05-06T17:00:07.732561,DOGEUSDT,SHORT,0,0.0,0.0,0.99,0.0,0.0,0.0,REJECTED_T1,Low PF (0.0),,,
2026-05-06T17:00:08.460993,AVAXUSDT,LONG,0,0.0,0.0,0.7,1.079,0.0,0.0,REJECTED_T1,Proba < Thresh (0.000 < 0.7),,,
2026-05-06T17:00:08.460993,AVAXUSDT,SHORT,0,0.0,0.0,0.99,0.0,0.0,0.0,REJECTED_T1,Low PF (0.0),,,
2026-05-06T17:00:09.244478,LINKUSDT,LONG,0,0.0,0.0,0.7,1.079,0.0,0.0,REJECTED_T1,Proba < Thresh (0.000 < 0.7),,,
2026-05-06T17:00:09.244478,LINKUSDT,SHORT,0,0.0,0.0,0.99,0.0,0.0,0.0,REJECTED_T1,Low PF (0.0),,,
2026-05-06T17:00:09.969772,NEARUSDT,LONG,0,0.0,0.0,0.7,1.079,0.0,0.0,REJECTED_T1,Proba < Thresh (0.000 < 0.7),,,
2026-05-06T17:00:09.969772,NEARUSDT,SHORT,0,0.0,0.0,0.99,0.0,0.0,0.0,REJECTED_T1,Low PF (0.0),,,
2026-05-06T17:00:10.689472,ADAUSDT,LONG,0,0.0,0.0,0.7,1.079,0.0,0.0,REJECTED_T1,Proba < Thresh (0.000 < 0.7),,,
2026-05-06T17:00:10.689472,ADAUSDT,SHORT,0,0.0,0.0,0.99,0.0,0.0,0.0,REJECTED_T1,Low PF (0.0),,,
2026-05-06T17:00:11.141910,BTCUSDT,LONG,0,0.0,0.0,0.7,1.079,0.0,0.0,REJECTED_T1,Proba < Thresh (0.000 < 0.7),,,
2026-05-06T17:00:11.141910,BTCUSDT,SHORT,0,0.0,0.0,0.99,0.0,0.0,0.0,REJECTED_T1,Low PF (0.0),,,
2026-05-06T17:00:11.666261,ETHUSDT,LONG,0,0.0,0.0,0.7,1.079,0.0,0.0,REJECTED_T1,Proba < Thresh (0.000 < 0.7),,,
2026-05-06T17:00:11.667251,ETHUSDT,SHORT,0,0.0,0.0,0.99,0.0,0.0,0.0,REJECTED_T1,Low PF (0.0),,,
2026-05-06T17:00:12.123324,SOLUSDT,LONG,0,0.0,0.0,0.7,1.079,0.0,0.0,REJECTED_T1,Proba < Thresh (0.000 < 0.7),,,
2026-05-06T17:00:12.124317,SOLUSDT,SHORT,0,0.0,0.0,0.99,0.0,0.0,0.0,REJECTED_T1,Low PF (0.0),,,
2026-05-06T17:00:12.602251,BNBUSDT,LONG,0,0.0,0.0,0.7,1.079,0.0,0.0,REJECTED_T1,Proba < Thresh (0.000 < 0.7),,,
2026-05-06T17:00:12.602251,BNBUSDT,SHORT,0,0.0,0.0,0.99,0.0,0.0,0.0,REJECTED_T1,Low PF (0.0),,,
2026-05-06T17:00:13.068981,XRPUSDT,LONG,0,0.0,0.0,0.7,1.079,0.0,0.0,REJECTED_T1,Proba < Thresh (0.000 < 0.7),,,
2026-05-06T17:00:13.068981,XRPUSDT,SHORT,0,0.0,0.0,0.99,0.0,0.0,0.0,REJECTED_T1,Low PF (0.0),,,
2026-05-06T17:00:13.698224,DOGEUSDT,LONG,0,0.0,0.0,0.7,1.079,0.0,0.0,REJECTED_T1,Proba < Thresh (0.000 < 0.7),,,
2026-05-06T17:00:13.698224,DOGEUSDT,SHORT,0,0.0,0.0,0.99,0.0,0.0,0.0,REJECTED_T1,Low PF (0.0),,,
2026-05-06T17:00:14.167772,AVAXUSDT,LONG,0,0.0,0.0,0.7,1.079,0.0,0.0,REJECTED_T1,Proba < Thresh (0.000 < 0.7),,,
2026-05-06T17:00:14.167772,AVAXUSDT,SHORT,0,0.0,0.0,0.99,0.0,0.0,0.0,REJECTED_T1,Low PF (0.0),,,
2026-05-06T17:00:14.639561,LINKUSDT,LONG,0,0.0,0.0,0.7,1.079,0.0,0.0,REJECTED_T1,Proba < Thresh (0.000 < 0.7),,,
2026-05-06T17:00:14.640561,LINKUSDT,SHORT,0,0.0,0.0,0.99,0.0,0.0,0.0,REJECTED_T1,Low PF (0.0),,,
2026-05-06T17:00:15.097087,NEARUSDT,LONG,0,0.0,0.0,0.7,1.079,0.0,0.0,REJECTED_T1,Proba < Thresh (0.000 < 0.7),,,
2026-05-06T17:00:15.097087,NEARUSDT,SHORT,0,0.0,0.0,0.99,0.0,0.0,0.0,REJECTED_T1,Low PF (0.0),,,
2026-05-06T17:00:15.569227,ADAUSDT,LONG,0,0.0,0.0,0.7,1.079,0.0,0.0,REJECTED_T1,Proba < Thresh (0.000 < 0.7),,,
2026-05-06T17:00:15.570227,ADAUSDT,SHORT,0,0.0,0.0,0.99,0.0,0.0,0.0,REJECTED_T1,Low PF (0.0),,,
2026-05-06T17:00:16.023437,BTCUSDT,LONG,0,0.0,0.0,0.7,1.079,0.0,0.0,REJECTED_T1,Proba < Thresh (0.000 < 0.7),,,
2026-05-06T17:00:16.023437,BTCUSDT,SHORT,0,0.0,0.0,0.99,0.0,0.0,0.0,REJECTED_T1,Low PF (0.0),,,
2026-05-06T17:00:16.749789,ETHUSDT,LONG,0,0.0,0.0,0.7,1.079,0.0,0.0,REJECTED_T1,Proba < Thresh (0.000 < 0.7),,,
2026-05-06T17:00:16.749789,ETHUSDT,SHORT,0,0.0,0.0,0.99,0.0,0.0,0.0,REJECTED_T1,Low PF (0.0),,,
2026-05-06T17:00:17.419071,SOLUSDT,LONG,0,0.0,0.0,0.7,1.079,0.0,0.0,REJECTED_T1,Proba < Thresh (0.000 < 0.7),,,
2026-05-06T17:00:17.419071,SOLUSDT,SHORT,0,0.0,0.0,0.99,0.0,0.0,0.0,REJECTED_T1,Low PF (0.0),,,
2026-05-06T17:00:17.951399,BNBUSDT,LONG,0,0.0,0.0,0.7,1.079,0.0,0.0,REJECTED_T1,Proba < Thresh (0.000 < 0.7),,,
2026-05-06T17:00:17.951399,BNBUSDT,SHORT,0,0.0,0.0,0.99,0.0,0.0,0.0,REJECTED_T1,Low PF (0.0),,,
2026-05-06T17:00:18.418870,XRPUSDT,LONG,0,0.0,0.0,0.7,1.079,0.0,0.0,REJECTED_T1,Proba < Thresh (0.000 < 0.7),,,
2026-05-06T17:00:18.418870,XRPUSDT,SHORT,0,0.0,0.0,0.99,0.0,0.0,0.0,REJECTED_T1,Low PF (0.0),,,
2026-05-06T17:00:18.899978,DOGEUSDT,LONG,0,0.0,0.0,0.7,1.079,0.0,0.0,REJECTED_T1,Proba < Thresh (0.000 < 0.7),,,
2026-05-06T17:00:18.899978,DOGEUSDT,SHORT,0,0.0,0.0,0.99,0.0,0.0,0.0,REJECTED_T1,Low PF (0.0),,,
2026-05-06T17:00:19.360383,AVAXUSDT,LONG,0,0.0,0.0,0.7,1.079,0.0,0.0,REJECTED_T1,Proba < Thresh (0.000 < 0.7),,,
2026-05-06T17:00:19.360383,AVAXUSDT,SHORT,0,0.0,0.0,0.99,0.0,0.0,0.0,REJECTED_T1,Low PF (0.0),,,
2026-05-06T17:00:19.832314,LINKUSDT,LONG,0,0.0,0.0,0.7,1.079,0.0,0.0,REJECTED_T1,Proba < Thresh (0.000 < 0.7),,,
2026-05-06T17:00:19.832314,LINKUSDT,SHORT,0,0.0,0.0,0.99,0.0,0.0,0.0,REJECTED_T1,Low PF (0.0),,,
2026-05-06T17:00:20.298616,NEARUSDT,LONG,0,0.0,0.0,0.7,1.079,0.0,0.0,REJECTED_T1,Proba < Thresh (0.000 < 0.7),,,
2026-05-06T17:00:20.298616,NEARUSDT,SHORT,0,0.0,0.0,0.99,0.0,0.0,0.0,REJECTED_T1,Low PF (0.0),,,
2026-05-06T17:00:20.754959,ADAUSDT,LONG,0,0.0,0.0,0.7,1.079,0.0,0.0,REJECTED_T1,Proba < Thresh (0.000 < 0.7),,,
2026-05-06T17:00:20.754959,ADAUSDT,SHORT,0,0.0,0.0,0.99,0.0,0.0,0.0,REJECTED_T1,Low PF (0.0),,,
2026-05-06T17:39:35.444943,SMOKE_BTC,LONG,0,0.6,0.65,0.7,1.05,0.02,0.01,SMOKE,Test,,,
2026-05-06T17:39:38.313718,BTCUSDT,LONG,0,0.3717,0.3717,0.75,1.161,0.0,0.0,REJECTED_T1,Proba < Thresh (0.372 < 0.75),,,
2026-05-06T17:39:38.313718,BTCUSDT,SHORT,0,0.6903,0.6903,0.99,0.0,0.0,0.0,REJECTED_T1,Low PF (0.0),,,
2026-05-06T17:39:39.211863,ETHUSDT,LONG,0,0.6912,0.6912,0.75,1.161,0.0,0.0,REJECTED_T1,Proba < Thresh (0.691 < 0.75),,,
2026-05-06T17:39:39.211863,ETHUSDT,SHORT,0,0.3832,0.3832,0.99,0.0,0.0,0.0,REJECTED_T1,Low PF (0.0),,,
2026-05-06T17:39:40.017805,SOLUSDT,LONG,0,0.2572,0.2572,0.75,1.161,0.0,0.0,REJECTED_T1,Proba < Thresh (0.257 < 0.75),,,
2026-05-06T17:39:40.018811,SOLUSDT,SHORT,0,0.3259,0.3259,0.99,0.0,0.0,0.0,REJECTED_T1,Low PF (0.0),,,
2026-05-06T17:39:40.976530,BNBUSDT,LONG,0,0.4766,0.4766,0.75,1.161,0.0,0.0,REJECTED_T1,Proba < Thresh (0.477 < 0.75),,,
2026-05-06T17:39:40.976530,BNBUSDT,SHORT,0,0.481,0.481,0.99,0.0,0.0,0.0,REJECTED_T1,Low PF (0.0),,,
2026-05-06T17:39:41.752957,XRPUSDT,LONG,0,0.4785,0.4785,0.75,1.161,0.0,0.0,REJECTED_T1,Proba < Thresh (0.478 < 0.75),,,
2026-05-06T17:39:41.752957,XRPUSDT,SHORT,0,0.3438,0.3438,0.99,0.0,0.0,0.0,REJECTED_T1,Low PF (0.0),,,
2026-05-06T17:39:43.259879,DOGEUSDT,LONG,0,0.383,0.383,0.75,1.161,0.0,0.0,REJECTED_T1,Proba < Thresh (0.383 < 0.75),,,
2026-05-06T17:39:43.259879,DOGEUSDT,SHORT,0,0.2921,0.2921,0.99,0.0,0.0,0.0,REJECTED_T1,Low PF (0.0),,,
2026-05-06T17:39:44.328660,AVAXUSDT,LONG,0,0.1998,0.1998,0.75,1.161,0.0,0.0,REJECTED_T1,Proba < Thresh (0.200 < 0.75),,,
2026-05-06T17:39:44.328660,AVAXUSDT,SHORT,0,0.4409,0.4409,0.99,0.0,0.0,0.0,REJECTED_T1,Low PF (0.0),,,
2026-05-06T17:39:45.347842,LINKUSDT,LONG,0,0.2169,0.2169,0.75,1.161,0.0,0.0,REJECTED_T1,Proba < Thresh (0.217 < 0.75),,,
2026-05-06T17:39:45.347842,LINKUSDT,SHORT,0,0.3279,0.3279,0.99,0.0,0.0,0.0,REJECTED_T1,Low PF (0.0),,,
2026-05-06T17:39:46.131530,NEARUSDT,LONG,0,0.1051,0.1051,0.75,1.161,0.0,0.0,REJECTED_T1,Proba < Thresh (0.105 < 0.75),,,
2026-05-06T17:39:46.132528,NEARUSDT,SHORT,0,0.293,0.293,0.99,0.0,0.0,0.0,REJECTED_T1,Low PF (0.0),,,
2026-05-06T17:39:47.100391,ADAUSDT,LONG,0,0.1729,0.1729,0.75,1.161,0.0,0.0,REJECTED_T1,Proba < Thresh (0.173 < 0.75),,,
2026-05-06T17:39:47.100391,ADAUSDT,SHORT,0,0.3847,0.3847,0.99,0.0,0.0,0.0,REJECTED_T1,Low PF (0.0),,,
2026-05-06T17:42:06.163720,SMOKE_BTC,LONG,0,0.6,0.65,0.7,1.05,0.02,0.01,SMOKE,Test,,,
2026-05-06T17:42:06.924423,BTCUSDT,LONG,0,0.3811,0.3811,0.7,1.131,0.0,0.0,REJECTED_T1,Proba < Thresh (0.381 < 0.7),,,
2026-05-06T17:42:06.924423,BTCUSDT,SHORT,0,0.6254,0.6254,0.99,0.0,0.0,0.0,REJECTED_T1,Low PF (0.0),,,
2026-05-06T17:42:08.296919,ETHUSDT,LONG,0,0.7172,0.7172,0.7,1.131,0.0,0.0,PASSED_T1,,,,
2026-05-06T17:42:08.297922,ETHUSDT,SHORT,0,0.3728,0.3728,0.99,0.0,0.0,0.0,REJECTED_T1,Low PF (0.0),,,
2026-05-06T17:42:09.062150,SOLUSDT,LONG,0,0.264,0.264,0.7,1.131,0.0,0.0,REJECTED_T1,Proba < Thresh (0.264 < 0.7),,,
2026-05-06T17:42:09.063130,SOLUSDT,SHORT,0,0.2855,0.2855,0.99,0.0,0.0,0.0,REJECTED_T1,Low PF (0.0),,,
2026-05-06T17:42:09.837034,BNBUSDT,LONG,0,0.5149,0.5149,0.7,1.131,0.0,0.0,REJECTED_T1,Proba < Thresh (0.515 < 0.7),,,
2026-05-06T17:42:09.838034,BNBUSDT,SHORT,0,0.433,0.433,0.99,0.0,0.0,0.0,REJECTED_T1,Low PF (0.0),,,
2026-05-06T17:42:10.629453,XRPUSDT,LONG,0,0.4915,0.4915,0.7,1.131,0.0,0.0,REJECTED_T1,Proba < Thresh (0.491 < 0.7),,,
2026-05-06T17:42:10.629453,XRPUSDT,SHORT,0,0.2796,0.2796,0.99,0.0,0.0,0.0,REJECTED_T1,Low PF (0.0),,,
2026-05-06T17:42:11.403537,DOGEUSDT,LONG,0,0.2532,0.2532,0.7,1.131,0.0,0.0,REJECTED_T1,Proba < Thresh (0.253 < 0.7),,,
2026-05-06T17:42:11.404534,DOGEUSDT,SHORT,0,0.3136,0.3136,0.99,0.0,0.0,0.0,REJECTED_T1,Low PF (0.0),,,
2026-05-06T17:42:12.193488,AVAXUSDT,LONG,0,0.2323,0.2323,0.7,1.131,0.0,0.0,REJECTED_T1,Proba < Thresh (0.232 < 0.7),,,
2026-05-06T17:42:12.193488,AVAXUSDT,SHORT,0,0.4429,0.4429,0.99,0.0,0.0,0.0,REJECTED_T1,Low PF (0.0),,,
2026-05-06T17:42:12.966578,LINKUSDT,LONG,0,0.2207,0.2207,0.7,1.131,0.0,0.0,REJECTED_T1,Proba < Thresh (0.221 < 0.7),,,
2026-05-06T17:42:12.968596,LINKUSDT,SHORT,0,0.3542,0.3542,0.99,0.0,0.0,0.0,REJECTED_T1,Low PF (0.0),,,
2026-05-06T17:42:13.795780,NEARUSDT,LONG,0,0.1839,0.1839,0.7,1.131,0.0,0.0,REJECTED_T1,Proba < Thresh (0.184 < 0.7),,,
2026-05-06T17:42:13.796778,NEARUSDT,SHORT,0,0.2695,0.2695,0.99,0.0,0.0,0.0,REJECTED_T1,Low PF (0.0),,,
2026-05-06T17:42:14.617719,ADAUSDT,LONG,0,0.1791,0.1791,0.7,1.131,0.0,0.0,REJECTED_T1,Proba < Thresh (0.179 < 0.7),,,
2026-05-06T17:42:14.617719,ADAUSDT,SHORT,0,0.5244,0.5244,0.99,0.0,0.0,0.0,REJECTED_T1,Low PF (0.0),,,
2026-05-06T18:00:03.429448,BTCUSDT,LONG,0,0.3735,0.3735,0.7,1.131,0.0,0.0,REJECTED_T1,Proba < Thresh (0.374 < 0.7),,,
2026-05-06T18:00:03.429448,BTCUSDT,SHORT,0,0.6351,0.6351,0.99,0.0,0.0,0.0,REJECTED_T1,Low PF (0.0),,,
2026-05-06T18:00:04.455960,ETHUSDT,LONG,0,0.7302,0.7302,0.7,1.131,0.0,0.0,PASSED_T1,,,,
2026-05-06T18:00:04.455960,ETHUSDT,SHORT,0,0.4637,0.4637,0.99,0.0,0.0,0.0,REJECTED_T1,Low PF (0.0),,,
2026-05-06T18:00:05.214441,SOLUSDT,LONG,0,0.1836,0.1836,0.7,1.131,0.0,0.0,REJECTED_T1,Proba < Thresh (0.184 < 0.7),,,
2026-05-06T18:00:05.214441,SOLUSDT,SHORT,0,0.306,0.306,0.99,0.0,0.0,0.0,REJECTED_T1,Low PF (0.0),,,
2026-05-06T18:00:05.983680,BNBUSDT,LONG,0,0.5112,0.5112,0.7,1.131,0.0,0.0,REJECTED_T1,Proba < Thresh (0.511 < 0.7),,,
2026-05-06T18:00:05.983680,BNBUSDT,SHORT,0,0.419,0.419,0.99,0.0,0.0,0.0,REJECTED_T1,Low PF (0.0),,,
2026-05-06T18:00:06.768220,XRPUSDT,LONG,0,0.419,0.419,0.7,1.131,0.0,0.0,REJECTED_T1,Proba < Thresh (0.419 < 0.7),,,
2026-05-06T18:00:06.768220,XRPUSDT,SHORT,0,0.3789,0.3789,0.99,0.0,0.0,0.0,REJECTED_T1,Low PF (0.0),,,
2026-05-06T18:00:07.535839,DOGEUSDT,LONG,0,0.3559,0.3559,0.7,1.131,0.0,0.0,REJECTED_T1,Proba < Thresh (0.356 < 0.7),,,
2026-05-06T18:00:07.536838,DOGEUSDT,SHORT,0,0.407,0.407,0.99,0.0,0.0,0.0,REJECTED_T1,Low PF (0.0),,,
2026-05-06T18:00:08.335659,AVAXUSDT,LONG,0,0.2143,0.2143,0.7,1.131,0.0,0.0,REJECTED_T1,Proba < Thresh (0.214 < 0.7),,,
2026-05-06T18:00:08.335659,AVAXUSDT,SHORT,0,0.4752,0.4752,0.99,0.0,0.0,0.0,REJECTED_T1,Low PF (0.0),,,
2026-05-06T18:00:09.127791,LINKUSDT,LONG,0,0.1363,0.1363,0.7,1.131,0.0,0.0,REJECTED_T1,Proba < Thresh (0.136 < 0.7),,,
2026-05-06T18:00:09.128790,LINKUSDT,SHORT,0,0.3778,0.3778,0.99,0.0,0.0,0.0,REJECTED_T1,Low PF (0.0),,,
2026-05-06T18:00:09.889622,NEARUSDT,LONG,0,0.0757,0.0757,0.7,1.131,0.0,0.0,REJECTED_T1,Proba < Thresh (0.076 < 0.7),,,
2026-05-06T18:00:09.889622,NEARUSDT,SHORT,0,0.3535,0.3535,0.99,0.0,0.0,0.0,REJECTED_T1,Low PF (0.0),,,
2026-05-06T18:00:10.850571,ADAUSDT,LONG,0,0.153,0.153,0.7,1.131,0.0,0.0,REJECTED_T1,Proba < Thresh (0.153 < 0.7),,,
2026-05-06T18:00:10.850571,ADAUSDT,SHORT,0,0.5459,0.5459,0.99,0.0,0.0,0.0,REJECTED_T1,Low PF (0.0),,,
2026-05-06T18:00:14.278729,BTCUSDT,LONG,0,0.2703,0.2703,0.7,1.131,0.0,0.0,REJECTED_T1,Proba < Thresh (0.270 < 0.7),,,
2026-05-06T18:00:14.279826,BTCUSDT,SHORT,0,0.7395,0.7395,0.99,0.0,0.0,0.0,REJECTED_T1,Low PF (0.0),,,
2026-05-06T18:00:15.039326,ETHUSDT,LONG,0,0.7302,0.7302,0.7,1.131,0.0,0.0,PASSED_T1,,,,
2026-05-06T18:00:15.040325,ETHUSDT,SHORT,0,0.4669,0.4669,0.99,0.0,0.0,0.0,REJECTED_T1,Low PF (0.0),,,
2026-05-06T18:00:15.770218,SOLUSDT,LONG,0,0.1836,0.1836,0.7,1.131,0.0,0.0,REJECTED_T1,Proba < Thresh (0.184 < 0.7),,,
2026-05-06T18:00:15.771199,SOLUSDT,SHORT,0,0.306,0.306,0.99,0.0,0.0,0.0,REJECTED_T1,Low PF (0.0),,,
2026-05-06T18:00:16.338496,BNBUSDT,LONG,0,0.5555,0.5555,0.7,1.131,0.0,0.0,REJECTED_T1,Proba < Thresh (0.556 < 0.7),,,
2026-05-06T18:00:16.339497,BNBUSDT,SHORT,0,0.3988,0.3988,0.99,0.0,0.0,0.0,REJECTED_T1,Low PF (0.0),,,
2026-05-06T18:00:16.848264,XRPUSDT,LONG,0,0.418,0.418,0.7,1.131,0.0,0.0,REJECTED_T1,Proba < Thresh (0.418 < 0.7),,,
2026-05-06T18:00:16.848264,XRPUSDT,SHORT,0,0.3948,0.3948,0.99,0.0,0.0,0.0,REJECTED_T1,Low PF (0.0),,,
2026-05-06T18:00:17.558020,DOGEUSDT,LONG,0,0.3467,0.3467,0.7,1.131,0.0,0.0,REJECTED_T1,Proba < Thresh (0.347 < 0.7),,,
2026-05-06T18:00:17.558020,DOGEUSDT,SHORT,0,0.4009,0.4009,0.99,0.0,0.0,0.0,REJECTED_T1,Low PF (0.0),,,
2026-05-06T18:00:18.048525,AVAXUSDT,LONG,0,0.2143,0.2143,0.7,1.131,0.0,0.0,REJECTED_T1,Proba < Thresh (0.214 < 0.7),,,
2026-05-06T18:00:18.048525,AVAXUSDT,SHORT,0,0.4833,0.4833,0.99,0.0,0.0,0.0,REJECTED_T1,Low PF (0.0),,,
2026-05-06T18:00:18.529975,LINKUSDT,LONG,0,0.1363,0.1363,0.7,1.131,0.0,0.0,REJECTED_T1,Proba < Thresh (0.136 < 0.7),,,
2026-05-06T18:00:18.529975,LINKUSDT,SHORT,0,0.3891,0.3891,0.99,0.0,0.0,0.0,REJECTED_T1,Low PF (0.0),,,
2026-05-06T18:00:19.037543,NEARUSDT,LONG,0,0.0782,0.0782,0.7,1.131,0.0,0.0,REJECTED_T1,Proba < Thresh (0.078 < 0.7),,,
2026-05-06T18:00:19.037543,NEARUSDT,SHORT,0,0.3535,0.3535,0.99,0.0,0.0,0.0,REJECTED_T1,Low PF (0.0),,,
2026-05-06T18:00:19.755849,ADAUSDT,LONG,0,0.153,0.153,0.7,1.131,0.0,0.0,REJECTED_T1,Proba < Thresh (0.153 < 0.7),,,
2026-05-06T18:00:19.755849,ADAUSDT,SHORT,0,0.5459,0.5459,0.99,0.0,0.0,0.0,REJECTED_T1,Low PF (0.0),,,
2026-05-06T18:00:21.028040,BTCUSDT,LONG,0,0.2703,0.2703,0.7,1.131,0.0,0.0,REJECTED_T1,Proba < Thresh (0.270 < 0.7),,,
2026-05-06T18:00:21.029051,BTCUSDT,SHORT,0,0.7395,0.7395,0.99,0.0,0.0,0.0,REJECTED_T1,Low PF (0.0),,,
2026-05-06T18:00:21.525043,ETHUSDT,LONG,0,0.7302,0.7302,0.7,1.131,0.0,0.0,PASSED_T1,,,,
2026-05-06T18:00:21.525043,ETHUSDT,SHORT,0,0.4669,0.4669,0.99,0.0,0.0,0.0,REJECTED_T1,Low PF (0.0),,,
2026-05-06T18:00:22.032403,SOLUSDT,LONG,0,0.1833,0.1833,0.7,1.131,0.0,0.0,REJECTED_T1,Proba < Thresh (0.183 < 0.7),,,
2026-05-06T18:00:22.033403,SOLUSDT,SHORT,0,0.3101,0.3101,0.99,0.0,0.0,0.0,REJECTED_T1,Low PF (0.0),,,
2026-05-06T18:00:22.545757,BNBUSDT,LONG,0,0.5555,0.5555,0.7,1.131,0.0,0.0,REJECTED_T1,Proba < Thresh (0.556 < 0.7),,,
2026-05-06T18:00:22.545757,BNBUSDT,SHORT,0,0.3988,0.3988,0.99,0.0,0.0,0.0,REJECTED_T1,Low PF (0.0),,,
2026-05-06T18:00:23.040790,XRPUSDT,LONG,0,0.418,0.418,0.7,1.131,0.0,0.0,REJECTED_T1,Proba < Thresh (0.418 < 0.7),,,
2026-05-06T18:00:23.041790,XRPUSDT,SHORT,0,0.3948,0.3948,0.99,0.0,0.0,0.0,REJECTED_T1,Low PF (0.0),,,
2026-05-06T18:00:23.544993,DOGEUSDT,LONG,0,0.3467,0.3467,0.7,1.131,0.0,0.0,REJECTED_T1,Proba < Thresh (0.347 < 0.7),,,
2026-05-06T18:00:23.545993,DOGEUSDT,SHORT,0,0.4009,0.4009,0.99,0.0,0.0,0.0,REJECTED_T1,Low PF (0.0),,,
2026-05-06T18:00:24.091800,AVAXUSDT,LONG,0,0.2143,0.2143,0.7,1.131,0.0,0.0,REJECTED_T1,Proba < Thresh (0.214 < 0.7),,,
2026-05-06T18:00:24.091800,AVAXUSDT,SHORT,0,0.4783,0.4783,0.99,0.0,0.0,0.0,REJECTED_T1,Low PF (0.0),,,
2026-05-06T18:00:24.601349,LINKUSDT,LONG,0,0.1363,0.1363,0.7,1.131,0.0,0.0,REJECTED_T1,Proba < Thresh (0.136 < 0.7),,,
2026-05-06T18:00:24.601349,LINKUSDT,SHORT,0,0.3969,0.3969,0.99,0.0,0.0,0.0,REJECTED_T1,Low PF (0.0),,,
2026-05-06T18:00:25.108946,NEARUSDT,LONG,0,0.0813,0.0813,0.7,1.131,0.0,0.0,REJECTED_T1,Proba < Thresh (0.081 < 0.7),,,
2026-05-06T18:00:25.108946,NEARUSDT,SHORT,0,0.3633,0.3633,0.99,0.0,0.0,0.0,REJECTED_T1,Low PF (0.0),,,
2026-05-06T18:00:25.602382,ADAUSDT,LONG,0,0.153,0.153,0.7,1.131,0.0,0.0,REJECTED_T1,Proba < Thresh (0.153 < 0.7),,,
2026-05-06T18:00:25.602382,ADAUSDT,SHORT,0,0.5459,0.5459,0.99,0.0,0.0,0.0,REJECTED_T1,Low PF (0.0),,,
2026-05-06T18:00:26.703079,BTCUSDT,LONG,0,0.2703,0.2703,0.7,1.131,0.0,0.0,REJECTED_T1,Proba < Thresh (0.270 < 0.7),,,
2026-05-06T18:00:26.704080,BTCUSDT,SHORT,0,0.7321,0.7321,0.99,0.0,0.0,0.0,REJECTED_T1,Low PF (0.0),,,
2026-05-06T18:00:27.203905,ETHUSDT,LONG,0,0.7302,0.7302,0.7,1.131,0.0,0.0,PASSED_T1,,,,
2026-05-06T18:00:27.203905,ETHUSDT,SHORT,0,0.4635,0.4635,0.99,0.0,0.0,0.0,REJECTED_T1,Low PF (0.0),,,
2026-05-06T18:00:27.707060,SOLUSDT,LONG,0,0.1833,0.1833,0.7,1.131,0.0,0.0,REJECTED_T1,Proba < Thresh (0.183 < 0.7),,,
2026-05-06T18:00:27.707060,SOLUSDT,SHORT,0,0.3175,0.3175,0.99,0.0,0.0,0.0,REJECTED_T1,Low PF (0.0),,,
2026-05-06T18:00:28.428351,BNBUSDT,LONG,0,0.5555,0.5555,0.7,1.131,0.0,0.0,REJECTED_T1,Proba < Thresh (0.556 < 0.7),,,
2026-05-06T18:00:28.428351,BNBUSDT,SHORT,0,0.3988,0.3988,0.99,0.0,0.0,0.0,REJECTED_T1,Low PF (0.0),,,
2026-05-06T18:00:28.925895,XRPUSDT,LONG,0,0.418,0.418,0.7,1.131,0.0,0.0,REJECTED_T1,Proba < Thresh (0.418 < 0.7),,,
2026-05-06T18:00:28.925895,XRPUSDT,SHORT,0,0.3948,0.3948,0.99,0.0,0.0,0.0,REJECTED_T1,Low PF (0.0),,,
2026-05-06T18:00:29.431259,DOGEUSDT,LONG,0,0.3467,0.3467,0.7,1.131,0.0,0.0,REJECTED_T1,Proba < Thresh (0.347 < 0.7),,,
2026-05-06T18:00:29.431259,DOGEUSDT,SHORT,0,0.3932,0.3932,0.99,0.0,0.0,0.0,REJECTED_T1,Low PF (0.0),,,
2026-05-06T18:00:29.937501,AVAXUSDT,LONG,0,0.2143,0.2143,0.7,1.131,0.0,0.0,REJECTED_T1,Proba < Thresh (0.214 < 0.7),,,
2026-05-06T18:00:29.937501,AVAXUSDT,SHORT,0,0.4783,0.4783,0.99,0.0,0.0,0.0,REJECTED_T1,Low PF (0.0),,,
2026-05-06T18:00:30.459217,LINKUSDT,LONG,0,0.1363,0.1363,0.7,1.131,0.0,0.0,REJECTED_T1,Proba < Thresh (0.136 < 0.7),,,
2026-05-06T18:00:30.460212,LINKUSDT,SHORT,0,0.3969,0.3969,0.99,0.0,0.0,0.0,REJECTED_T1,Low PF (0.0),,,
2026-05-06T18:00:30.961479,NEARUSDT,LONG,0,0.0782,0.0782,0.7,1.131,0.0,0.0,REJECTED_T1,Proba < Thresh (0.078 < 0.7),,,
2026-05-06T18:00:30.962465,NEARUSDT,SHORT,0,0.3601,0.3601,0.99,0.0,0.0,0.0,REJECTED_T1,Low PF (0.0),,,
2026-05-06T18:00:31.462397,ADAUSDT,LONG,0,0.153,0.153,0.7,1.131,0.0,0.0,REJECTED_T1,Proba < Thresh (0.153 < 0.7),,,
2026-05-06T18:00:31.462397,ADAUSDT,SHORT,0,0.5459,0.5459,0.99,0.0,0.0,0.0,REJECTED_T1,Low PF (0.0),,,
2026-05-06T18:00:32.827534,BTCUSDT,LONG,0,0.2703,0.2703,0.7,1.131,0.0,0.0,REJECTED_T1,Proba < Thresh (0.270 < 0.7),,,
2026-05-06T18:00:32.828312,BTCUSDT,SHORT,0,0.7395,0.7395,0.99,0.0,0.0,0.0,REJECTED_T1,Low PF (0.0),,,
2026-05-06T18:00:33.335010,ETHUSDT,LONG,0,0.7302,0.7302,0.7,1.131,0.0,0.0,PASSED_T1,,,,
2026-05-06T18:00:33.335010,ETHUSDT,SHORT,0,0.4635,0.4635,0.99,0.0,0.0,0.0,REJECTED_T1,Low PF (0.0),,,
2026-05-06T18:00:33.829970,SOLUSDT,LONG,0,0.1823,0.1823,0.7,1.131,0.0,0.0,REJECTED_T1,Proba < Thresh (0.182 < 0.7),,,
2026-05-06T18:00:33.830990,SOLUSDT,SHORT,0,0.3259,0.3259,0.99,0.0,0.0,0.0,REJECTED_T1,Low PF (0.0),,,
2026-05-06T18:00:34.745185,BNBUSDT,LONG,0,0.5495,0.5495,0.7,1.131,0.0,0.0,REJECTED_T1,Proba < Thresh (0.550 < 0.7),,,
2026-05-06T18:00:34.745185,BNBUSDT,SHORT,0,0.3955,0.3955,0.99,0.0,0.0,0.0,REJECTED_T1,Low PF (0.0),,,
2026-05-06T18:00:35.261947,XRPUSDT,LONG,0,0.418,0.418,0.7,1.131,0.0,0.0,REJECTED_T1,Proba < Thresh (0.418 < 0.7),,,
2026-05-06T18:00:35.262948,XRPUSDT,SHORT,0,0.3937,0.3937,0.99,0.0,0.0,0.0,REJECTED_T1,Low PF (0.0),,,
2026-05-06T18:00:35.932640,DOGEUSDT,LONG,0,0.3467,0.3467,0.7,1.131,0.0,0.0,REJECTED_T1,Proba < Thresh (0.347 < 0.7),,,
2026-05-06T18:00:35.933640,DOGEUSDT,SHORT,0,0.3932,0.3932,0.99,0.0,0.0,0.0,REJECTED_T1,Low PF (0.0),,,
2026-05-06T18:00:36.735418,AVAXUSDT,LONG,0,0.2143,0.2143,0.7,1.131,0.0,0.0,REJECTED_T1,Proba < Thresh (0.214 < 0.7),,,
2026-05-06T18:00:36.735418,AVAXUSDT,SHORT,0,0.4833,0.4833,0.99,0.0,0.0,0.0,REJECTED_T1,Low PF (0.0),,,
2026-05-06T18:00:37.250833,LINKUSDT,LONG,0,0.1363,0.1363,0.7,1.131,0.0,0.0,REJECTED_T1,Proba < Thresh (0.136 < 0.7),,,
2026-05-06T18:00:37.250833,LINKUSDT,SHORT,0,0.3969,0.3969,0.99,0.0,0.0,0.0,REJECTED_T1,Low PF (0.0),,,
2026-05-06T18:00:37.766888,NEARUSDT,LONG,0,0.0813,0.0813,0.7,1.131,0.0,0.0,REJECTED_T1,Proba < Thresh (0.081 < 0.7),,,
2026-05-06T18:00:37.767920,NEARUSDT,SHORT,0,0.3601,0.3601,0.99,0.0,0.0,0.0,REJECTED_T1,Low PF (0.0),,,
2026-05-06T18:00:38.254268,ADAUSDT,LONG,0,0.153,0.153,0.7,1.131,0.0,0.0,REJECTED_T1,Proba < Thresh (0.153 < 0.7),,,
2026-05-06T18:00:38.255275,ADAUSDT,SHORT,0,0.5459,0.5459,0.99,0.0,0.0,0.0,REJECTED_T1,Low PF (0.0),,,
2026-05-06T18:00:39.698090,BTCUSDT,LONG,0,0.2703,0.2703,0.7,1.131,0.0,0.0,REJECTED_T1,Proba < Thresh (0.270 < 0.7),,,
2026-05-06T18:00:39.699090,BTCUSDT,SHORT,0,0.7395,0.7395,0.99,0.0,0.0,0.0,REJECTED_T1,Low PF (0.0),,,
2026-05-06T18:00:40.466167,ETHUSDT,LONG,0,0.7302,0.7302,0.7,1.131,0.0,0.0,PASSED_T1,,,,
2026-05-06T18:00:40.466167,ETHUSDT,SHORT,0,0.4635,0.4635,0.99,0.0,0.0,0.0,REJECTED_T1,Low PF (0.0),,,
2026-05-06T18:00:41.255196,SOLUSDT,LONG,0,0.1823,0.1823,0.7,1.131,0.0,0.0,REJECTED_T1,Proba < Thresh (0.182 < 0.7),,,
2026-05-06T18:00:41.255196,SOLUSDT,SHORT,0,0.3259,0.3259,0.99,0.0,0.0,0.0,REJECTED_T1,Low PF (0.0),,,
2026-05-06T18:00:42.223250,BNBUSDT,LONG,0,0.5495,0.5495,0.7,1.131,0.0,0.0,REJECTED_T1,Proba < Thresh (0.550 < 0.7),,,
2026-05-06T18:00:42.223250,BNBUSDT,SHORT,0,0.3955,0.3955,0.99,0.0,0.0,0.0,REJECTED_T1,Low PF (0.0),,,
2026-05-06T18:00:43.000412,XRPUSDT,LONG,0,0.418,0.418,0.7,1.131,0.0,0.0,REJECTED_T1,Proba < Thresh (0.418 < 0.7),,,
2026-05-06T18:00:43.001382,XRPUSDT,SHORT,0,0.3937,0.3937,0.99,0.0,0.0,0.0,REJECTED_T1,Low PF (0.0),,,
2026-05-06T18:00:43.764256,DOGEUSDT,LONG,0,0.3467,0.3467,0.7,1.131,0.0,0.0,REJECTED_T1,Proba < Thresh (0.347 < 0.7),,,
2026-05-06T18:00:43.765256,DOGEUSDT,SHORT,0,0.3932,0.3932,0.99,0.0,0.0,0.0,REJECTED_T1,Low PF (0.0),,,
2026-05-06T18:00:44.538054,AVAXUSDT,LONG,0,0.2143,0.2143,0.7,1.131,0.0,0.0,REJECTED_T1,Proba < Thresh (0.214 < 0.7),,,
2026-05-06T18:00:44.538054,AVAXUSDT,SHORT,0,0.4833,0.4833,0.99,0.0,0.0,0.0,REJECTED_T1,Low PF (0.0),,,
2026-05-06T18:00:45.322331,LINKUSDT,LONG,0,0.1363,0.1363,0.7,1.131,0.0,0.0,REJECTED_T1,Proba < Thresh (0.136 < 0.7),,,
2026-05-06T18:00:45.322331,LINKUSDT,SHORT,0,0.3969,0.3969,0.99,0.0,0.0,0.0,REJECTED_T1,Low PF (0.0),,,
2026-05-06T18:00:46.092286,NEARUSDT,LONG,0,0.0813,0.0813,0.7,1.131,0.0,0.0,REJECTED_T1,Proba < Thresh (0.081 < 0.7),,,
2026-05-06T18:00:46.093285,NEARUSDT,SHORT,0,0.3601,0.3601,0.99,0.0,0.0,0.0,REJECTED_T1,Low PF (0.0),,,
2026-05-06T18:00:46.882121,ADAUSDT,LONG,0,0.153,0.153,0.7,1.131,0.0,0.0,REJECTED_T1,Proba < Thresh (0.153 < 0.7),,,
2026-05-06T18:00:46.882121,ADAUSDT,SHORT,0,0.5459,0.5459,0.99,0.0,0.0,0.0,REJECTED_T1,Low PF (0.0),,,
2026-05-06T18:00:49.969510,BTCUSDT,LONG,0,0.2703,0.2703,0.7,1.131,0.0,0.0,REJECTED_T1,Proba < Thresh (0.270 < 0.7),,,
2026-05-06T18:00:49.969510,BTCUSDT,SHORT,0,0.7395,0.7395,0.99,0.0,0.0,0.0,REJECTED_T1,Low PF (0.0),,,
2026-05-06T18:00:50.480715,ETHUSDT,LONG,0,0.7302,0.7302,0.7,1.131,0.0,0.0,PASSED_T1,,,,
2026-05-06T18:00:50.480715,ETHUSDT,SHORT,0,0.4635,0.4635,0.99,0.0,0.0,0.0,REJECTED_T1,Low PF (0.0),,,
2026-05-06T18:00:51.008160,SOLUSDT,LONG,0,0.1797,0.1797,0.7,1.131,0.0,0.0,REJECTED_T1,Proba < Thresh (0.180 < 0.7),,,
2026-05-06T18:00:51.008160,SOLUSDT,SHORT,0,0.3259,0.3259,0.99,0.0,0.0,0.0,REJECTED_T1,Low PF (0.0),,,
2026-05-06T18:00:51.502602,BNBUSDT,LONG,0,0.5495,0.5495,0.7,1.131,0.0,0.0,REJECTED_T1,Proba < Thresh (0.550 < 0.7),,,
2026-05-06T18:00:51.503602,BNBUSDT,SHORT,0,0.3884,0.3884,0.99,0.0,0.0,0.0,REJECTED_T1,Low PF (0.0),,,
2026-05-06T18:00:52.000840,XRPUSDT,LONG,0,0.418,0.418,0.7,1.131,0.0,0.0,REJECTED_T1,Proba < Thresh (0.418 < 0.7),,,
2026-05-06T18:00:52.001840,XRPUSDT,SHORT,0,0.3937,0.3937,0.99,0.0,0.0,0.0,REJECTED_T1,Low PF (0.0),,,
2026-05-06T18:00:52.515090,DOGEUSDT,LONG,0,0.3467,0.3467,0.7,1.131,0.0,0.0,REJECTED_T1,Proba < Thresh (0.347 < 0.7),,,
2026-05-06T18:00:52.515090,DOGEUSDT,SHORT,0,0.4011,0.4011,0.99,0.0,0.0,0.0,REJECTED_T1,Low PF (0.0),,,
2026-05-06T18:00:53.023137,AVAXUSDT,LONG,0,0.2143,0.2143,0.7,1.131,0.0,0.0,REJECTED_T1,Proba < Thresh (0.214 < 0.7),,,
2026-05-06T18:00:53.024138,AVAXUSDT,SHORT,0,0.4783,0.4783,0.99,0.0,0.0,0.0,REJECTED_T1,Low PF (0.0),,,
2026-05-06T18:00:53.507310,LINKUSDT,LONG,0,0.1363,0.1363,0.7,1.131,0.0,0.0,REJECTED_T1,Proba < Thresh (0.136 < 0.7),,,
2026-05-06T18:00:53.507310,LINKUSDT,SHORT,0,0.3969,0.3969,0.99,0.0,0.0,0.0,REJECTED_T1,Low PF (0.0),,,
2026-05-06T18:00:53.994688,NEARUSDT,LONG,0,0.0893,0.0893,0.7,1.131,0.0,0.0,REJECTED_T1,Proba < Thresh (0.089 < 0.7),,,
2026-05-06T18:00:53.994688,NEARUSDT,SHORT,0,0.3633,0.3633,0.99,0.0,0.0,0.0,REJECTED_T1,Low PF (0.0),,,
2026-05-06T18:00:54.692095,ADAUSDT,LONG,0,0.153,0.153,0.7,1.131,0.0,0.0,REJECTED_T1,Proba < Thresh (0.153 < 0.7),,,
2026-05-06T18:00:54.692095,ADAUSDT,SHORT,0,0.5459,0.5459,0.99,0.0,0.0,0.0,REJECTED_T1,Low PF (0.0),,,
2026-05-06T18:00:55.757462,BTCUSDT,LONG,0,0.2703,0.2703,0.7,1.131,0.0,0.0,REJECTED_T1,Proba < Thresh (0.270 < 0.7),,,
2026-05-06T18:00:55.757462,BTCUSDT,SHORT,0,0.7354,0.7354,0.99,0.0,0.0,0.0,REJECTED_T1,Low PF (0.0),,,
2026-05-06T18:00:56.250509,ETHUSDT,LONG,0,0.7302,0.7302,0.7,1.131,0.0,0.0,PASSED_T1,,,,
2026-05-06T18:00:56.250509,ETHUSDT,SHORT,0,0.4635,0.4635,0.99,0.0,0.0,0.0,REJECTED_T1,Low PF (0.0),,,
2026-05-06T18:00:56.732169,SOLUSDT,LONG,0,0.1796,0.1796,0.7,1.131,0.0,0.0,REJECTED_T1,Proba < Thresh (0.180 < 0.7),,,
2026-05-06T18:00:56.732169,SOLUSDT,SHORT,0,0.3237,0.3237,0.99,0.0,0.0,0.0,REJECTED_T1,Low PF (0.0),,,
2026-05-06T18:00:57.226577,BNBUSDT,LONG,0,0.5495,0.5495,0.7,1.131,0.0,0.0,REJECTED_T1,Proba < Thresh (0.550 < 0.7),,,
2026-05-06T18:00:57.226577,BNBUSDT,SHORT,0,0.3884,0.3884,0.99,0.0,0.0,0.0,REJECTED_T1,Low PF (0.0),,,
2026-05-06T18:00:57.721793,XRPUSDT,LONG,0,0.4137,0.4137,0.7,1.131,0.0,0.0,REJECTED_T1,Proba < Thresh (0.414 < 0.7),,,
2026-05-06T18:00:57.721793,XRPUSDT,SHORT,0,0.3937,0.3937,0.99,0.0,0.0,0.0,REJECTED_T1,Low PF (0.0),,,
2026-05-06T18:00:58.209198,DOGEUSDT,LONG,0,0.3467,0.3467,0.7,1.131,0.0,0.0,REJECTED_T1,Proba < Thresh (0.347 < 0.7),,,
2026-05-06T18:00:58.209198,DOGEUSDT,SHORT,0,0.393,0.393,0.99,0.0,0.0,0.0,REJECTED_T1,Low PF (0.0),,,
2026-05-06T18:00:58.720689,AVAXUSDT,LONG,0,0.2143,0.2143,0.7,1.131,0.0,0.0,REJECTED_T1,Proba < Thresh (0.214 < 0.7),,,
2026-05-06T18:00:58.720689,AVAXUSDT,SHORT,0,0.4783,0.4783,0.99,0.0,0.0,0.0,REJECTED_T1,Low PF (0.0),,,
2026-05-06T18:00:59.398936,LINKUSDT,LONG,0,0.1363,0.1363,0.7,1.131,0.0,0.0,REJECTED_T1,Proba < Thresh (0.136 < 0.7),,,
2026-05-06T18:00:59.398936,LINKUSDT,SHORT,0,0.3969,0.3969,0.99,0.0,0.0,0.0,REJECTED_T1,Low PF (0.0),,,
2026-05-06T18:00:59.902952,NEARUSDT,LONG,0,0.0893,0.0893,0.7,1.131,0.0,0.0,REJECTED_T1,Proba < Thresh (0.089 < 0.7),,,
2026-05-06T18:00:59.902952,NEARUSDT,SHORT,0,0.3535,0.3535,0.99,0.0,0.0,0.0,REJECTED_T1,Low PF (0.0),,,
2026-05-06T18:01:00.410494,ADAUSDT,LONG,0,0.153,0.153,0.7,1.131,0.0,0.0,REJECTED_T1,Proba < Thresh (0.153 < 0.7),,,
2026-05-06T18:01:00.410494,ADAUSDT,SHORT,0,0.5459,0.5459,0.99,0.0,0.0,0.0,REJECTED_T1,Low PF (0.0),,,
2026-05-06T19:00:04.687588,BTCUSDT,LONG,0,0.2491,0.2491,0.7,1.131,0.0,0.0,REJECTED_T1,Proba < Thresh (0.249 < 0.7),,,
2026-05-06T19:00:04.688557,BTCUSDT,SHORT,0,0.7256,0.7256,0.99,0.0,0.0,0.0,REJECTED_T1,Low PF (0.0),,,
2026-05-06T19:00:05.993788,ETHUSDT,LONG,0,0.7034,0.7034,0.7,1.131,0.0,0.0,PASSED_T1,,,,
2026-05-06T19:00:05.993788,ETHUSDT,SHORT,0,0.4156,0.4156,0.99,0.0,0.0,0.0,REJECTED_T1,Low PF (0.0),,,
2026-05-06T19:00:06.871444,SOLUSDT,LONG,0,0.1545,0.1545,0.7,1.131,0.0,0.0,REJECTED_T1,Proba < Thresh (0.155 < 0.7),,,
2026-05-06T19:00:06.872442,SOLUSDT,SHORT,0,0.3298,0.3298,0.99,0.0,0.0,0.0,REJECTED_T1,Low PF (0.0),,,
2026-05-06T19:00:07.936592,BNBUSDT,LONG,0,0.4731,0.4731,0.7,1.131,0.0,0.0,REJECTED_T1,Proba < Thresh (0.473 < 0.7),,,
2026-05-06T19:00:07.937587,BNBUSDT,SHORT,0,0.4098,0.4098,0.99,0.0,0.0,0.0,REJECTED_T1,Low PF (0.0),,,
2026-05-06T19:00:08.721605,XRPUSDT,LONG,0,0.5102,0.5102,0.7,1.131,0.0,0.0,REJECTED_T1,Proba < Thresh (0.510 < 0.7),,,
2026-05-06T19:00:08.721605,XRPUSDT,SHORT,0,0.2847,0.2847,0.99,0.0,0.0,0.0,REJECTED_T1,Low PF (0.0),,,
2026-05-06T19:00:09.510827,DOGEUSDT,LONG,0,0.4298,0.4298,0.7,1.131,0.0,0.0,REJECTED_T1,Proba < Thresh (0.430 < 0.7),,,
2026-05-06T19:00:09.510827,DOGEUSDT,SHORT,0,0.4039,0.4039,0.99,0.0,0.0,0.0,REJECTED_T1,Low PF (0.0),,,
2026-05-06T19:00:10.300391,AVAXUSDT,LONG,0,0.2284,0.2284,0.7,1.131,0.0,0.0,REJECTED_T1,Proba < Thresh (0.228 < 0.7),,,
2026-05-06T19:00:10.300391,AVAXUSDT,SHORT,0,0.4204,0.4204,0.99,0.0,0.0,0.0,REJECTED_T1,Low PF (0.0),,,
2026-05-06T19:00:11.097782,LINKUSDT,LONG,0,0.1255,0.1255,0.7,1.131,0.0,0.0,REJECTED_T1,Proba < Thresh (0.126 < 0.7),,,
2026-05-06T19:00:11.098760,LINKUSDT,SHORT,0,0.3844,0.3844,0.99,0.0,0.0,0.0,REJECTED_T1,Low PF (0.0),,,
2026-05-06T19:00:11.980180,NEARUSDT,LONG,0,0.0897,0.0897,0.7,1.131,0.0,0.0,REJECTED_T1,Proba < Thresh (0.090 < 0.7),,,
2026-05-06T19:00:11.982188,NEARUSDT,SHORT,0,0.457,0.457,0.99,0.0,0.0,0.0,REJECTED_T1,Low PF (0.0),,,
2026-05-06T19:00:13.121792,ADAUSDT,LONG,0,0.0961,0.0961,0.7,1.131,0.0,0.0,REJECTED_T1,Proba < Thresh (0.096 < 0.7),,,
2026-05-06T19:00:13.122791,ADAUSDT,SHORT,0,0.4543,0.4543,0.99,0.0,0.0,0.0,REJECTED_T1,Low PF (0.0),,,
2026-05-06T19:00:13.615878,BTCUSDT,LONG,0,0.2636,0.2636,0.7,1.131,0.0,0.0,REJECTED_T1,Proba < Thresh (0.264 < 0.7),,,
2026-05-06T19:00:13.615878,BTCUSDT,SHORT,0,0.7141,0.7141,0.99,0.0,0.0,0.0,REJECTED_T1,Low PF (0.0),,,
2026-05-06T19:00:14.149958,ETHUSDT,LONG,0,0.7034,0.7034,0.7,1.131,0.0,0.0,PASSED_T1,,,,
2026-05-06T19:00:14.150956,ETHUSDT,SHORT,0,0.4156,0.4156,0.99,0.0,0.0,0.0,REJECTED_T1,Low PF (0.0),,,
2026-05-06T19:00:14.663918,SOLUSDT,LONG,0,0.1545,0.1545,0.7,1.131,0.0,0.0,REJECTED_T1,Proba < Thresh (0.155 < 0.7),,,
2026-05-06T19:00:14.664917,SOLUSDT,SHORT,0,0.3284,0.3284,0.99,0.0,0.0,0.0,REJECTED_T1,Low PF (0.0),,,
2026-05-06T19:00:15.182079,BNBUSDT,LONG,0,0.4671,0.4671,0.7,1.131,0.0,0.0,REJECTED_T1,Proba < Thresh (0.467 < 0.7),,,
2026-05-06T19:00:15.183080,BNBUSDT,SHORT,0,0.4053,0.4053,0.99,0.0,0.0,0.0,REJECTED_T1,Low PF (0.0),,,
2026-05-06T19:00:15.674978,XRPUSDT,LONG,0,0.5102,0.5102,0.7,1.131,0.0,0.0,REJECTED_T1,Proba < Thresh (0.510 < 0.7),,,
2026-05-06T19:00:15.675980,XRPUSDT,SHORT,0,0.2847,0.2847,0.99,0.0,0.0,0.0,REJECTED_T1,Low PF (0.0),,,
2026-05-06T19:00:16.195120,DOGEUSDT,LONG,0,0.4298,0.4298,0.7,1.131,0.0,0.0,REJECTED_T1,Proba < Thresh (0.430 < 0.7),,,
2026-05-06T19:00:16.195120,DOGEUSDT,SHORT,0,0.4039,0.4039,0.99,0.0,0.0,0.0,REJECTED_T1,Low PF (0.0),,,
2026-05-06T19:00:16.709554,AVAXUSDT,LONG,0,0.2278,0.2278,0.7,1.131,0.0,0.0,REJECTED_T1,Proba < Thresh (0.228 < 0.7),,,
2026-05-06T19:00:16.709554,AVAXUSDT,SHORT,0,0.4204,0.4204,0.99,0.0,0.0,0.0,REJECTED_T1,Low PF (0.0),,,
2026-05-06T19:00:17.201411,LINKUSDT,LONG,0,0.1255,0.1255,0.7,1.131,0.0,0.0,REJECTED_T1,Proba < Thresh (0.126 < 0.7),,,
2026-05-06T19:00:17.202412,LINKUSDT,SHORT,0,0.3925,0.3925,0.99,0.0,0.0,0.0,REJECTED_T1,Low PF (0.0),,,
2026-05-06T19:00:17.726744,NEARUSDT,LONG,0,0.0897,0.0897,0.7,1.131,0.0,0.0,REJECTED_T1,Proba < Thresh (0.090 < 0.7),,,
2026-05-06T19:00:17.726744,NEARUSDT,SHORT,0,0.457,0.457,0.99,0.0,0.0,0.0,REJECTED_T1,Low PF (0.0),,,
2026-05-06T19:00:18.225869,ADAUSDT,LONG,0,0.0961,0.0961,0.7,1.131,0.0,0.0,REJECTED_T1,Proba < Thresh (0.096 < 0.7),,,
2026-05-06T19:00:18.225869,ADAUSDT,SHORT,0,0.4543,0.4543,0.99,0.0,0.0,0.0,REJECTED_T1,Low PF (0.0),,,
2026-05-06T19:00:18.776655,BTCUSDT,LONG,0,0.2636,0.2636,0.7,1.131,0.0,0.0,REJECTED_T1,Proba < Thresh (0.264 < 0.7),,,
2026-05-06T19:00:18.776655,BTCUSDT,SHORT,0,0.7203,0.7203,0.99,0.0,0.0,0.0,REJECTED_T1,Low PF (0.0),,,
2026-05-06T19:00:19.292761,ETHUSDT,LONG,0,0.7034,0.7034,0.7,1.131,0.0,0.0,PASSED_T1,,,,
2026-05-06T19:00:19.292761,ETHUSDT,SHORT,0,0.4116,0.4116,0.99,0.0,0.0,0.0,REJECTED_T1,Low PF (0.0),,,
2026-05-06T19:00:19.803147,SOLUSDT,LONG,0,0.1545,0.1545,0.7,1.131,0.0,0.0,REJECTED_T1,Proba < Thresh (0.155 < 0.7),,,
2026-05-06T19:00:19.803147,SOLUSDT,SHORT,0,0.3284,0.3284,0.99,0.0,0.0,0.0,REJECTED_T1,Low PF (0.0),,,
2026-05-06T19:00:20.301636,BNBUSDT,LONG,0,0.4671,0.4671,0.7,1.131,0.0,0.0,REJECTED_T1,Proba < Thresh (0.467 < 0.7),,,
2026-05-06T19:00:20.301636,BNBUSDT,SHORT,0,0.4053,0.4053,0.99,0.0,0.0,0.0,REJECTED_T1,Low PF (0.0),,,
2026-05-06T19:00:20.814352,XRPUSDT,LONG,0,0.5102,0.5102,0.7,1.131,0.0,0.0,REJECTED_T1,Proba < Thresh (0.510 < 0.7),,,
2026-05-06T19:00:20.815351,XRPUSDT,SHORT,0,0.2847,0.2847,0.99,0.0,0.0,0.0,REJECTED_T1,Low PF (0.0),,,
2026-05-06T19:00:21.344264,DOGEUSDT,LONG,0,0.4298,0.4298,0.7,1.131,0.0,0.0,REJECTED_T1,Proba < Thresh (0.430 < 0.7),,,
2026-05-06T19:00:21.344264,DOGEUSDT,SHORT,0,0.4039,0.4039,0.99,0.0,0.0,0.0,REJECTED_T1,Low PF (0.0),,,
2026-05-06T19:00:21.853446,AVAXUSDT,LONG,0,0.2278,0.2278,0.7,1.131,0.0,0.0,REJECTED_T1,Proba < Thresh (0.228 < 0.7),,,
2026-05-06T19:00:21.853446,AVAXUSDT,SHORT,0,0.4204,0.4204,0.99,0.0,0.0,0.0,REJECTED_T1,Low PF (0.0),,,
2026-05-06T19:00:22.367018,LINKUSDT,LONG,0,0.1288,0.1288,0.7,1.131,0.0,0.0,REJECTED_T1,Proba < Thresh (0.129 < 0.7),,,
2026-05-06T19:00:22.367018,LINKUSDT,SHORT,0,0.3925,0.3925,0.99,0.0,0.0,0.0,REJECTED_T1,Low PF (0.0),,,
2026-05-06T19:00:22.898208,NEARUSDT,LONG,0,0.0897,0.0897,0.7,1.131,0.0,0.0,REJECTED_T1,Proba < Thresh (0.090 < 0.7),,,
2026-05-06T19:00:22.898208,NEARUSDT,SHORT,0,0.457,0.457,0.99,0.0,0.0,0.0,REJECTED_T1,Low PF (0.0),,,
2026-05-06T19:00:23.399056,ADAUSDT,LONG,0,0.0961,0.0961,0.7,1.131,0.0,0.0,REJECTED_T1,Proba < Thresh (0.096 < 0.7),,,
2026-05-06T19:00:23.399056,ADAUSDT,SHORT,0,0.4543,0.4543,0.99,0.0,0.0,0.0,REJECTED_T1,Low PF (0.0),,,
2026-05-06T19:00:23.911487,BTCUSDT,LONG,0,0.2636,0.2636,0.7,1.131,0.0,0.0,REJECTED_T1,Proba < Thresh (0.264 < 0.7),,,
2026-05-06T19:00:23.911487,BTCUSDT,SHORT,0,0.7203,0.7203,0.99,0.0,0.0,0.0,REJECTED_T1,Low PF (0.0),,,
2026-05-06T19:00:24.423583,ETHUSDT,LONG,0,0.7034,0.7034,0.7,1.131,0.0,0.0,PASSED_T1,,,,
2026-05-06T19:00:24.423583,ETHUSDT,SHORT,0,0.4156,0.4156,0.99,0.0,0.0,0.0,REJECTED_T1,Low PF (0.0),,,
2026-05-06T19:00:24.959222,SOLUSDT,LONG,0,0.1545,0.1545,0.7,1.131,0.0,0.0,REJECTED_T1,Proba < Thresh (0.155 < 0.7),,,
2026-05-06T19:00:24.959222,SOLUSDT,SHORT,0,0.3284,0.3284,0.99,0.0,0.0,0.0,REJECTED_T1,Low PF (0.0),,,
2026-05-06T19:00:25.503170,BNBUSDT,LONG,0,0.4624,0.4624,0.7,1.131,0.0,0.0,REJECTED_T1,Proba < Thresh (0.462 < 0.7),,,
2026-05-06T19:00:25.503170,BNBUSDT,SHORT,0,0.4086,0.4086,0.99,0.0,0.0,0.0,REJECTED_T1,Low PF (0.0),,,
2026-05-06T19:00:26.107568,XRPUSDT,LONG,0,0.5067,0.5067,0.7,1.131,0.0,0.0,REJECTED_T1,Proba < Thresh (0.507 < 0.7),,,
2026-05-06T19:00:26.108548,XRPUSDT,SHORT,0,0.2934,0.2934,0.99,0.0,0.0,0.0,REJECTED_T1,Low PF (0.0),,,
2026-05-06T19:00:26.633179,DOGEUSDT,LONG,0,0.4188,0.4188,0.7,1.131,0.0,0.0,REJECTED_T1,Proba < Thresh (0.419 < 0.7),,,
2026-05-06T19:00:26.634178,DOGEUSDT,SHORT,0,0.4039,0.4039,0.99,0.0,0.0,0.0,REJECTED_T1,Low PF (0.0),,,
2026-05-06T19:00:27.288706,AVAXUSDT,LONG,0,0.2278,0.2278,0.7,1.131,0.0,0.0,REJECTED_T1,Proba < Thresh (0.228 < 0.7),,,
2026-05-06T19:00:27.288706,AVAXUSDT,SHORT,0,0.4215,0.4215,0.99,0.0,0.0,0.0,REJECTED_T1,Low PF (0.0),,,
2026-05-06T19:00:27.791847,LINKUSDT,LONG,0,0.1288,0.1288,0.7,1.131,0.0,0.0,REJECTED_T1,Proba < Thresh (0.129 < 0.7),,,
2026-05-06T19:00:27.792841,LINKUSDT,SHORT,0,0.3925,0.3925,0.99,0.0,0.0,0.0,REJECTED_T1,Low PF (0.0),,,
2026-05-06T19:00:28.603643,NEARUSDT,LONG,0,0.0909,0.0909,0.7,1.131,0.0,0.0,REJECTED_T1,Proba < Thresh (0.091 < 0.7),,,
2026-05-06T19:00:28.603643,NEARUSDT,SHORT,0,0.4523,0.4523,0.99,0.0,0.0,0.0,REJECTED_T1,Low PF (0.0),,,
2026-05-06T19:00:29.138403,ADAUSDT,LONG,0,0.1013,0.1013,0.7,1.131,0.0,0.0,REJECTED_T1,Proba < Thresh (0.101 < 0.7),,,
2026-05-06T19:00:29.138403,ADAUSDT,SHORT,0,0.4513,0.4513,0.99,0.0,0.0,0.0,REJECTED_T1,Low PF (0.0),,,
2026-05-06T19:00:29.959844,BTCUSDT,LONG,0,0.2636,0.2636,0.7,1.131,0.0,0.0,REJECTED_T1,Proba < Thresh (0.264 < 0.7),,,
2026-05-06T19:00:29.959844,BTCUSDT,SHORT,0,0.7203,0.7203,0.99,0.0,0.0,0.0,REJECTED_T1,Low PF (0.0),,,
2026-05-06T19:00:30.658945,ETHUSDT,LONG,0,0.7034,0.7034,0.7,1.131,0.0,0.0,PASSED_T1,,,,
2026-05-06T19:00:30.658945,ETHUSDT,SHORT,0,0.4116,0.4116,0.99,0.0,0.0,0.0,REJECTED_T1,Low PF (0.0),,,
2026-05-06T19:00:31.169303,SOLUSDT,LONG,0,0.1545,0.1545,0.7,1.131,0.0,0.0,REJECTED_T1,Proba < Thresh (0.155 < 0.7),,,
2026-05-06T19:00:31.169303,SOLUSDT,SHORT,0,0.3298,0.3298,0.99,0.0,0.0,0.0,REJECTED_T1,Low PF (0.0),,,
2026-05-06T19:00:31.694479,BNBUSDT,LONG,0,0.4624,0.4624,0.7,1.131,0.0,0.0,REJECTED_T1,Proba < Thresh (0.462 < 0.7),,,
2026-05-06T19:00:31.695464,BNBUSDT,SHORT,0,0.4086,0.4086,0.99,0.0,0.0,0.0,REJECTED_T1,Low PF (0.0),,,
2026-05-06T19:00:32.207974,XRPUSDT,LONG,0,0.5067,0.5067,0.7,1.131,0.0,0.0,REJECTED_T1,Proba < Thresh (0.507 < 0.7),,,
2026-05-06T19:00:32.208973,XRPUSDT,SHORT,0,0.2908,0.2908,0.99,0.0,0.0,0.0,REJECTED_T1,Low PF (0.0),,,
2026-05-06T19:00:32.707316,DOGEUSDT,LONG,0,0.4188,0.4188,0.7,1.131,0.0,0.0,REJECTED_T1,Proba < Thresh (0.419 < 0.7),,,
2026-05-06T19:00:32.707316,DOGEUSDT,SHORT,0,0.3907,0.3907,0.99,0.0,0.0,0.0,REJECTED_T1,Low PF (0.0),,,
2026-05-06T19:00:33.221114,AVAXUSDT,LONG,0,0.2278,0.2278,0.7,1.131,0.0,0.0,REJECTED_T1,Proba < Thresh (0.228 < 0.7),,,
2026-05-06T19:00:33.222099,AVAXUSDT,SHORT,0,0.423,0.423,0.99,0.0,0.0,0.0,REJECTED_T1,Low PF (0.0),,,
2026-05-06T19:00:33.719956,LINKUSDT,LONG,0,0.1288,0.1288,0.7,1.131,0.0,0.0,REJECTED_T1,Proba < Thresh (0.129 < 0.7),,,
2026-05-06T19:00:33.719956,LINKUSDT,SHORT,0,0.3925,0.3925,0.99,0.0,0.0,0.0,REJECTED_T1,Low PF (0.0),,,
2026-05-06T19:00:34.248605,NEARUSDT,LONG,0,0.0897,0.0897,0.7,1.131,0.0,0.0,REJECTED_T1,Proba < Thresh (0.090 < 0.7),,,
2026-05-06T19:00:34.248605,NEARUSDT,SHORT,0,0.457,0.457,0.99,0.0,0.0,0.0,REJECTED_T1,Low PF (0.0),,,
2026-05-06T19:00:34.757977,ADAUSDT,LONG,0,0.0987,0.0987,0.7,1.131,0.0,0.0,REJECTED_T1,Proba < Thresh (0.099 < 0.7),,,
2026-05-06T19:00:34.758981,ADAUSDT,SHORT,0,0.4513,0.4513,0.99,0.0,0.0,0.0,REJECTED_T1,Low PF (0.0),,,
2026-05-06T19:00:35.583222,BTCUSDT,LONG,0,0.2636,0.2636,0.7,1.131,0.0,0.0,REJECTED_T1,Proba < Thresh (0.264 < 0.7),,,
2026-05-06T19:00:35.584237,BTCUSDT,SHORT,0,0.7203,0.7203,0.99,0.0,0.0,0.0,REJECTED_T1,Low PF (0.0),,,
2026-05-06T19:00:36.510895,ETHUSDT,LONG,0,0.7034,0.7034,0.7,1.131,0.0,0.0,PASSED_T1,,,,
2026-05-06T19:00:36.510895,ETHUSDT,SHORT,0,0.4156,0.4156,0.99,0.0,0.0,0.0,REJECTED_T1,Low PF (0.0),,,
2026-05-06T19:00:37.300380,SOLUSDT,LONG,0,0.1545,0.1545,0.7,1.131,0.0,0.0,REJECTED_T1,Proba < Thresh (0.155 < 0.7),,,
2026-05-06T19:00:37.301378,SOLUSDT,SHORT,0,0.3328,0.3328,0.99,0.0,0.0,0.0,REJECTED_T1,Low PF (0.0),,,
2026-05-06T19:00:38.102855,BNBUSDT,LONG,0,0.4684,0.4684,0.7,1.131,0.0,0.0,REJECTED_T1,Proba < Thresh (0.468 < 0.7),,,
2026-05-06T19:00:38.102855,BNBUSDT,SHORT,0,0.4098,0.4098,0.99,0.0,0.0,0.0,REJECTED_T1,Low PF (0.0),,,
2026-05-06T19:00:38.889898,XRPUSDT,LONG,0,0.5067,0.5067,0.7,1.131,0.0,0.0,REJECTED_T1,Proba < Thresh (0.507 < 0.7),,,
2026-05-06T19:00:38.889898,XRPUSDT,SHORT,0,0.2908,0.2908,0.99,0.0,0.0,0.0,REJECTED_T1,Low PF (0.0),,,
2026-05-06T19:00:39.681317,DOGEUSDT,LONG,0,0.4173,0.4173,0.7,1.131,0.0,0.0,REJECTED_T1,Proba < Thresh (0.417 < 0.7),,,
2026-05-06T19:00:39.681317,DOGEUSDT,SHORT,0,0.3907,0.3907,0.99,0.0,0.0,0.0,REJECTED_T1,Low PF (0.0),,,
2026-05-06T19:00:40.471039,AVAXUSDT,LONG,0,0.2278,0.2278,0.7,1.131,0.0,0.0,REJECTED_T1,Proba < Thresh (0.228 < 0.7),,,
2026-05-06T19:00:40.471039,AVAXUSDT,SHORT,0,0.4299,0.4299,0.99,0.0,0.0,0.0,REJECTED_T1,Low PF (0.0),,,
2026-05-06T19:00:41.281944,LINKUSDT,LONG,0,0.1288,0.1288,0.7,1.131,0.0,0.0,REJECTED_T1,Proba < Thresh (0.129 < 0.7),,,
2026-05-06T19:00:41.281944,LINKUSDT,SHORT,0,0.3992,0.3992,0.99,0.0,0.0,0.0,REJECTED_T1,Low PF (0.0),,,
2026-05-06T19:00:42.068231,NEARUSDT,LONG,0,0.0909,0.0909,0.7,1.131,0.0,0.0,REJECTED_T1,Proba < Thresh (0.091 < 0.7),,,
2026-05-06T19:00:42.069224,NEARUSDT,SHORT,0,0.4533,0.4533,0.99,0.0,0.0,0.0,REJECTED_T1,Low PF (0.0),,,
2026-05-06T19:00:42.589251,ADAUSDT,LONG,0,0.0987,0.0987,0.7,1.131,0.0,0.0,REJECTED_T1,Proba < Thresh (0.099 < 0.7),,,
2026-05-06T19:00:42.590252,ADAUSDT,SHORT,0,0.4513,0.4513,0.99,0.0,0.0,0.0,REJECTED_T1,Low PF (0.0),,,
2026-05-06T19:00:43.103280,BTCUSDT,LONG,0,0.2425,0.2425,0.7,1.131,0.0,0.0,REJECTED_T1,Proba < Thresh (0.243 < 0.7),,,
2026-05-06T19:00:43.103280,BTCUSDT,SHORT,0,0.7141,0.7141,0.99,0.0,0.0,0.0,REJECTED_T1,Low PF (0.0),,,
2026-05-06T19:00:43.619543,ETHUSDT,LONG,0,0.7034,0.7034,0.7,1.131,0.0,0.0,PASSED_T1,,,,
2026-05-06T19:00:43.619543,ETHUSDT,SHORT,0,0.4193,0.4193,0.99,0.0,0.0,0.0,REJECTED_T1,Low PF (0.0),,,
2026-05-06T19:00:44.117915,SOLUSDT,LONG,0,0.1545,0.1545,0.7,1.131,0.0,0.0,REJECTED_T1,Proba < Thresh (0.155 < 0.7),,,
2026-05-06T19:00:44.118925,SOLUSDT,SHORT,0,0.3328,0.3328,0.99,0.0,0.0,0.0,REJECTED_T1,Low PF (0.0),,,
2026-05-06T19:00:44.635581,BNBUSDT,LONG,0,0.4624,0.4624,0.7,1.131,0.0,0.0,REJECTED_T1,Proba < Thresh (0.462 < 0.7),,,
2026-05-06T19:00:44.636585,BNBUSDT,SHORT,0,0.4086,0.4086,0.99,0.0,0.0,0.0,REJECTED_T1,Low PF (0.0),,,
2026-05-06T19:00:45.173018,XRPUSDT,LONG,0,0.5067,0.5067,0.7,1.131,0.0,0.0,REJECTED_T1,Proba < Thresh (0.507 < 0.7),,,
2026-05-06T19:00:45.173018,XRPUSDT,SHORT,0,0.2934,0.2934,0.99,0.0,0.0,0.0,REJECTED_T1,Low PF (0.0),,,
2026-05-06T19:00:45.682296,DOGEUSDT,LONG,0,0.4173,0.4173,0.7,1.131,0.0,0.0,REJECTED_T1,Proba < Thresh (0.417 < 0.7),,,
2026-05-06T19:00:45.682296,DOGEUSDT,SHORT,0,0.3907,0.3907,0.99,0.0,0.0,0.0,REJECTED_T1,Low PF (0.0),,,
2026-05-06T19:00:46.199355,AVAXUSDT,LONG,0,0.2278,0.2278,0.7,1.131,0.0,0.0,REJECTED_T1,Proba < Thresh (0.228 < 0.7),,,
2026-05-06T19:00:46.199355,AVAXUSDT,SHORT,0,0.4245,0.4245,0.99,0.0,0.0,0.0,REJECTED_T1,Low PF (0.0),,,
2026-05-06T19:00:46.713347,LINKUSDT,LONG,0,0.1288,0.1288,0.7,1.131,0.0,0.0,REJECTED_T1,Proba < Thresh (0.129 < 0.7),,,
2026-05-06T19:00:46.714353,LINKUSDT,SHORT,0,0.3992,0.3992,0.99,0.0,0.0,0.0,REJECTED_T1,Low PF (0.0),,,
2026-05-06T19:00:47.215460,NEARUSDT,LONG,0,0.0909,0.0909,0.7,1.131,0.0,0.0,REJECTED_T1,Proba < Thresh (0.091 < 0.7),,,
2026-05-06T19:00:47.215460,NEARUSDT,SHORT,0,0.4533,0.4533,0.99,0.0,0.0,0.0,REJECTED_T1,Low PF (0.0),,,
2026-05-06T19:00:48.152117,ADAUSDT,LONG,0,0.0987,0.0987,0.7,1.131,0.0,0.0,REJECTED_T1,Proba < Thresh (0.099 < 0.7),,,
2026-05-06T19:00:48.152117,ADAUSDT,SHORT,0,0.4513,0.4513,0.99,0.0,0.0,0.0,REJECTED_T1,Low PF (0.0),,,
2026-05-06T19:00:48.665795,BTCUSDT,LONG,0,0.2425,0.2425,0.7,1.131,0.0,0.0,REJECTED_T1,Proba < Thresh (0.243 < 0.7),,,
2026-05-06T19:00:48.665795,BTCUSDT,SHORT,0,0.7141,0.7141,0.99,0.0,0.0,0.0,REJECTED_T1,Low PF (0.0),,,
2026-05-06T19:00:49.181658,ETHUSDT,LONG,0,0.7034,0.7034,0.7,1.131,0.0,0.0,PASSED_T1,,,,
2026-05-06T19:00:49.182642,ETHUSDT,SHORT,0,0.4193,0.4193,0.99,0.0,0.0,0.0,REJECTED_T1,Low PF (0.0),,,
2026-05-06T19:00:49.693260,SOLUSDT,LONG,0,0.1545,0.1545,0.7,1.131,0.0,0.0,REJECTED_T1,Proba < Thresh (0.155 < 0.7),,,
2026-05-06T19:00:49.693260,SOLUSDT,SHORT,0,0.3315,0.3315,0.99,0.0,0.0,0.0,REJECTED_T1,Low PF (0.0),,,
2026-05-06T19:00:50.202416,BNBUSDT,LONG,0,0.4684,0.4684,0.7,1.131,0.0,0.0,REJECTED_T1,Proba < Thresh (0.468 < 0.7),,,
2026-05-06T19:00:50.202416,BNBUSDT,SHORT,0,0.4098,0.4098,0.99,0.0,0.0,0.0,REJECTED_T1,Low PF (0.0),,,
2026-05-06T19:00:50.721226,XRPUSDT,LONG,0,0.5067,0.5067,0.7,1.131,0.0,0.0,REJECTED_T1,Proba < Thresh (0.507 < 0.7),,,
2026-05-06T19:00:50.721226,XRPUSDT,SHORT,0,0.2934,0.2934,0.99,0.0,0.0,0.0,REJECTED_T1,Low PF (0.0),,,
2026-05-06T19:00:51.216984,DOGEUSDT,LONG,0,0.4173,0.4173,0.7,1.131,0.0,0.0,REJECTED_T1,Proba < Thresh (0.417 < 0.7),,,
2026-05-06T19:00:51.217985,DOGEUSDT,SHORT,0,0.3907,0.3907,0.99,0.0,0.0,0.0,REJECTED_T1,Low PF (0.0),,,
2026-05-06T19:00:51.713148,AVAXUSDT,LONG,0,0.2331,0.2331,0.7,1.131,0.0,0.0,REJECTED_T1,Proba < Thresh (0.233 < 0.7),,,
2026-05-06T19:00:51.713148,AVAXUSDT,SHORT,0,0.423,0.423,0.99,0.0,0.0,0.0,REJECTED_T1,Low PF (0.0),,,
2026-05-06T19:00:52.631170,LINKUSDT,LONG,0,0.1288,0.1288,0.7,1.131,0.0,0.0,REJECTED_T1,Proba < Thresh (0.129 < 0.7),,,
2026-05-06T19:00:52.631170,LINKUSDT,SHORT,0,0.3992,0.3992,0.99,0.0,0.0,0.0,REJECTED_T1,Low PF (0.0),,,
2026-05-06T19:00:53.131533,NEARUSDT,LONG,0,0.0928,0.0928,0.7,1.131,0.0,0.0,REJECTED_T1,Proba < Thresh (0.093 < 0.7),,,
2026-05-06T19:00:53.131533,NEARUSDT,SHORT,0,0.4533,0.4533,0.99,0.0,0.0,0.0,REJECTED_T1,Low PF (0.0),,,
2026-05-06T19:00:53.832380,ADAUSDT,LONG,0,0.1013,0.1013,0.7,1.131,0.0,0.0,REJECTED_T1,Proba < Thresh (0.101 < 0.7),,,
2026-05-06T19:00:53.832380,ADAUSDT,SHORT,0,0.4513,0.4513,0.99,0.0,0.0,0.0,REJECTED_T1,Low PF (0.0),,,
2026-05-06T20:00:03.625387,BTCUSDT,LONG,0,0.3307,0.3307,0.7,1.131,0.0,0.0,REJECTED_T1,Proba < Thresh (0.331 < 0.7),,,
2026-05-06T20:00:03.625387,BTCUSDT,SHORT,0,0.6259,0.6259,0.99,0.0,0.0,0.0,REJECTED_T1,Low PF (0.0),,,
2026-05-06T20:00:04.762590,ETHUSDT,LONG,0,0.683,0.683,0.7,1.131,0.0,0.0,REJECTED_T1,Proba < Thresh (0.683 < 0.7),,,
2026-05-06T20:00:04.762590,ETHUSDT,SHORT,0,0.3704,0.3704,0.99,0.0,0.0,0.0,REJECTED_T1,Low PF (0.0),,,
2026-05-06T20:00:05.526540,SOLUSDT,LONG,0,0.3125,0.3125,0.7,1.131,0.0,0.0,REJECTED_T1,Proba < Thresh (0.312 < 0.7),,,
2026-05-06T20:00:05.527535,SOLUSDT,SHORT,0,0.2995,0.2995,0.99,0.0,0.0,0.0,REJECTED_T1,Low PF (0.0),,,
2026-05-06T20:00:06.312471,BNBUSDT,LONG,0,0.3566,0.3566,0.7,1.131,0.0,0.0,REJECTED_T1,Proba < Thresh (0.357 < 0.7),,,
2026-05-06T20:00:06.313481,BNBUSDT,SHORT,0,0.4043,0.4043,0.99,0.0,0.0,0.0,REJECTED_T1,Low PF (0.0),,,
2026-05-06T20:00:07.139989,XRPUSDT,LONG,0,0.4407,0.4407,0.7,1.131,0.0,0.0,REJECTED_T1,Proba < Thresh (0.441 < 0.7),,,
2026-05-06T20:00:07.140956,XRPUSDT,SHORT,0,0.3431,0.3431,0.99,0.0,0.0,0.0,REJECTED_T1,Low PF (0.0),,,
2026-05-06T20:00:07.931090,DOGEUSDT,LONG,0,0.3665,0.3665,0.7,1.131,0.0,0.0,REJECTED_T1,Proba < Thresh (0.367 < 0.7),,,
2026-05-06T20:00:07.931090,DOGEUSDT,SHORT,0,0.5018,0.5018,0.99,0.0,0.0,0.0,REJECTED_T1,Low PF (0.0),,,
2026-05-06T20:00:08.780863,AVAXUSDT,LONG,0,0.1355,0.1355,0.7,1.131,0.0,0.0,REJECTED_T1,Proba < Thresh (0.136 < 0.7),,,
2026-05-06T20:00:08.780863,AVAXUSDT,SHORT,0,0.484,0.484,0.99,0.0,0.0,0.0,REJECTED_T1,Low PF (0.0),,,
2026-05-06T20:00:09.787889,LINKUSDT,LONG,0,0.2102,0.2102,0.7,1.131,0.0,0.0,REJECTED_T1,Proba < Thresh (0.210 < 0.7),,,
2026-05-06T20:00:09.787889,LINKUSDT,SHORT,0,0.4024,0.4024,0.99,0.0,0.0,0.0,REJECTED_T1,Low PF (0.0),,,
2026-05-06T20:00:10.794896,NEARUSDT,LONG,0,0.0283,0.0283,0.7,1.131,0.0,0.0,REJECTED_T1,Proba < Thresh (0.028 < 0.7),,,
2026-05-06T20:00:10.794896,NEARUSDT,SHORT,0,0.4284,0.4284,0.99,0.0,0.0,0.0,REJECTED_T1,Low PF (0.0),,,
2026-05-06T20:00:11.575627,ADAUSDT,LONG,0,0.105,0.105,0.7,1.131,0.0,0.0,REJECTED_T1,Proba < Thresh (0.105 < 0.7),,,
2026-05-06T20:00:11.576611,ADAUSDT,SHORT,0,0.5302,0.5302,0.99,0.0,0.0,0.0,REJECTED_T1,Low PF (0.0),,,
2026-05-06T20:00:12.173842,BTCUSDT,LONG,0,0.2796,0.2796,0.7,1.131,0.0,0.0,REJECTED_T1,Proba < Thresh (0.280 < 0.7),,,
2026-05-06T20:00:12.173842,BTCUSDT,SHORT,0,0.6675,0.6675,0.99,0.0,0.0,0.0,REJECTED_T1,Low PF (0.0),,,
2026-05-06T20:00:12.666681,ETHUSDT,LONG,0,0.7783,0.7783,0.7,1.131,0.0,0.0,PASSED_T1,,,,
2026-05-06T20:00:12.666681,ETHUSDT,SHORT,0,0.3721,0.3721,0.99,0.0,0.0,0.0,REJECTED_T1,Low PF (0.0),,,
2026-05-06T20:00:13.171649,SOLUSDT,LONG,0,0.3027,0.3027,0.7,1.131,0.0,0.0,REJECTED_T1,Proba < Thresh (0.303 < 0.7),,,
2026-05-06T20:00:13.171649,SOLUSDT,SHORT,0,0.2995,0.2995,0.99,0.0,0.0,0.0,REJECTED_T1,Low PF (0.0),,,
2026-05-06T20:00:13.681711,BNBUSDT,LONG,0,0.3394,0.3394,0.7,1.131,0.0,0.0,REJECTED_T1,Proba < Thresh (0.339 < 0.7),,,
2026-05-06T20:00:13.681711,BNBUSDT,SHORT,0,0.3943,0.3943,0.99,0.0,0.0,0.0,REJECTED_T1,Low PF (0.0),,,
2026-05-06T20:00:14.180155,XRPUSDT,LONG,0,0.4407,0.4407,0.7,1.131,0.0,0.0,REJECTED_T1,Proba < Thresh (0.441 < 0.7),,,
2026-05-06T20:00:14.180155,XRPUSDT,SHORT,0,0.342,0.342,0.99,0.0,0.0,0.0,REJECTED_T1,Low PF (0.0),,,
2026-05-06T20:00:14.704820,DOGEUSDT,LONG,0,0.3665,0.3665,0.7,1.131,0.0,0.0,REJECTED_T1,Proba < Thresh (0.367 < 0.7),,,
2026-05-06T20:00:14.705818,DOGEUSDT,SHORT,0,0.5018,0.5018,0.99,0.0,0.0,0.0,REJECTED_T1,Low PF (0.0),,,
2026-05-06T20:00:15.201896,AVAXUSDT,LONG,0,0.1339,0.1339,0.7,1.131,0.0,0.0,REJECTED_T1,Proba < Thresh (0.134 < 0.7),,,
2026-05-06T20:00:15.202936,AVAXUSDT,SHORT,0,0.484,0.484,0.99,0.0,0.0,0.0,REJECTED_T1,Low PF (0.0),,,
2026-05-06T20:00:15.707589,LINKUSDT,LONG,0,0.2102,0.2102,0.7,1.131,0.0,0.0,REJECTED_T1,Proba < Thresh (0.210 < 0.7),,,
2026-05-06T20:00:15.707589,LINKUSDT,SHORT,0,0.4024,0.4024,0.99,0.0,0.0,0.0,REJECTED_T1,Low PF (0.0),,,
2026-05-06T20:00:16.219859,NEARUSDT,LONG,0,0.0804,0.0804,0.7,1.131,0.0,0.0,REJECTED_T1,Proba < Thresh (0.080 < 0.7),,,
2026-05-06T20:00:16.220847,NEARUSDT,SHORT,0,0.4321,0.4321,0.99,0.0,0.0,0.0,REJECTED_T1,Low PF (0.0),,,
2026-05-06T20:00:16.714503,ADAUSDT,LONG,0,0.105,0.105,0.7,1.131,0.0,0.0,REJECTED_T1,Proba < Thresh (0.105 < 0.7),,,
2026-05-06T20:00:16.714503,ADAUSDT,SHORT,0,0.5302,0.5302,0.99,0.0,0.0,0.0,REJECTED_T1,Low PF (0.0),,,
2026-05-06T20:00:17.224795,BTCUSDT,LONG,0,0.2796,0.2796,0.7,1.131,0.0,0.0,REJECTED_T1,Proba < Thresh (0.280 < 0.7),,,
2026-05-06T20:00:17.224795,BTCUSDT,SHORT,0,0.6675,0.6675,0.99,0.0,0.0,0.0,REJECTED_T1,Low PF (0.0),,,
2026-05-06T20:00:17.995161,ETHUSDT,LONG,0,0.7783,0.7783,0.7,1.131,0.0,0.0,PASSED_T1,,,,
2026-05-06T20:00:17.995161,ETHUSDT,SHORT,0,0.3721,0.3721,0.99,0.0,0.0,0.0,REJECTED_T1,Low PF (0.0),,,
2026-05-06T20:00:18.522436,SOLUSDT,LONG,0,0.2947,0.2947,0.7,1.131,0.0,0.0,REJECTED_T1,Proba < Thresh (0.295 < 0.7),,,
2026-05-06T20:00:18.522436,SOLUSDT,SHORT,0,0.295,0.295,0.99,0.0,0.0,0.0,REJECTED_T1,Low PF (0.0),,,
2026-05-06T20:00:19.041939,BNBUSDT,LONG,0,0.3394,0.3394,0.7,1.131,0.0,0.0,REJECTED_T1,Proba < Thresh (0.339 < 0.7),,,
2026-05-06T20:00:19.042939,BNBUSDT,SHORT,0,0.3943,0.3943,0.99,0.0,0.0,0.0,REJECTED_T1,Low PF (0.0),,,
2026-05-06T20:00:19.542971,XRPUSDT,LONG,0,0.452,0.452,0.7,1.131,0.0,0.0,REJECTED_T1,Proba < Thresh (0.452 < 0.7),,,
2026-05-06T20:00:19.542971,XRPUSDT,SHORT,0,0.342,0.342,0.99,0.0,0.0,0.0,REJECTED_T1,Low PF (0.0),,,
2026-05-06T20:00:20.042775,DOGEUSDT,LONG,0,0.3629,0.3629,0.7,1.131,0.0,0.0,REJECTED_T1,Proba < Thresh (0.363 < 0.7),,,
2026-05-06T20:00:20.042775,DOGEUSDT,SHORT,0,0.51,0.51,0.99,0.0,0.0,0.0,REJECTED_T1,Low PF (0.0),,,
2026-05-06T20:00:20.536387,AVAXUSDT,LONG,0,0.1488,0.1488,0.7,1.131,0.0,0.0,REJECTED_T1,Proba < Thresh (0.149 < 0.7),,,
2026-05-06T20:00:20.536387,AVAXUSDT,SHORT,0,0.4814,0.4814,0.99,0.0,0.0,0.0,REJECTED_T1,Low PF (0.0),,,
2026-05-06T20:00:21.054506,LINKUSDT,LONG,0,0.2102,0.2102,0.7,1.131,0.0,0.0,REJECTED_T1,Proba < Thresh (0.210 < 0.7),,,
2026-05-06T20:00:21.054506,LINKUSDT,SHORT,0,0.4057,0.4057,0.99,0.0,0.0,0.0,REJECTED_T1,Low PF (0.0),,,
2026-05-06T20:00:21.567106,NEARUSDT,LONG,0,0.0288,0.0288,0.7,1.131,0.0,0.0,REJECTED_T1,Proba < Thresh (0.029 < 0.7),,,
2026-05-06T20:00:21.567106,NEARUSDT,SHORT,0,0.4284,0.4284,0.99,0.0,0.0,0.0,REJECTED_T1,Low PF (0.0),,,
2026-05-06T20:00:22.086238,ADAUSDT,LONG,0,0.1036,0.1036,0.7,1.131,0.0,0.0,REJECTED_T1,Proba < Thresh (0.104 < 0.7),,,
2026-05-06T20:00:22.086238,ADAUSDT,SHORT,0,0.5333,0.5333,0.99,0.0,0.0,0.0,REJECTED_T1,Low PF (0.0),,,
2026-05-06T20:00:22.582385,BTCUSDT,LONG,0,0.2796,0.2796,0.7,1.131,0.0,0.0,REJECTED_T1,Proba < Thresh (0.280 < 0.7),,,
2026-05-06T20:00:22.583384,BTCUSDT,SHORT,0,0.6708,0.6708,0.99,0.0,0.0,0.0,REJECTED_T1,Low PF (0.0),,,
2026-05-06T20:00:23.605049,ETHUSDT,LONG,0,0.7783,0.7783,0.7,1.131,0.0,0.0,PASSED_T1,,,,
2026-05-06T20:00:23.605049,ETHUSDT,SHORT,0,0.3721,0.3721,0.99,0.0,0.0,0.0,REJECTED_T1,Low PF (0.0),,,
2026-05-06T20:00:24.114573,SOLUSDT,LONG,0,0.2947,0.2947,0.7,1.131,0.0,0.0,REJECTED_T1,Proba < Thresh (0.295 < 0.7),,,
2026-05-06T20:00:24.115572,SOLUSDT,SHORT,0,0.295,0.295,0.99,0.0,0.0,0.0,REJECTED_T1,Low PF (0.0),,,
2026-05-06T20:00:24.631752,BNBUSDT,LONG,0,0.3394,0.3394,0.7,1.131,0.0,0.0,REJECTED_T1,Proba < Thresh (0.339 < 0.7),,,
2026-05-06T20:00:24.631752,BNBUSDT,SHORT,0,0.3943,0.3943,0.99,0.0,0.0,0.0,REJECTED_T1,Low PF (0.0),,,
2026-05-06T20:00:25.163056,XRPUSDT,LONG,0,0.452,0.452,0.7,1.131,0.0,0.0,REJECTED_T1,Proba < Thresh (0.452 < 0.7),,,
2026-05-06T20:00:25.163056,XRPUSDT,SHORT,0,0.342,0.342,0.99,0.0,0.0,0.0,REJECTED_T1,Low PF (0.0),,,
2026-05-06T20:00:25.684924,DOGEUSDT,LONG,0,0.3665,0.3665,0.7,1.131,0.0,0.0,REJECTED_T1,Proba < Thresh (0.367 < 0.7),,,
2026-05-06T20:00:25.684924,DOGEUSDT,SHORT,0,0.5018,0.5018,0.99,0.0,0.0,0.0,REJECTED_T1,Low PF (0.0),,,
2026-05-06T20:00:26.195582,AVAXUSDT,LONG,0,0.1488,0.1488,0.7,1.131,0.0,0.0,REJECTED_T1,Proba < Thresh (0.149 < 0.7),,,
2026-05-06T20:00:26.195582,AVAXUSDT,SHORT,0,0.4814,0.4814,0.99,0.0,0.0,0.0,REJECTED_T1,Low PF (0.0),,,
2026-05-06T20:00:26.712474,LINKUSDT,LONG,0,0.2102,0.2102,0.7,1.131,0.0,0.0,REJECTED_T1,Proba < Thresh (0.210 < 0.7),,,
2026-05-06T20:00:26.712474,LINKUSDT,SHORT,0,0.4057,0.4057,0.99,0.0,0.0,0.0,REJECTED_T1,Low PF (0.0),,,
2026-05-06T20:00:27.201772,NEARUSDT,LONG,0,0.0288,0.0288,0.7,1.131,0.0,0.0,REJECTED_T1,Proba < Thresh (0.029 < 0.7),,,
2026-05-06T20:00:27.201772,NEARUSDT,SHORT,0,0.4284,0.4284,0.99,0.0,0.0,0.0,REJECTED_T1,Low PF (0.0),,,
2026-05-06T20:00:27.696271,ADAUSDT,LONG,0,0.1036,0.1036,0.7,1.131,0.0,0.0,REJECTED_T1,Proba < Thresh (0.104 < 0.7),,,
2026-05-06T20:00:27.696271,ADAUSDT,SHORT,0,0.5366,0.5366,0.99,0.0,0.0,0.0,REJECTED_T1,Low PF (0.0),,,
2026-05-06T20:00:28.410046,BTCUSDT,LONG,0,0.2796,0.2796,0.7,1.131,0.0,0.0,REJECTED_T1,Proba < Thresh (0.280 < 0.7),,,
2026-05-06T20:00:28.410046,BTCUSDT,SHORT,0,0.6708,0.6708,0.99,0.0,0.0,0.0,REJECTED_T1,Low PF (0.0),,,
2026-05-06T20:00:28.914291,ETHUSDT,LONG,0,0.7783,0.7783,0.7,1.131,0.0,0.0,PASSED_T1,,,,
2026-05-06T20:00:28.914291,ETHUSDT,SHORT,0,0.3721,0.3721,0.99,0.0,0.0,0.0,REJECTED_T1,Low PF (0.0),,,
2026-05-06T20:00:29.611425,SOLUSDT,LONG,0,0.2947,0.2947,0.7,1.131,0.0,0.0,REJECTED_T1,Proba < Thresh (0.295 < 0.7),,,
2026-05-06T20:00:29.612424,SOLUSDT,SHORT,0,0.2942,0.2942,0.99,0.0,0.0,0.0,REJECTED_T1,Low PF (0.0),,,
2026-05-06T20:00:30.337436,BNBUSDT,LONG,0,0.3394,0.3394,0.7,1.131,0.0,0.0,REJECTED_T1,Proba < Thresh (0.339 < 0.7),,,
2026-05-06T20:00:30.337436,BNBUSDT,SHORT,0,0.3943,0.3943,0.99,0.0,0.0,0.0,REJECTED_T1,Low PF (0.0),,,
2026-05-06T20:00:30.839550,XRPUSDT,LONG,0,0.452,0.452,0.7,1.131,0.0,0.0,REJECTED_T1,Proba < Thresh (0.452 < 0.7),,,
2026-05-06T20:00:30.839550,XRPUSDT,SHORT,0,0.342,0.342,0.99,0.0,0.0,0.0,REJECTED_T1,Low PF (0.0),,,
2026-05-06T20:00:31.341261,DOGEUSDT,LONG,0,0.3665,0.3665,0.7,1.131,0.0,0.0,REJECTED_T1,Proba < Thresh (0.367 < 0.7),,,
2026-05-06T20:00:31.341261,DOGEUSDT,SHORT,0,0.4984,0.4984,0.99,0.0,0.0,0.0,REJECTED_T1,Low PF (0.0),,,
2026-05-06T20:00:31.853318,AVAXUSDT,LONG,0,0.1488,0.1488,0.7,1.131,0.0,0.0,REJECTED_T1,Proba < Thresh (0.149 < 0.7),,,
2026-05-06T20:00:31.854318,AVAXUSDT,SHORT,0,0.4814,0.4814,0.99,0.0,0.0,0.0,REJECTED_T1,Low PF (0.0),,,
2026-05-06T20:00:32.368965,LINKUSDT,LONG,0,0.2102,0.2102,0.7,1.131,0.0,0.0,REJECTED_T1,Proba < Thresh (0.210 < 0.7),,,
2026-05-06T20:00:32.368965,LINKUSDT,SHORT,0,0.4057,0.4057,0.99,0.0,0.0,0.0,REJECTED_T1,Low PF (0.0),,,
2026-05-06T20:00:32.882249,NEARUSDT,LONG,0,0.0818,0.0818,0.7,1.131,0.0,0.0,REJECTED_T1,Proba < Thresh (0.082 < 0.7),,,
2026-05-06T20:00:32.882249,NEARUSDT,SHORT,0,0.4284,0.4284,0.99,0.0,0.0,0.0,REJECTED_T1,Low PF (0.0),,,
2026-05-06T20:00:33.382762,ADAUSDT,LONG,0,0.1069,0.1069,0.7,1.131,0.0,0.0,REJECTED_T1,Proba < Thresh (0.107 < 0.7),,,
2026-05-06T20:00:33.382762,ADAUSDT,SHORT,0,0.54,0.54,0.99,0.0,0.0,0.0,REJECTED_T1,Low PF (0.0),,,
2026-05-06T20:00:34.150332,BTCUSDT,LONG,0,0.2796,0.2796,0.7,1.131,0.0,0.0,REJECTED_T1,Proba < Thresh (0.280 < 0.7),,,
2026-05-06T20:00:34.151330,BTCUSDT,SHORT,0,0.6708,0.6708,0.99,0.0,0.0,0.0,REJECTED_T1,Low PF (0.0),,,
2026-05-06T20:00:35.081159,ETHUSDT,LONG,0,0.7783,0.7783,0.7,1.131,0.0,0.0,PASSED_T1,,,,
2026-05-06T20:00:35.082158,ETHUSDT,SHORT,0,0.3716,0.3716,0.99,0.0,0.0,0.0,REJECTED_T1,Low PF (0.0),,,
2026-05-06T20:00:35.861112,SOLUSDT,LONG,0,0.2919,0.2919,0.7,1.131,0.0,0.0,REJECTED_T1,Proba < Thresh (0.292 < 0.7),,,
2026-05-06T20:00:35.862111,SOLUSDT,SHORT,0,0.2942,0.2942,0.99,0.0,0.0,0.0,REJECTED_T1,Low PF (0.0),,,
2026-05-06T20:00:36.655012,BNBUSDT,LONG,0,0.3425,0.3425,0.7,1.131,0.0,0.0,REJECTED_T1,Proba < Thresh (0.343 < 0.7),,,
2026-05-06T20:00:36.656010,BNBUSDT,SHORT,0,0.383,0.383,0.99,0.0,0.0,0.0,REJECTED_T1,Low PF (0.0),,,
2026-05-06T20:00:37.645359,XRPUSDT,LONG,0,0.4431,0.4431,0.7,1.131,0.0,0.0,REJECTED_T1,Proba < Thresh (0.443 < 0.7),,,
2026-05-06T20:00:37.645359,XRPUSDT,SHORT,0,0.342,0.342,0.99,0.0,0.0,0.0,REJECTED_T1,Low PF (0.0),,,
2026-05-06T20:00:38.421665,DOGEUSDT,LONG,0,0.3665,0.3665,0.7,1.131,0.0,0.0,REJECTED_T1,Proba < Thresh (0.367 < 0.7),,,
2026-05-06T20:00:38.421665,DOGEUSDT,SHORT,0,0.4984,0.4984,0.99,0.0,0.0,0.0,REJECTED_T1,Low PF (0.0),,,
2026-05-06T20:00:39.199383,AVAXUSDT,LONG,0,0.1339,0.1339,0.7,1.131,0.0,0.0,REJECTED_T1,Proba < Thresh (0.134 < 0.7),,,
2026-05-06T20:00:39.199383,AVAXUSDT,SHORT,0,0.4937,0.4937,0.99,0.0,0.0,0.0,REJECTED_T1,Low PF (0.0),,,
2026-05-06T20:00:40.177805,LINKUSDT,LONG,0,0.2102,0.2102,0.7,1.131,0.0,0.0,REJECTED_T1,Proba < Thresh (0.210 < 0.7),,,
2026-05-06T20:00:40.177805,LINKUSDT,SHORT,0,0.4057,0.4057,0.99,0.0,0.0,0.0,REJECTED_T1,Low PF (0.0),,,
2026-05-06T20:00:40.966276,NEARUSDT,LONG,0,0.0792,0.0792,0.7,1.131,0.0,0.0,REJECTED_T1,Proba < Thresh (0.079 < 0.7),,,
2026-05-06T20:00:40.967272,NEARUSDT,SHORT,0,0.4321,0.4321,0.99,0.0,0.0,0.0,REJECTED_T1,Low PF (0.0),,,
2026-05-06T20:00:41.739500,ADAUSDT,LONG,0,0.1078,0.1078,0.7,1.131,0.0,0.0,REJECTED_T1,Proba < Thresh (0.108 < 0.7),,,
2026-05-06T20:00:41.740498,ADAUSDT,SHORT,0,0.5335,0.5335,0.99,0.0,0.0,0.0,REJECTED_T1,Low PF (0.0),,,
2026-05-06T20:00:42.251705,BTCUSDT,LONG,0,0.2796,0.2796,0.7,1.131,0.0,0.0,REJECTED_T1,Proba < Thresh (0.280 < 0.7),,,
2026-05-06T20:00:42.251705,BTCUSDT,SHORT,0,0.6708,0.6708,0.99,0.0,0.0,0.0,REJECTED_T1,Low PF (0.0),,,
2026-05-06T20:00:42.769640,ETHUSDT,LONG,0,0.7783,0.7783,0.7,1.131,0.0,0.0,PASSED_T1,,,,
2026-05-06T20:00:42.769640,ETHUSDT,SHORT,0,0.3716,0.3716,0.99,0.0,0.0,0.0,REJECTED_T1,Low PF (0.0),,,
2026-05-06T20:00:43.299023,SOLUSDT,LONG,0,0.2937,0.2937,0.7,1.131,0.0,0.0,REJECTED_T1,Proba < Thresh (0.294 < 0.7),,,
2026-05-06T20:00:43.299023,SOLUSDT,SHORT,0,0.295,0.295,0.99,0.0,0.0,0.0,REJECTED_T1,Low PF (0.0),,,
2026-05-06T20:00:43.788076,BNBUSDT,LONG,0,0.3425,0.3425,0.7,1.131,0.0,0.0,REJECTED_T1,Proba < Thresh (0.343 < 0.7),,,
2026-05-06T20:00:43.788076,BNBUSDT,SHORT,0,0.383,0.383,0.99,0.0,0.0,0.0,REJECTED_T1,Low PF (0.0),,,
2026-05-06T20:00:44.301878,XRPUSDT,LONG,0,0.4397,0.4397,0.7,1.131,0.0,0.0,REJECTED_T1,Proba < Thresh (0.440 < 0.7),,,
2026-05-06T20:00:44.301878,XRPUSDT,SHORT,0,0.342,0.342,0.99,0.0,0.0,0.0,REJECTED_T1,Low PF (0.0),,,
2026-05-06T20:00:44.816832,DOGEUSDT,LONG,0,0.3665,0.3665,0.7,1.131,0.0,0.0,REJECTED_T1,Proba < Thresh (0.367 < 0.7),,,
2026-05-06T20:00:44.817793,DOGEUSDT,SHORT,0,0.492,0.492,0.99,0.0,0.0,0.0,REJECTED_T1,Low PF (0.0),,,
2026-05-06T20:00:45.334088,AVAXUSDT,LONG,0,0.1339,0.1339,0.7,1.131,0.0,0.0,REJECTED_T1,Proba < Thresh (0.134 < 0.7),,,
2026-05-06T20:00:45.335104,AVAXUSDT,SHORT,0,0.4991,0.4991,0.99,0.0,0.0,0.0,REJECTED_T1,Low PF (0.0),,,
2026-05-06T20:00:45.830524,LINKUSDT,LONG,0,0.2102,0.2102,0.7,1.131,0.0,0.0,REJECTED_T1,Proba < Thresh (0.210 < 0.7),,,
2026-05-06T20:00:45.830524,LINKUSDT,SHORT,0,0.4057,0.4057,0.99,0.0,0.0,0.0,REJECTED_T1,Low PF (0.0),,,
2026-05-06T20:00:46.326468,NEARUSDT,LONG,0,0.0792,0.0792,0.7,1.131,0.0,0.0,REJECTED_T1,Proba < Thresh (0.079 < 0.7),,,
2026-05-06T20:00:46.326468,NEARUSDT,SHORT,0,0.4321,0.4321,0.99,0.0,0.0,0.0,REJECTED_T1,Low PF (0.0),,,
2026-05-06T20:00:46.823633,ADAUSDT,LONG,0,0.1078,0.1078,0.7,1.131,0.0,0.0,REJECTED_T1,Proba < Thresh (0.108 < 0.7),,,
2026-05-06T20:00:46.824606,ADAUSDT,SHORT,0,0.5335,0.5335,0.99,0.0,0.0,0.0,REJECTED_T1,Low PF (0.0),,,
2026-05-06T20:00:47.538743,BTCUSDT,LONG,0,0.2788,0.2788,0.7,1.131,0.0,0.0,REJECTED_T1,Proba < Thresh (0.279 < 0.7),,,
2026-05-06T20:00:47.538743,BTCUSDT,SHORT,0,0.6708,0.6708,0.99,0.0,0.0,0.0,REJECTED_T1,Low PF (0.0),,,
2026-05-06T20:00:48.059066,ETHUSDT,LONG,0,0.7783,0.7783,0.7,1.131,0.0,0.0,PASSED_T1,,,,
2026-05-06T20:00:48.060064,ETHUSDT,SHORT,0,0.3716,0.3716,0.99,0.0,0.0,0.0,REJECTED_T1,Low PF (0.0),,,
2026-05-06T20:00:48.572285,SOLUSDT,LONG,0,0.2851,0.2851,0.7,1.131,0.0,0.0,REJECTED_T1,Proba < Thresh (0.285 < 0.7),,,
2026-05-06T20:00:48.572285,SOLUSDT,SHORT,0,0.295,0.295,0.99,0.0,0.0,0.0,REJECTED_T1,Low PF (0.0),,,
2026-05-06T20:00:49.087212,BNBUSDT,LONG,0,0.3394,0.3394,0.7,1.131,0.0,0.0,REJECTED_T1,Proba < Thresh (0.339 < 0.7),,,
2026-05-06T20:00:49.087212,BNBUSDT,SHORT,0,0.3927,0.3927,0.99,0.0,0.0,0.0,REJECTED_T1,Low PF (0.0),,,
2026-05-06T20:00:49.597728,XRPUSDT,LONG,0,0.4397,0.4397,0.7,1.131,0.0,0.0,REJECTED_T1,Proba < Thresh (0.440 < 0.7),,,
2026-05-06T20:00:49.597728,XRPUSDT,SHORT,0,0.342,0.342,0.99,0.0,0.0,0.0,REJECTED_T1,Low PF (0.0),,,
2026-05-06T20:00:50.106706,DOGEUSDT,LONG,0,0.3665,0.3665,0.7,1.131,0.0,0.0,REJECTED_T1,Proba < Thresh (0.367 < 0.7),,,
2026-05-06T20:00:50.106706,DOGEUSDT,SHORT,0,0.492,0.492,0.99,0.0,0.0,0.0,REJECTED_T1,Low PF (0.0),,,
2026-05-06T20:00:50.619296,AVAXUSDT,LONG,0,0.1339,0.1339,0.7,1.131,0.0,0.0,REJECTED_T1,Proba < Thresh (0.134 < 0.7),,,
2026-05-06T20:00:50.619296,AVAXUSDT,SHORT,0,0.4991,0.4991,0.99,0.0,0.0,0.0,REJECTED_T1,Low PF (0.0),,,
2026-05-06T20:00:51.125632,LINKUSDT,LONG,0,0.2102,0.2102,0.7,1.131,0.0,0.0,REJECTED_T1,Proba < Thresh (0.210 < 0.7),,,
2026-05-06T20:00:51.125632,LINKUSDT,SHORT,0,0.4057,0.4057,0.99,0.0,0.0,0.0,REJECTED_T1,Low PF (0.0),,,
2026-05-06T20:00:51.640652,NEARUSDT,LONG,0,0.0779,0.0779,0.7,1.131,0.0,0.0,REJECTED_T1,Proba < Thresh (0.078 < 0.7),,,
2026-05-06T20:00:51.640652,NEARUSDT,SHORT,0,0.4321,0.4321,0.99,0.0,0.0,0.0,REJECTED_T1,Low PF (0.0),,,
2026-05-06T20:00:52.147583,ADAUSDT,LONG,0,0.1078,0.1078,0.7,1.131,0.0,0.0,REJECTED_T1,Proba < Thresh (0.108 < 0.7),,,
2026-05-06T20:00:52.147583,ADAUSDT,SHORT,0,0.5335,0.5335,0.99,0.0,0.0,0.0,REJECTED_T1,Low PF (0.0),,,
2026-05-06T21:00:03.486330,BTCUSDT,LONG,0,0.3796,0.3796,0.7,1.131,0.0,0.0,REJECTED_T1,Proba < Thresh (0.380 < 0.7),,,
2026-05-06T21:00:03.486330,BTCUSDT,SHORT,0,0.5889,0.5889,0.99,0.0,0.0,0.0,REJECTED_T1,Low PF (0.0),,,
2026-05-06T21:00:04.467186,ETHUSDT,LONG,0,0.7275,0.7275,0.7,1.131,0.0,0.0,PASSED_T1,,,,
2026-05-06T21:00:04.467186,ETHUSDT,SHORT,0,0.3413,0.3413,0.99,0.0,0.0,0.0,REJECTED_T1,Low PF (0.0),,,
2026-05-06T21:00:05.221734,SOLUSDT,LONG,0,0.3705,0.3705,0.7,1.131,0.0,0.0,REJECTED_T1,Proba < Thresh (0.370 < 0.7),,,
2026-05-06T21:00:05.222628,SOLUSDT,SHORT,0,0.3117,0.3117,0.99,0.0,0.0,0.0,REJECTED_T1,Low PF (0.0),,,
2026-05-06T21:00:05.974636,BNBUSDT,LONG,0,0.4519,0.4519,0.7,1.131,0.0,0.0,REJECTED_T1,Proba < Thresh (0.452 < 0.7),,,
2026-05-06T21:00:05.975634,BNBUSDT,SHORT,0,0.3898,0.3898,0.99,0.0,0.0,0.0,REJECTED_T1,Low PF (0.0),,,
2026-05-06T21:00:06.743219,XRPUSDT,LONG,0,0.4757,0.4757,0.7,1.131,0.0,0.0,REJECTED_T1,Proba < Thresh (0.476 < 0.7),,,
2026-05-06T21:00:06.743219,XRPUSDT,SHORT,0,0.3155,0.3155,0.99,0.0,0.0,0.0,REJECTED_T1,Low PF (0.0),,,
2026-05-06T21:00:07.501297,DOGEUSDT,LONG,0,0.4574,0.4574,0.7,1.131,0.0,0.0,REJECTED_T1,Proba < Thresh (0.457 < 0.7),,,
2026-05-06T21:00:07.501297,DOGEUSDT,SHORT,0,0.542,0.542,0.99,0.0,0.0,0.0,REJECTED_T1,Low PF (0.0),,,
2026-05-06T21:00:08.252852,AVAXUSDT,LONG,0,0.2461,0.2461,0.7,1.131,0.0,0.0,REJECTED_T1,Proba < Thresh (0.246 < 0.7),,,
2026-05-06T21:00:08.252852,AVAXUSDT,SHORT,0,0.5235,0.5235,0.99,0.0,0.0,0.0,REJECTED_T1,Low PF (0.0),,,
2026-05-06T21:00:09.208708,LINKUSDT,LONG,0,0.2183,0.2183,0.7,1.131,0.0,0.0,REJECTED_T1,Proba < Thresh (0.218 < 0.7),,,
2026-05-06T21:00:09.209708,LINKUSDT,SHORT,0,0.4276,0.4276,0.99,0.0,0.0,0.0,REJECTED_T1,Low PF (0.0),,,
2026-05-06T21:00:09.984615,NEARUSDT,LONG,0,0.068,0.068,0.7,1.131,0.0,0.0,REJECTED_T1,Proba < Thresh (0.068 < 0.7),,,
2026-05-06T21:00:09.985613,NEARUSDT,SHORT,0,0.3954,0.3954,0.99,0.0,0.0,0.0,REJECTED_T1,Low PF (0.0),,,
2026-05-06T21:00:10.760045,ADAUSDT,LONG,0,0.2424,0.2424,0.7,1.131,0.0,0.0,REJECTED_T1,Proba < Thresh (0.242 < 0.7),,,
2026-05-06T21:00:10.760045,ADAUSDT,SHORT,0,0.4485,0.4485,0.99,0.0,0.0,0.0,REJECTED_T1,Low PF (0.0),,,
2026-05-06T21:00:11.239831,BTCUSDT,LONG,0,0.4443,0.4443,0.7,1.131,0.0,0.0,REJECTED_T1,Proba < Thresh (0.444 < 0.7),,,
2026-05-06T21:00:11.239831,BTCUSDT,SHORT,0,0.7354,0.7354,0.99,0.0,0.0,0.0,REJECTED_T1,Low PF (0.0),,,
2026-05-06T21:00:11.742738,ETHUSDT,LONG,0,0.7275,0.7275,0.7,1.131,0.0,0.0,PASSED_T1,,,,
2026-05-06T21:00:11.742738,ETHUSDT,SHORT,0,0.3413,0.3413,0.99,0.0,0.0,0.0,REJECTED_T1,Low PF (0.0),,,
2026-05-06T21:00:12.228977,SOLUSDT,LONG,0,0.3705,0.3705,0.7,1.131,0.0,0.0,REJECTED_T1,Proba < Thresh (0.370 < 0.7),,,
2026-05-06T21:00:12.229977,SOLUSDT,SHORT,0,0.3117,0.3117,0.99,0.0,0.0,0.0,REJECTED_T1,Low PF (0.0),,,
2026-05-06T21:00:12.920110,BNBUSDT,LONG,0,0.4373,0.4373,0.7,1.131,0.0,0.0,REJECTED_T1,Proba < Thresh (0.437 < 0.7),,,
2026-05-06T21:00:12.921109,BNBUSDT,SHORT,0,0.3887,0.3887,0.99,0.0,0.0,0.0,REJECTED_T1,Low PF (0.0),,,
2026-05-06T21:00:13.398402,XRPUSDT,LONG,0,0.4722,0.4722,0.7,1.131,0.0,0.0,REJECTED_T1,Proba < Thresh (0.472 < 0.7),,,
2026-05-06T21:00:13.399388,XRPUSDT,SHORT,0,0.3386,0.3386,0.99,0.0,0.0,0.0,REJECTED_T1,Low PF (0.0),,,
2026-05-06T21:00:13.880159,DOGEUSDT,LONG,0,0.463,0.463,0.7,1.131,0.0,0.0,REJECTED_T1,Proba < Thresh (0.463 < 0.7),,,
2026-05-06T21:00:13.881160,DOGEUSDT,SHORT,0,0.542,0.542,0.99,0.0,0.0,0.0,REJECTED_T1,Low PF (0.0),,,
2026-05-06T21:00:14.362846,AVAXUSDT,LONG,0,0.2439,0.2439,0.7,1.131,0.0,0.0,REJECTED_T1,Proba < Thresh (0.244 < 0.7),,,
2026-05-06T21:00:14.363837,AVAXUSDT,SHORT,0,0.5336,0.5336,0.99,0.0,0.0,0.0,REJECTED_T1,Low PF (0.0),,,
2026-05-06T21:00:14.856663,LINKUSDT,LONG,0,0.2183,0.2183,0.7,1.131,0.0,0.0,REJECTED_T1,Proba < Thresh (0.218 < 0.7),,,
2026-05-06T21:00:14.856663,LINKUSDT,SHORT,0,0.4276,0.4276,0.99,0.0,0.0,0.0,REJECTED_T1,Low PF (0.0),,,
2026-05-06T21:00:15.382133,NEARUSDT,LONG,0,0.0658,0.0658,0.7,1.131,0.0,0.0,REJECTED_T1,Proba < Thresh (0.066 < 0.7),,,
2026-05-06T21:00:15.382133,NEARUSDT,SHORT,0,0.3921,0.3921,0.99,0.0,0.0,0.0,REJECTED_T1,Low PF (0.0),,,
2026-05-06T21:00:15.880749,ADAUSDT,LONG,0,0.245,0.245,0.7,1.131,0.0,0.0,REJECTED_T1,Proba < Thresh (0.245 < 0.7),,,
2026-05-06T21:00:15.880749,ADAUSDT,SHORT,0,0.4485,0.4485,0.99,0.0,0.0,0.0,REJECTED_T1,Low PF (0.0),,,
2026-05-06T21:00:16.362137,BTCUSDT,LONG,0,0.4443,0.4443,0.7,1.131,0.0,0.0,REJECTED_T1,Proba < Thresh (0.444 < 0.7),,,
2026-05-06T21:00:16.363122,BTCUSDT,SHORT,0,0.7345,0.7345,0.99,0.0,0.0,0.0,REJECTED_T1,Low PF (0.0),,,
2026-05-06T21:00:16.863781,ETHUSDT,LONG,0,0.7275,0.7275,0.7,1.131,0.0,0.0,PASSED_T1,,,,
2026-05-06T21:00:16.864783,ETHUSDT,SHORT,0,0.3413,0.3413,0.99,0.0,0.0,0.0,REJECTED_T1,Low PF (0.0),,,
2026-05-06T21:00:17.367415,SOLUSDT,LONG,0,0.3705,0.3705,0.7,1.131,0.0,0.0,REJECTED_T1,Proba < Thresh (0.370 < 0.7),,,
2026-05-06T21:00:17.367415,SOLUSDT,SHORT,0,0.315,0.315,0.99,0.0,0.0,0.0,REJECTED_T1,Low PF (0.0),,,
2026-05-06T21:00:17.866987,BNBUSDT,LONG,0,0.4433,0.4433,0.7,1.131,0.0,0.0,REJECTED_T1,Proba < Thresh (0.443 < 0.7),,,
2026-05-06T21:00:17.866987,BNBUSDT,SHORT,0,0.3898,0.3898,0.99,0.0,0.0,0.0,REJECTED_T1,Low PF (0.0),,,
2026-05-06T21:00:18.344661,XRPUSDT,LONG,0,0.4722,0.4722,0.7,1.131,0.0,0.0,REJECTED_T1,Proba < Thresh (0.472 < 0.7),,,
2026-05-06T21:00:18.345665,XRPUSDT,SHORT,0,0.3386,0.3386,0.99,0.0,0.0,0.0,REJECTED_T1,Low PF (0.0),,,
2026-05-06T21:00:18.831497,DOGEUSDT,LONG,0,0.463,0.463,0.7,1.131,0.0,0.0,REJECTED_T1,Proba < Thresh (0.463 < 0.7),,,
2026-05-06T21:00:18.831497,DOGEUSDT,SHORT,0,0.542,0.542,0.99,0.0,0.0,0.0,REJECTED_T1,Low PF (0.0),,,
2026-05-06T21:00:19.603909,AVAXUSDT,LONG,0,0.2493,0.2493,0.7,1.131,0.0,0.0,REJECTED_T1,Proba < Thresh (0.249 < 0.7),,,
2026-05-06T21:00:19.603909,AVAXUSDT,SHORT,0,0.529,0.529,0.99,0.0,0.0,0.0,REJECTED_T1,Low PF (0.0),,,
2026-05-06T21:00:20.102872,LINKUSDT,LONG,0,0.2183,0.2183,0.7,1.131,0.0,0.0,REJECTED_T1,Proba < Thresh (0.218 < 0.7),,,
2026-05-06T21:00:20.102872,LINKUSDT,SHORT,0,0.4276,0.4276,0.99,0.0,0.0,0.0,REJECTED_T1,Low PF (0.0),,,
2026-05-06T21:00:20.594275,NEARUSDT,LONG,0,0.0689,0.0689,0.7,1.131,0.0,0.0,REJECTED_T1,Proba < Thresh (0.069 < 0.7),,,
2026-05-06T21:00:20.594275,NEARUSDT,SHORT,0,0.4107,0.4107,0.99,0.0,0.0,0.0,REJECTED_T1,Low PF (0.0),,,
2026-05-06T21:00:21.096160,ADAUSDT,LONG,0,0.2424,0.2424,0.7,1.131,0.0,0.0,REJECTED_T1,Proba < Thresh (0.242 < 0.7),,,
2026-05-06T21:00:21.096160,ADAUSDT,SHORT,0,0.4485,0.4485,0.99,0.0,0.0,0.0,REJECTED_T1,Low PF (0.0),,,
2026-05-06T21:00:21.589634,BTCUSDT,LONG,0,0.4443,0.4443,0.7,1.131,0.0,0.0,REJECTED_T1,Proba < Thresh (0.444 < 0.7),,,
2026-05-06T21:00:21.590619,BTCUSDT,SHORT,0,0.7354,0.7354,0.99,0.0,0.0,0.0,REJECTED_T1,Low PF (0.0),,,
2026-05-06T21:00:22.087736,ETHUSDT,LONG,0,0.7275,0.7275,0.7,1.131,0.0,0.0,PASSED_T1,,,,
2026-05-06T21:00:22.087736,ETHUSDT,SHORT,0,0.3446,0.3446,0.99,0.0,0.0,0.0,REJECTED_T1,Low PF (0.0),,,
2026-05-06T21:00:22.588900,SOLUSDT,LONG,0,0.3705,0.3705,0.7,1.131,0.0,0.0,REJECTED_T1,Proba < Thresh (0.370 < 0.7),,,
2026-05-06T21:00:22.588900,SOLUSDT,SHORT,0,0.315,0.315,0.99,0.0,0.0,0.0,REJECTED_T1,Low PF (0.0),,,
2026-05-06T21:00:23.077064,BNBUSDT,LONG,0,0.4519,0.4519,0.7,1.131,0.0,0.0,REJECTED_T1,Proba < Thresh (0.452 < 0.7),,,
2026-05-06T21:00:23.078064,BNBUSDT,SHORT,0,0.3898,0.3898,0.99,0.0,0.0,0.0,REJECTED_T1,Low PF (0.0),,,
2026-05-06T21:00:23.571147,XRPUSDT,LONG,0,0.4722,0.4722,0.7,1.131,0.0,0.0,REJECTED_T1,Proba < Thresh (0.472 < 0.7),,,
2026-05-06T21:00:23.571147,XRPUSDT,SHORT,0,0.3386,0.3386,0.99,0.0,0.0,0.0,REJECTED_T1,Low PF (0.0),,,
2026-05-06T21:00:24.057436,DOGEUSDT,LONG,0,0.463,0.463,0.7,1.131,0.0,0.0,REJECTED_T1,Proba < Thresh (0.463 < 0.7),,,
2026-05-06T21:00:24.057436,DOGEUSDT,SHORT,0,0.542,0.542,0.99,0.0,0.0,0.0,REJECTED_T1,Low PF (0.0),,,
2026-05-06T21:00:24.558346,AVAXUSDT,LONG,0,0.2493,0.2493,0.7,1.131,0.0,0.0,REJECTED_T1,Proba < Thresh (0.249 < 0.7),,,
2026-05-06T21:00:24.558346,AVAXUSDT,SHORT,0,0.529,0.529,0.99,0.0,0.0,0.0,REJECTED_T1,Low PF (0.0),,,
2026-05-06T21:00:25.063823,LINKUSDT,LONG,0,0.2183,0.2183,0.7,1.131,0.0,0.0,REJECTED_T1,Proba < Thresh (0.218 < 0.7),,,
2026-05-06T21:00:25.063823,LINKUSDT,SHORT,0,0.4276,0.4276,0.99,0.0,0.0,0.0,REJECTED_T1,Low PF (0.0),,,
2026-05-06T21:00:25.566037,NEARUSDT,LONG,0,0.0689,0.0689,0.7,1.131,0.0,0.0,REJECTED_T1,Proba < Thresh (0.069 < 0.7),,,
2026-05-06T21:00:25.566037,NEARUSDT,SHORT,0,0.4107,0.4107,0.99,0.0,0.0,0.0,REJECTED_T1,Low PF (0.0),,,
2026-05-06T21:00:26.045217,ADAUSDT,LONG,0,0.245,0.245,0.7,1.131,0.0,0.0,REJECTED_T1,Proba < Thresh (0.245 < 0.7),,,
2026-05-06T21:00:26.045217,ADAUSDT,SHORT,0,0.4485,0.4485,0.99,0.0,0.0,0.0,REJECTED_T1,Low PF (0.0),,,
2026-05-06T21:00:26.731314,BTCUSDT,LONG,0,0.4443,0.4443,0.7,1.131,0.0,0.0,REJECTED_T1,Proba < Thresh (0.444 < 0.7),,,
2026-05-06T21:00:26.731314,BTCUSDT,SHORT,0,0.7354,0.7354,0.99,0.0,0.0,0.0,REJECTED_T1,Low PF (0.0),,,
2026-05-06T21:00:27.226401,ETHUSDT,LONG,0,0.7275,0.7275,0.7,1.131,0.0,0.0,PASSED_T1,,,,
2026-05-06T21:00:27.226401,ETHUSDT,SHORT,0,0.3529,0.3529,0.99,0.0,0.0,0.0,REJECTED_T1,Low PF (0.0),,,
2026-05-06T21:00:27.724044,SOLUSDT,LONG,0,0.3705,0.3705,0.7,1.131,0.0,0.0,REJECTED_T1,Proba < Thresh (0.370 < 0.7),,,
2026-05-06T21:00:27.725044,SOLUSDT,SHORT,0,0.3367,0.3367,0.99,0.0,0.0,0.0,REJECTED_T1,Low PF (0.0),,,
2026-05-06T21:00:28.228988,BNBUSDT,LONG,0,0.4519,0.4519,0.7,1.131,0.0,0.0,REJECTED_T1,Proba < Thresh (0.452 < 0.7),,,
2026-05-06T21:00:28.228988,BNBUSDT,SHORT,0,0.3898,0.3898,0.99,0.0,0.0,0.0,REJECTED_T1,Low PF (0.0),,,
2026-05-06T21:00:28.716454,XRPUSDT,LONG,0,0.4757,0.4757,0.7,1.131,0.0,0.0,REJECTED_T1,Proba < Thresh (0.476 < 0.7),,,
2026-05-06T21:00:28.716454,XRPUSDT,SHORT,0,0.336,0.336,0.99,0.0,0.0,0.0,REJECTED_T1,Low PF (0.0),,,
2026-05-06T21:00:29.228410,DOGEUSDT,LONG,0,0.463,0.463,0.7,1.131,0.0,0.0,REJECTED_T1,Proba < Thresh (0.463 < 0.7),,,
2026-05-06T21:00:29.228410,DOGEUSDT,SHORT,0,0.542,0.542,0.99,0.0,0.0,0.0,REJECTED_T1,Low PF (0.0),,,
2026-05-06T21:00:29.734873,AVAXUSDT,LONG,0,0.2439,0.2439,0.7,1.131,0.0,0.0,REJECTED_T1,Proba < Thresh (0.244 < 0.7),,,
2026-05-06T21:00:29.734873,AVAXUSDT,SHORT,0,0.5327,0.5327,0.99,0.0,0.0,0.0,REJECTED_T1,Low PF (0.0),,,
2026-05-06T21:00:30.242200,LINKUSDT,LONG,0,0.2207,0.2207,0.7,1.131,0.0,0.0,REJECTED_T1,Proba < Thresh (0.221 < 0.7),,,
2026-05-06T21:00:30.243199,LINKUSDT,SHORT,0,0.4312,0.4312,0.99,0.0,0.0,0.0,REJECTED_T1,Low PF (0.0),,,
2026-05-06T21:00:30.741122,NEARUSDT,LONG,0,0.0689,0.0689,0.7,1.131,0.0,0.0,REJECTED_T1,Proba < Thresh (0.069 < 0.7),,,
2026-05-06T21:00:30.741122,NEARUSDT,SHORT,0,0.4107,0.4107,0.99,0.0,0.0,0.0,REJECTED_T1,Low PF (0.0),,,
2026-05-06T21:00:31.247051,ADAUSDT,LONG,0,0.2424,0.2424,0.7,1.131,0.0,0.0,REJECTED_T1,Proba < Thresh (0.242 < 0.7),,,
2026-05-06T21:00:31.248050,ADAUSDT,SHORT,0,0.4485,0.4485,0.99,0.0,0.0,0.0,REJECTED_T1,Low PF (0.0),,,
2026-05-06T21:00:31.747087,BTCUSDT,LONG,0,0.4385,0.4385,0.7,1.131,0.0,0.0,REJECTED_T1,Proba < Thresh (0.439 < 0.7),,,
2026-05-06T21:00:31.747087,BTCUSDT,SHORT,0,0.7354,0.7354,0.99,0.0,0.0,0.0,REJECTED_T1,Low PF (0.0),,,
2026-05-06T21:00:32.242564,ETHUSDT,LONG,0,0.7275,0.7275,0.7,1.131,0.0,0.0,PASSED_T1,,,,
2026-05-06T21:00:32.242564,ETHUSDT,SHORT,0,0.3529,0.3529,0.99,0.0,0.0,0.0,REJECTED_T1,Low PF (0.0),,,
2026-05-06T21:00:32.746434,SOLUSDT,LONG,0,0.3804,0.3804,0.7,1.131,0.0,0.0,REJECTED_T1,Proba < Thresh (0.380 < 0.7),,,
2026-05-06T21:00:32.747432,SOLUSDT,SHORT,0,0.3411,0.3411,0.99,0.0,0.0,0.0,REJECTED_T1,Low PF (0.0),,,
2026-05-06T21:00:33.241956,BNBUSDT,LONG,0,0.4519,0.4519,0.7,1.131,0.0,0.0,REJECTED_T1,Proba < Thresh (0.452 < 0.7),,,
2026-05-06T21:00:33.241956,BNBUSDT,SHORT,0,0.3898,0.3898,0.99,0.0,0.0,0.0,REJECTED_T1,Low PF (0.0),,,
2026-05-06T21:00:33.730328,XRPUSDT,LONG,0,0.4698,0.4698,0.7,1.131,0.0,0.0,REJECTED_T1,Proba < Thresh (0.470 < 0.7),,,
2026-05-06T21:00:33.730328,XRPUSDT,SHORT,0,0.336,0.336,0.99,0.0,0.0,0.0,REJECTED_T1,Low PF (0.0),,,
2026-05-06T21:00:34.370317,DOGEUSDT,LONG,0,0.463,0.463,0.7,1.131,0.0,0.0,REJECTED_T1,Proba < Thresh (0.463 < 0.7),,,
2026-05-06T21:00:34.370317,DOGEUSDT,SHORT,0,0.542,0.542,0.99,0.0,0.0,0.0,REJECTED_T1,Low PF (0.0),,,
2026-05-06T21:00:34.864551,AVAXUSDT,LONG,0,0.2493,0.2493,0.7,1.131,0.0,0.0,REJECTED_T1,Proba < Thresh (0.249 < 0.7),,,
2026-05-06T21:00:34.864551,AVAXUSDT,SHORT,0,0.5375,0.5375,0.99,0.0,0.0,0.0,REJECTED_T1,Low PF (0.0),,,
2026-05-06T21:00:35.362584,LINKUSDT,LONG,0,0.2207,0.2207,0.7,1.131,0.0,0.0,REJECTED_T1,Proba < Thresh (0.221 < 0.7),,,
2026-05-06T21:00:35.362584,LINKUSDT,SHORT,0,0.4312,0.4312,0.99,0.0,0.0,0.0,REJECTED_T1,Low PF (0.0),,,
2026-05-06T21:00:35.863232,NEARUSDT,LONG,0,0.0689,0.0689,0.7,1.131,0.0,0.0,REJECTED_T1,Proba < Thresh (0.069 < 0.7),,,
2026-05-06T21:00:35.863232,NEARUSDT,SHORT,0,0.4107,0.4107,0.99,0.0,0.0,0.0,REJECTED_T1,Low PF (0.0),,,
2026-05-06T21:00:36.367094,ADAUSDT,LONG,0,0.2424,0.2424,0.7,1.131,0.0,0.0,REJECTED_T1,Proba < Thresh (0.242 < 0.7),,,
2026-05-06T21:00:36.367094,ADAUSDT,SHORT,0,0.4485,0.4485,0.99,0.0,0.0,0.0,REJECTED_T1,Low PF (0.0),,,
2026-05-06T21:00:37.135811,BTCUSDT,LONG,0,0.4385,0.4385,0.7,1.131,0.0,0.0,REJECTED_T1,Proba < Thresh (0.439 < 0.7),,,
2026-05-06T21:00:37.136840,BTCUSDT,SHORT,0,0.7354,0.7354,0.99,0.0,0.0,0.0,REJECTED_T1,Low PF (0.0),,,
2026-05-06T21:00:37.909549,ETHUSDT,LONG,0,0.7275,0.7275,0.7,1.131,0.0,0.0,PASSED_T1,,,,
2026-05-06T21:00:37.909549,ETHUSDT,SHORT,0,0.3529,0.3529,0.99,0.0,0.0,0.0,REJECTED_T1,Low PF (0.0),,,
2026-05-06T21:00:38.679949,SOLUSDT,LONG,0,0.3705,0.3705,0.7,1.131,0.0,0.0,REJECTED_T1,Proba < Thresh (0.370 < 0.7),,,
2026-05-06T21:00:38.680949,SOLUSDT,SHORT,0,0.3444,0.3444,0.99,0.0,0.0,0.0,REJECTED_T1,Low PF (0.0),,,
2026-05-06T21:00:39.455692,BNBUSDT,LONG,0,0.4373,0.4373,0.7,1.131,0.0,0.0,REJECTED_T1,Proba < Thresh (0.437 < 0.7),,,
2026-05-06T21:00:39.455692,BNBUSDT,SHORT,0,0.3887,0.3887,0.99,0.0,0.0,0.0,REJECTED_T1,Low PF (0.0),,,
2026-05-06T21:00:40.241628,XRPUSDT,LONG,0,0.4757,0.4757,0.7,1.131,0.0,0.0,REJECTED_T1,Proba < Thresh (0.476 < 0.7),,,
2026-05-06T21:00:40.242619,XRPUSDT,SHORT,0,0.336,0.336,0.99,0.0,0.0,0.0,REJECTED_T1,Low PF (0.0),,,
2026-05-06T21:00:41.013419,DOGEUSDT,LONG,0,0.463,0.463,0.7,1.131,0.0,0.0,REJECTED_T1,Proba < Thresh (0.463 < 0.7),,,
2026-05-06T21:00:41.013419,DOGEUSDT,SHORT,0,0.542,0.542,0.99,0.0,0.0,0.0,REJECTED_T1,Low PF (0.0),,,
2026-05-06T21:00:41.796391,AVAXUSDT,LONG,0,0.2493,0.2493,0.7,1.131,0.0,0.0,REJECTED_T1,Proba < Thresh (0.249 < 0.7),,,
2026-05-06T21:00:41.796391,AVAXUSDT,SHORT,0,0.5338,0.5338,0.99,0.0,0.0,0.0,REJECTED_T1,Low PF (0.0),,,
2026-05-06T21:00:42.566011,LINKUSDT,LONG,0,0.2207,0.2207,0.7,1.131,0.0,0.0,REJECTED_T1,Proba < Thresh (0.221 < 0.7),,,
2026-05-06T21:00:42.567008,LINKUSDT,SHORT,0,0.4222,0.4222,0.99,0.0,0.0,0.0,REJECTED_T1,Low PF (0.0),,,
2026-05-06T21:00:43.332529,NEARUSDT,LONG,0,0.0707,0.0707,0.7,1.131,0.0,0.0,REJECTED_T1,Proba < Thresh (0.071 < 0.7),,,
2026-05-06T21:00:43.332529,NEARUSDT,SHORT,0,0.4107,0.4107,0.99,0.0,0.0,0.0,REJECTED_T1,Low PF (0.0),,,
2026-05-06T21:00:44.109478,ADAUSDT,LONG,0,0.251,0.251,0.7,1.131,0.0,0.0,REJECTED_T1,Proba < Thresh (0.251 < 0.7),,,
2026-05-06T21:00:44.109478,ADAUSDT,SHORT,0,0.4485,0.4485,0.99,0.0,0.0,0.0,REJECTED_T1,Low PF (0.0),,,
2026-05-06T21:00:44.609334,BTCUSDT,LONG,0,0.4385,0.4385,0.7,1.131,0.0,0.0,REJECTED_T1,Proba < Thresh (0.439 < 0.7),,,
2026-05-06T21:00:44.610351,BTCUSDT,SHORT,0,0.7354,0.7354,0.99,0.0,0.0,0.0,REJECTED_T1,Low PF (0.0),,,
2026-05-06T21:00:45.116011,ETHUSDT,LONG,0,0.7275,0.7275,0.7,1.131,0.0,0.0,PASSED_T1,,,,
2026-05-06T21:00:45.116011,ETHUSDT,SHORT,0,0.3518,0.3518,0.99,0.0,0.0,0.0,REJECTED_T1,Low PF (0.0),,,
2026-05-06T21:00:45.621572,SOLUSDT,LONG,0,0.3804,0.3804,0.7,1.131,0.0,0.0,REJECTED_T1,Proba < Thresh (0.380 < 0.7),,,
2026-05-06T21:00:45.622554,SOLUSDT,SHORT,0,0.3411,0.3411,0.99,0.0,0.0,0.0,REJECTED_T1,Low PF (0.0),,,
2026-05-06T21:00:46.270189,BNBUSDT,LONG,0,0.4373,0.4373,0.7,1.131,0.0,0.0,REJECTED_T1,Proba < Thresh (0.437 < 0.7),,,
2026-05-06T21:00:46.271189,BNBUSDT,SHORT,0,0.3887,0.3887,0.99,0.0,0.0,0.0,REJECTED_T1,Low PF (0.0),,,
2026-05-06T21:00:46.765723,XRPUSDT,LONG,0,0.4757,0.4757,0.7,1.131,0.0,0.0,REJECTED_T1,Proba < Thresh (0.476 < 0.7),,,
2026-05-06T21:00:46.766730,XRPUSDT,SHORT,0,0.336,0.336,0.99,0.0,0.0,0.0,REJECTED_T1,Low PF (0.0),,,
2026-05-06T21:00:47.266888,DOGEUSDT,LONG,0,0.463,0.463,0.7,1.131,0.0,0.0,REJECTED_T1,Proba < Thresh (0.463 < 0.7),,,
2026-05-06T21:00:47.267829,DOGEUSDT,SHORT,0,0.542,0.542,0.99,0.0,0.0,0.0,REJECTED_T1,Low PF (0.0),,,
2026-05-06T21:00:47.810772,AVAXUSDT,LONG,0,0.2493,0.2493,0.7,1.131,0.0,0.0,REJECTED_T1,Proba < Thresh (0.249 < 0.7),,,
2026-05-06T21:00:47.810772,AVAXUSDT,SHORT,0,0.5375,0.5375,0.99,0.0,0.0,0.0,REJECTED_T1,Low PF (0.0),,,
2026-05-06T21:00:48.354329,LINKUSDT,LONG,0,0.2207,0.2207,0.7,1.131,0.0,0.0,REJECTED_T1,Proba < Thresh (0.221 < 0.7),,,
2026-05-06T21:00:48.354329,LINKUSDT,SHORT,0,0.4378,0.4378,0.99,0.0,0.0,0.0,REJECTED_T1,Low PF (0.0),,,
2026-05-06T21:00:48.899590,NEARUSDT,LONG,0,0.0707,0.0707,0.7,1.131,0.0,0.0,REJECTED_T1,Proba < Thresh (0.071 < 0.7),,,
2026-05-06T21:00:48.899590,NEARUSDT,SHORT,0,0.4107,0.4107,0.99,0.0,0.0,0.0,REJECTED_T1,Low PF (0.0),,,
2026-05-06T21:00:49.445718,ADAUSDT,LONG,0,0.251,0.251,0.7,1.131,0.0,0.0,REJECTED_T1,Proba < Thresh (0.251 < 0.7),,,
2026-05-06T21:00:49.445718,ADAUSDT,SHORT,0,0.4485,0.4485,0.99,0.0,0.0,0.0,REJECTED_T1,Low PF (0.0),,,
2026-05-06T22:00:02.775039,BTCUSDT,LONG,0,0.5792,0.5792,0.7,1.131,0.0,0.0,REJECTED_T1,Proba < Thresh (0.579 < 0.7),,,
2026-05-06T22:00:02.776040,BTCUSDT,SHORT,0,0.6414,0.6414,0.99,0.0,0.0,0.0,REJECTED_T1,Low PF (0.0),,,
2026-05-06T22:00:04.210362,ETHUSDT,LONG,0,0.6986,0.6986,0.7,1.131,0.0,0.0,REJECTED_T1,Proba < Thresh (0.699 < 0.7),,,
2026-05-06T22:00:04.211366,ETHUSDT,SHORT,0,0.5034,0.5034,0.99,0.0,0.0,0.0,REJECTED_T1,Low PF (0.0),,,
2026-05-06T22:00:04.976583,SOLUSDT,LONG,0,0.3351,0.3351,0.7,1.131,0.0,0.0,REJECTED_T1,Proba < Thresh (0.335 < 0.7),,,
2026-05-06T22:00:04.977582,SOLUSDT,SHORT,0,0.335,0.335,0.99,0.0,0.0,0.0,REJECTED_T1,Low PF (0.0),,,
2026-05-06T22:00:05.741206,BNBUSDT,LONG,0,0.2557,0.2557,0.7,1.131,0.0,0.0,REJECTED_T1,Proba < Thresh (0.256 < 0.7),,,
2026-05-06T22:00:05.741206,BNBUSDT,SHORT,0,0.38,0.38,0.99,0.0,0.0,0.0,REJECTED_T1,Low PF (0.0),,,
2026-05-06T22:00:06.528428,XRPUSDT,LONG,0,0.3786,0.3786,0.7,1.131,0.0,0.0,REJECTED_T1,Proba < Thresh (0.379 < 0.7),,,
2026-05-06T22:00:06.529426,XRPUSDT,SHORT,0,0.5099,0.5099,0.99,0.0,0.0,0.0,REJECTED_T1,Low PF (0.0),,,
2026-05-06T22:00:07.306288,DOGEUSDT,LONG,0,0.4383,0.4383,0.7,1.131,0.0,0.0,REJECTED_T1,Proba < Thresh (0.438 < 0.7),,,
2026-05-06T22:00:07.306288,DOGEUSDT,SHORT,0,0.5605,0.5605,0.99,0.0,0.0,0.0,REJECTED_T1,Low PF (0.0),,,
2026-05-06T22:00:08.072977,AVAXUSDT,LONG,0,0.1453,0.1453,0.7,1.131,0.0,0.0,REJECTED_T1,Proba < Thresh (0.145 < 0.7),,,
2026-05-06T22:00:08.073977,AVAXUSDT,SHORT,0,0.5496,0.5496,0.99,0.0,0.0,0.0,REJECTED_T1,Low PF (0.0),,,
2026-05-06T22:00:08.846699,LINKUSDT,LONG,0,0.2117,0.2117,0.7,1.131,0.0,0.0,REJECTED_T1,Proba < Thresh (0.212 < 0.7),,,
2026-05-06T22:00:08.847699,LINKUSDT,SHORT,0,0.506,0.506,0.99,0.0,0.0,0.0,REJECTED_T1,Low PF (0.0),,,
2026-05-06T22:00:09.606863,NEARUSDT,LONG,0,0.0581,0.0581,0.7,1.131,0.0,0.0,REJECTED_T1,Proba < Thresh (0.058 < 0.7),,,
2026-05-06T22:00:09.607849,NEARUSDT,SHORT,0,0.4463,0.4463,0.99,0.0,0.0,0.0,REJECTED_T1,Low PF (0.0),,,
2026-05-06T22:00:10.371663,ADAUSDT,LONG,0,0.1864,0.1864,0.7,1.131,0.0,0.0,REJECTED_T1,Proba < Thresh (0.186 < 0.7),,,
2026-05-06T22:00:10.371663,ADAUSDT,SHORT,0,0.5414,0.5414,0.99,0.0,0.0,0.0,REJECTED_T1,Low PF (0.0),,,
2026-05-06T22:00:10.874808,BTCUSDT,LONG,0,0.3869,0.3869,0.7,1.131,0.0,0.0,REJECTED_T1,Proba < Thresh (0.387 < 0.7),,,
2026-05-06T22:00:10.874808,BTCUSDT,SHORT,0,0.6589,0.6589,0.99,0.0,0.0,0.0,REJECTED_T1,Low PF (0.0),,,
2026-05-06T22:00:11.356134,ETHUSDT,LONG,0,0.6986,0.6986,0.7,1.131,0.0,0.0,REJECTED_T1,Proba < Thresh (0.699 < 0.7),,,
2026-05-06T22:00:11.356134,ETHUSDT,SHORT,0,0.5034,0.5034,0.99,0.0,0.0,0.0,REJECTED_T1,Low PF (0.0),,,
2026-05-06T22:00:11.867868,SOLUSDT,LONG,0,0.3235,0.3235,0.7,1.131,0.0,0.0,REJECTED_T1,Proba < Thresh (0.323 < 0.7),,,
2026-05-06T22:00:11.868875,SOLUSDT,SHORT,0,0.3383,0.3383,0.99,0.0,0.0,0.0,REJECTED_T1,Low PF (0.0),,,
2026-05-06T22:00:12.373989,BNBUSDT,LONG,0,0.2557,0.2557,0.7,1.131,0.0,0.0,REJECTED_T1,Proba < Thresh (0.256 < 0.7),,,
2026-05-06T22:00:12.374989,BNBUSDT,SHORT,0,0.38,0.38,0.99,0.0,0.0,0.0,REJECTED_T1,Low PF (0.0),,,
2026-05-06T22:00:12.882978,XRPUSDT,LONG,0,0.3861,0.3861,0.7,1.131,0.0,0.0,REJECTED_T1,Proba < Thresh (0.386 < 0.7),,,
2026-05-06T22:00:12.882978,XRPUSDT,SHORT,0,0.5099,0.5099,0.99,0.0,0.0,0.0,REJECTED_T1,Low PF (0.0),,,
2026-05-06T22:00:13.385644,DOGEUSDT,LONG,0,0.4424,0.4424,0.7,1.131,0.0,0.0,REJECTED_T1,Proba < Thresh (0.442 < 0.7),,,
2026-05-06T22:00:13.385644,DOGEUSDT,SHORT,0,0.5605,0.5605,0.99,0.0,0.0,0.0,REJECTED_T1,Low PF (0.0),,,
2026-05-06T22:00:13.900677,AVAXUSDT,LONG,0,0.1453,0.1453,0.7,1.131,0.0,0.0,REJECTED_T1,Proba < Thresh (0.145 < 0.7),,,
2026-05-06T22:00:13.900677,AVAXUSDT,SHORT,0,0.5581,0.5581,0.99,0.0,0.0,0.0,REJECTED_T1,Low PF (0.0),,,
2026-05-06T22:00:14.395740,LINKUSDT,LONG,0,0.2117,0.2117,0.7,1.131,0.0,0.0,REJECTED_T1,Proba < Thresh (0.212 < 0.7),,,
2026-05-06T22:00:14.395740,LINKUSDT,SHORT,0,0.5058,0.5058,0.99,0.0,0.0,0.0,REJECTED_T1,Low PF (0.0),,,
2026-05-06T22:00:14.904339,NEARUSDT,LONG,0,0.0588,0.0588,0.7,1.131,0.0,0.0,REJECTED_T1,Proba < Thresh (0.059 < 0.7),,,
2026-05-06T22:00:14.904339,NEARUSDT,SHORT,0,0.4463,0.4463,0.99,0.0,0.0,0.0,REJECTED_T1,Low PF (0.0),,,
2026-05-06T22:00:15.406316,ADAUSDT,LONG,0,0.1864,0.1864,0.7,1.131,0.0,0.0,REJECTED_T1,Proba < Thresh (0.186 < 0.7),,,
2026-05-06T22:00:15.407316,ADAUSDT,SHORT,0,0.5414,0.5414,0.99,0.0,0.0,0.0,REJECTED_T1,Low PF (0.0),,,
2026-05-06T22:00:15.901655,BTCUSDT,LONG,0,0.3869,0.3869,0.7,1.131,0.0,0.0,REJECTED_T1,Proba < Thresh (0.387 < 0.7),,,
2026-05-06T22:00:15.901655,BTCUSDT,SHORT,0,0.6622,0.6622,0.99,0.0,0.0,0.0,REJECTED_T1,Low PF (0.0),,,
2026-05-06T22:00:16.388808,ETHUSDT,LONG,0,0.6986,0.6986,0.7,1.131,0.0,0.0,REJECTED_T1,Proba < Thresh (0.699 < 0.7),,,
2026-05-06T22:00:16.388808,ETHUSDT,SHORT,0,0.5034,0.5034,0.99,0.0,0.0,0.0,REJECTED_T1,Low PF (0.0),,,
2026-05-06T22:00:16.898409,SOLUSDT,LONG,0,0.3261,0.3261,0.7,1.131,0.0,0.0,REJECTED_T1,Proba < Thresh (0.326 < 0.7),,,
2026-05-06T22:00:16.899410,SOLUSDT,SHORT,0,0.3366,0.3366,0.99,0.0,0.0,0.0,REJECTED_T1,Low PF (0.0),,,
2026-05-06T22:00:17.403744,BNBUSDT,LONG,0,0.2511,0.2511,0.7,1.131,0.0,0.0,REJECTED_T1,Proba < Thresh (0.251 < 0.7),,,
2026-05-06T22:00:17.403744,BNBUSDT,SHORT,0,0.382,0.382,0.99,0.0,0.0,0.0,REJECTED_T1,Low PF (0.0),,,
2026-05-06T22:00:17.893995,XRPUSDT,LONG,0,0.389,0.389,0.7,1.131,0.0,0.0,REJECTED_T1,Proba < Thresh (0.389 < 0.7),,,
2026-05-06T22:00:17.893995,XRPUSDT,SHORT,0,0.5099,0.5099,0.99,0.0,0.0,0.0,REJECTED_T1,Low PF (0.0),,,
2026-05-06T22:00:18.549496,DOGEUSDT,LONG,0,0.4424,0.4424,0.7,1.131,0.0,0.0,REJECTED_T1,Proba < Thresh (0.442 < 0.7),,,
2026-05-06T22:00:18.549496,DOGEUSDT,SHORT,0,0.5605,0.5605,0.99,0.0,0.0,0.0,REJECTED_T1,Low PF (0.0),,,
2026-05-06T22:00:19.052768,AVAXUSDT,LONG,0,0.1453,0.1453,0.7,1.131,0.0,0.0,REJECTED_T1,Proba < Thresh (0.145 < 0.7),,,
2026-05-06T22:00:19.052768,AVAXUSDT,SHORT,0,0.5618,0.5618,0.99,0.0,0.0,0.0,REJECTED_T1,Low PF (0.0),,,
2026-05-06T22:00:19.540572,LINKUSDT,LONG,0,0.2794,0.2794,0.7,1.131,0.0,0.0,REJECTED_T1,Proba < Thresh (0.279 < 0.7),,,
2026-05-06T22:00:19.540572,LINKUSDT,SHORT,0,0.5058,0.5058,0.99,0.0,0.0,0.0,REJECTED_T1,Low PF (0.0),,,
2026-05-06T22:00:20.025594,NEARUSDT,LONG,0,0.0566,0.0566,0.7,1.131,0.0,0.0,REJECTED_T1,Proba < Thresh (0.057 < 0.7),,,
2026-05-06T22:00:20.025594,NEARUSDT,SHORT,0,0.4429,0.4429,0.99,0.0,0.0,0.0,REJECTED_T1,Low PF (0.0),,,
2026-05-06T22:00:20.544445,ADAUSDT,LONG,0,0.1813,0.1813,0.7,1.131,0.0,0.0,REJECTED_T1,Proba < Thresh (0.181 < 0.7),,,
2026-05-06T22:00:20.544445,ADAUSDT,SHORT,0,0.5485,0.5485,0.99,0.0,0.0,0.0,REJECTED_T1,Low PF (0.0),,,
2026-05-06T22:00:21.053158,BTCUSDT,LONG,0,0.3869,0.3869,0.7,1.131,0.0,0.0,REJECTED_T1,Proba < Thresh (0.387 < 0.7),,,
2026-05-06T22:00:21.053158,BTCUSDT,SHORT,0,0.6622,0.6622,0.99,0.0,0.0,0.0,REJECTED_T1,Low PF (0.0),,,
2026-05-06T22:00:21.758397,ETHUSDT,LONG,0,0.6986,0.6986,0.7,1.131,0.0,0.0,REJECTED_T1,Proba < Thresh (0.699 < 0.7),,,
2026-05-06T22:00:21.758397,ETHUSDT,SHORT,0,0.4779,0.4779,0.99,0.0,0.0,0.0,REJECTED_T1,Low PF (0.0),,,
2026-05-06T22:00:22.268340,SOLUSDT,LONG,0,0.3342,0.3342,0.7,1.131,0.0,0.0,REJECTED_T1,Proba < Thresh (0.334 < 0.7),,,
2026-05-06T22:00:22.269341,SOLUSDT,SHORT,0,0.3475,0.3475,0.99,0.0,0.0,0.0,REJECTED_T1,Low PF (0.0),,,
2026-05-06T22:00:22.955595,BNBUSDT,LONG,0,0.2446,0.2446,0.7,1.131,0.0,0.0,REJECTED_T1,Proba < Thresh (0.245 < 0.7),,,
2026-05-06T22:00:22.955595,BNBUSDT,SHORT,0,0.3759,0.3759,0.99,0.0,0.0,0.0,REJECTED_T1,Low PF (0.0),,,
2026-05-06T22:00:23.745951,XRPUSDT,LONG,0,0.3967,0.3967,0.7,1.131,0.0,0.0,REJECTED_T1,Proba < Thresh (0.397 < 0.7),,,
2026-05-06T22:00:23.746975,XRPUSDT,SHORT,0,0.5099,0.5099,0.99,0.0,0.0,0.0,REJECTED_T1,Low PF (0.0),,,
2026-05-06T22:00:24.241367,DOGEUSDT,LONG,0,0.4429,0.4429,0.7,1.131,0.0,0.0,REJECTED_T1,Proba < Thresh (0.443 < 0.7),,,
2026-05-06T22:00:24.242369,DOGEUSDT,SHORT,0,0.5555,0.5555,0.99,0.0,0.0,0.0,REJECTED_T1,Low PF (0.0),,,
2026-05-06T22:00:24.727347,AVAXUSDT,LONG,0,0.1501,0.1501,0.7,1.131,0.0,0.0,REJECTED_T1,Proba < Thresh (0.150 < 0.7),,,
2026-05-06T22:00:24.727347,AVAXUSDT,SHORT,0,0.5469,0.5469,0.99,0.0,0.0,0.0,REJECTED_T1,Low PF (0.0),,,
2026-05-06T22:00:25.628226,LINKUSDT,LONG,0,0.2794,0.2794,0.7,1.131,0.0,0.0,REJECTED_T1,Proba < Thresh (0.279 < 0.7),,,
2026-05-06T22:00:25.629225,LINKUSDT,SHORT,0,0.5058,0.5058,0.99,0.0,0.0,0.0,REJECTED_T1,Low PF (0.0),,,
2026-05-06T22:00:26.114090,NEARUSDT,LONG,0,0.0574,0.0574,0.7,1.131,0.0,0.0,REJECTED_T1,Proba < Thresh (0.057 < 0.7),,,
2026-05-06T22:00:26.114090,NEARUSDT,SHORT,0,0.4372,0.4372,0.99,0.0,0.0,0.0,REJECTED_T1,Low PF (0.0),,,
2026-05-06T22:00:26.628972,ADAUSDT,LONG,0,0.1817,0.1817,0.7,1.131,0.0,0.0,REJECTED_T1,Proba < Thresh (0.182 < 0.7),,,
2026-05-06T22:00:26.628972,ADAUSDT,SHORT,0,0.5453,0.5453,0.99,0.0,0.0,0.0,REJECTED_T1,Low PF (0.0),,,
2026-05-06T22:00:27.127748,BTCUSDT,LONG,0,0.3895,0.3895,0.7,1.131,0.0,0.0,REJECTED_T1,Proba < Thresh (0.389 < 0.7),,,
2026-05-06T22:00:27.128746,BTCUSDT,SHORT,0,0.675,0.675,0.99,0.0,0.0,0.0,REJECTED_T1,Low PF (0.0),,,
2026-05-06T22:00:27.615202,ETHUSDT,LONG,0,0.6986,0.6986,0.7,1.131,0.0,0.0,REJECTED_T1,Proba < Thresh (0.699 < 0.7),,,
2026-05-06T22:00:27.615202,ETHUSDT,SHORT,0,0.4779,0.4779,0.99,0.0,0.0,0.0,REJECTED_T1,Low PF (0.0),,,
2026-05-06T22:00:28.102086,SOLUSDT,LONG,0,0.3204,0.3204,0.7,1.131,0.0,0.0,REJECTED_T1,Proba < Thresh (0.320 < 0.7),,,
2026-05-06T22:00:28.103087,SOLUSDT,SHORT,0,0.3467,0.3467,0.99,0.0,0.0,0.0,REJECTED_T1,Low PF (0.0),,,
2026-05-06T22:00:28.608227,BNBUSDT,LONG,0,0.2446,0.2446,0.7,1.131,0.0,0.0,REJECTED_T1,Proba < Thresh (0.245 < 0.7),,,
2026-05-06T22:00:28.609214,BNBUSDT,SHORT,0,0.3705,0.3705,0.99,0.0,0.0,0.0,REJECTED_T1,Low PF (0.0),,,
2026-05-06T22:00:29.113128,XRPUSDT,LONG,0,0.3853,0.3853,0.7,1.131,0.0,0.0,REJECTED_T1,Proba < Thresh (0.385 < 0.7),,,
2026-05-06T22:00:29.113128,XRPUSDT,SHORT,0,0.5065,0.5065,0.99,0.0,0.0,0.0,REJECTED_T1,Low PF (0.0),,,
2026-05-06T22:00:29.616816,DOGEUSDT,LONG,0,0.4429,0.4429,0.7,1.131,0.0,0.0,REJECTED_T1,Proba < Thresh (0.443 < 0.7),,,
2026-05-06T22:00:29.616816,DOGEUSDT,SHORT,0,0.5533,0.5533,0.99,0.0,0.0,0.0,REJECTED_T1,Low PF (0.0),,,
2026-05-06T22:00:30.104226,AVAXUSDT,LONG,0,0.1433,0.1433,0.7,1.131,0.0,0.0,REJECTED_T1,Proba < Thresh (0.143 < 0.7),,,
2026-05-06T22:00:30.105211,AVAXUSDT,SHORT,0,0.5436,0.5436,0.99,0.0,0.0,0.0,REJECTED_T1,Low PF (0.0),,,
2026-05-06T22:00:30.607679,LINKUSDT,LONG,0,0.2794,0.2794,0.7,1.131,0.0,0.0,REJECTED_T1,Proba < Thresh (0.279 < 0.7),,,
2026-05-06T22:00:30.607679,LINKUSDT,SHORT,0,0.498,0.498,0.99,0.0,0.0,0.0,REJECTED_T1,Low PF (0.0),,,
2026-05-06T22:00:31.115152,NEARUSDT,LONG,0,0.0574,0.0574,0.7,1.131,0.0,0.0,REJECTED_T1,Proba < Thresh (0.057 < 0.7),,,
2026-05-06T22:00:31.116153,NEARUSDT,SHORT,0,0.4372,0.4372,0.99,0.0,0.0,0.0,REJECTED_T1,Low PF (0.0),,,
2026-05-06T22:00:31.612489,ADAUSDT,LONG,0,0.1849,0.1849,0.7,1.131,0.0,0.0,REJECTED_T1,Proba < Thresh (0.185 < 0.7),,,
2026-05-06T22:00:31.612489,ADAUSDT,SHORT,0,0.5453,0.5453,0.99,0.0,0.0,0.0,REJECTED_T1,Low PF (0.0),,,
2026-05-06T22:00:32.382380,BTCUSDT,LONG,0,0.3931,0.3931,0.7,1.131,0.0,0.0,REJECTED_T1,Proba < Thresh (0.393 < 0.7),,,
2026-05-06T22:00:32.382380,BTCUSDT,SHORT,0,0.675,0.675,0.99,0.0,0.0,0.0,REJECTED_T1,Low PF (0.0),,,
2026-05-06T22:00:32.903666,ETHUSDT,LONG,0,0.6986,0.6986,0.7,1.131,0.0,0.0,REJECTED_T1,Proba < Thresh (0.699 < 0.7),,,
2026-05-06T22:00:32.903666,ETHUSDT,SHORT,0,0.4754,0.4754,0.99,0.0,0.0,0.0,REJECTED_T1,Low PF (0.0),,,
2026-05-06T22:00:33.858613,SOLUSDT,LONG,0,0.2968,0.2968,0.7,1.131,0.0,0.0,REJECTED_T1,Proba < Thresh (0.297 < 0.7),,,
2026-05-06T22:00:33.858613,SOLUSDT,SHORT,0,0.3467,0.3467,0.99,0.0,0.0,0.0,REJECTED_T1,Low PF (0.0),,,
2026-05-06T22:00:34.370741,BNBUSDT,LONG,0,0.2446,0.2446,0.7,1.131,0.0,0.0,REJECTED_T1,Proba < Thresh (0.245 < 0.7),,,
2026-05-06T22:00:34.371830,BNBUSDT,SHORT,0,0.3734,0.3734,0.99,0.0,0.0,0.0,REJECTED_T1,Low PF (0.0),,,
2026-05-06T22:00:34.879137,XRPUSDT,LONG,0,0.3853,0.3853,0.7,1.131,0.0,0.0,REJECTED_T1,Proba < Thresh (0.385 < 0.7),,,
2026-05-06T22:00:34.880138,XRPUSDT,SHORT,0,0.4987,0.4987,0.99,0.0,0.0,0.0,REJECTED_T1,Low PF (0.0),,,
2026-05-06T22:00:35.366904,DOGEUSDT,LONG,0,0.4429,0.4429,0.7,1.131,0.0,0.0,REJECTED_T1,Proba < Thresh (0.443 < 0.7),,,
2026-05-06T22:00:35.366904,DOGEUSDT,SHORT,0,0.5533,0.5533,0.99,0.0,0.0,0.0,REJECTED_T1,Low PF (0.0),,,
2026-05-06T22:00:35.866156,AVAXUSDT,LONG,0,0.1462,0.1462,0.7,1.131,0.0,0.0,REJECTED_T1,Proba < Thresh (0.146 < 0.7),,,
2026-05-06T22:00:35.867157,AVAXUSDT,SHORT,0,0.5436,0.5436,0.99,0.0,0.0,0.0,REJECTED_T1,Low PF (0.0),,,
2026-05-06T22:00:36.363958,LINKUSDT,LONG,0,0.285,0.285,0.7,1.131,0.0,0.0,REJECTED_T1,Proba < Thresh (0.285 < 0.7),,,
2026-05-06T22:00:36.363958,LINKUSDT,SHORT,0,0.498,0.498,0.99,0.0,0.0,0.0,REJECTED_T1,Low PF (0.0),,,
2026-05-06T22:00:37.022025,NEARUSDT,LONG,0,0.0574,0.0574,0.7,1.131,0.0,0.0,REJECTED_T1,Proba < Thresh (0.057 < 0.7),,,
2026-05-06T22:00:37.023012,NEARUSDT,SHORT,0,0.4372,0.4372,0.99,0.0,0.0,0.0,REJECTED_T1,Low PF (0.0),,,
2026-05-06T22:00:37.522306,ADAUSDT,LONG,0,0.1849,0.1849,0.7,1.131,0.0,0.0,REJECTED_T1,Proba < Thresh (0.185 < 0.7),,,
2026-05-06T22:00:37.523307,ADAUSDT,SHORT,0,0.5453,0.5453,0.99,0.0,0.0,0.0,REJECTED_T1,Low PF (0.0),,,
2026-05-06T22:00:38.011830,BTCUSDT,LONG,0,0.3936,0.3936,0.7,1.131,0.0,0.0,REJECTED_T1,Proba < Thresh (0.394 < 0.7),,,
2026-05-06T22:00:38.011830,BTCUSDT,SHORT,0,0.6628,0.6628,0.99,0.0,0.0,0.0,REJECTED_T1,Low PF (0.0),,,
2026-05-06T22:00:38.797882,ETHUSDT,LONG,0,0.6986,0.6986,0.7,1.131,0.0,0.0,REJECTED_T1,Proba < Thresh (0.699 < 0.7),,,
2026-05-06T22:00:38.797882,ETHUSDT,SHORT,0,0.4754,0.4754,0.99,0.0,0.0,0.0,REJECTED_T1,Low PF (0.0),,,
2026-05-06T22:00:39.578582,SOLUSDT,LONG,0,0.2968,0.2968,0.7,1.131,0.0,0.0,REJECTED_T1,Proba < Thresh (0.297 < 0.7),,,
2026-05-06T22:00:39.578582,SOLUSDT,SHORT,0,0.3433,0.3433,0.99,0.0,0.0,0.0,REJECTED_T1,Low PF (0.0),,,
2026-05-06T22:00:40.341804,BNBUSDT,LONG,0,0.2446,0.2446,0.7,1.131,0.0,0.0,REJECTED_T1,Proba < Thresh (0.245 < 0.7),,,
2026-05-06T22:00:40.341804,BNBUSDT,SHORT,0,0.3734,0.3734,0.99,0.0,0.0,0.0,REJECTED_T1,Low PF (0.0),,,
2026-05-06T22:00:41.102228,XRPUSDT,LONG,0,0.3805,0.3805,0.7,1.131,0.0,0.0,REJECTED_T1,Proba < Thresh (0.380 < 0.7),,,
2026-05-06T22:00:41.102228,XRPUSDT,SHORT,0,0.5099,0.5099,0.99,0.0,0.0,0.0,REJECTED_T1,Low PF (0.0),,,
2026-05-06T22:00:41.879816,DOGEUSDT,LONG,0,0.4424,0.4424,0.7,1.131,0.0,0.0,REJECTED_T1,Proba < Thresh (0.442 < 0.7),,,
2026-05-06T22:00:41.879816,DOGEUSDT,SHORT,0,0.5605,0.5605,0.99,0.0,0.0,0.0,REJECTED_T1,Low PF (0.0),,,
2026-05-06T22:00:42.643217,AVAXUSDT,LONG,0,0.1484,0.1484,0.7,1.131,0.0,0.0,REJECTED_T1,Proba < Thresh (0.148 < 0.7),,,
2026-05-06T22:00:42.644202,AVAXUSDT,SHORT,0,0.5418,0.5418,0.99,0.0,0.0,0.0,REJECTED_T1,Low PF (0.0),,,
2026-05-06T22:00:43.419740,LINKUSDT,LONG,0,0.2794,0.2794,0.7,1.131,0.0,0.0,REJECTED_T1,Proba < Thresh (0.279 < 0.7),,,
2026-05-06T22:00:43.419740,LINKUSDT,SHORT,0,0.5001,0.5001,0.99,0.0,0.0,0.0,REJECTED_T1,Low PF (0.0),,,
2026-05-06T22:00:44.398130,NEARUSDT,LONG,0,0.0574,0.0574,0.7,1.131,0.0,0.0,REJECTED_T1,Proba < Thresh (0.057 < 0.7),,,
2026-05-06T22:00:44.399121,NEARUSDT,SHORT,0,0.4372,0.4372,0.99,0.0,0.0,0.0,REJECTED_T1,Low PF (0.0),,,
2026-05-06T22:00:45.178048,ADAUSDT,LONG,0,0.1849,0.1849,0.7,1.131,0.0,0.0,REJECTED_T1,Proba < Thresh (0.185 < 0.7),,,
2026-05-06T22:00:45.179047,ADAUSDT,SHORT,0,0.5453,0.5453,0.99,0.0,0.0,0.0,REJECTED_T1,Low PF (0.0),,,
2026-05-06T22:00:45.924770,BTCUSDT,LONG,0,0.3936,0.3936,0.7,1.131,0.0,0.0,REJECTED_T1,Proba < Thresh (0.394 < 0.7),,,
2026-05-06T22:00:45.924770,BTCUSDT,SHORT,0,0.6574,0.6574,0.99,0.0,0.0,0.0,REJECTED_T1,Low PF (0.0),,,
2026-05-06T22:00:46.450154,ETHUSDT,LONG,0,0.6986,0.6986,0.7,1.131,0.0,0.0,REJECTED_T1,Proba < Thresh (0.699 < 0.7),,,
2026-05-06T22:00:46.450154,ETHUSDT,SHORT,0,0.4779,0.4779,0.99,0.0,0.0,0.0,REJECTED_T1,Low PF (0.0),,,
2026-05-06T22:00:46.947878,SOLUSDT,LONG,0,0.2968,0.2968,0.7,1.131,0.0,0.0,REJECTED_T1,Proba < Thresh (0.297 < 0.7),,,
2026-05-06T22:00:46.947878,SOLUSDT,SHORT,0,0.3442,0.3442,0.99,0.0,0.0,0.0,REJECTED_T1,Low PF (0.0),,,
2026-05-06T22:00:47.442834,BNBUSDT,LONG,0,0.2555,0.2555,0.7,1.131,0.0,0.0,REJECTED_T1,Proba < Thresh (0.256 < 0.7),,,
2026-05-06T22:00:47.442834,BNBUSDT,SHORT,0,0.3708,0.3708,0.99,0.0,0.0,0.0,REJECTED_T1,Low PF (0.0),,,
2026-05-06T22:00:47.951456,XRPUSDT,LONG,0,0.3853,0.3853,0.7,1.131,0.0,0.0,REJECTED_T1,Proba < Thresh (0.385 < 0.7),,,
2026-05-06T22:00:47.951456,XRPUSDT,SHORT,0,0.5065,0.5065,0.99,0.0,0.0,0.0,REJECTED_T1,Low PF (0.0),,,
2026-05-06T22:00:48.447673,DOGEUSDT,LONG,0,0.4424,0.4424,0.7,1.131,0.0,0.0,REJECTED_T1,Proba < Thresh (0.442 < 0.7),,,
2026-05-06T22:00:48.447673,DOGEUSDT,SHORT,0,0.5555,0.5555,0.99,0.0,0.0,0.0,REJECTED_T1,Low PF (0.0),,,
2026-05-06T22:00:48.953421,AVAXUSDT,LONG,0,0.1484,0.1484,0.7,1.131,0.0,0.0,REJECTED_T1,Proba < Thresh (0.148 < 0.7),,,
2026-05-06T22:00:48.953421,AVAXUSDT,SHORT,0,0.5378,0.5378,0.99,0.0,0.0,0.0,REJECTED_T1,Low PF (0.0),,,
2026-05-06T22:00:49.453104,LINKUSDT,LONG,0,0.2822,0.2822,0.7,1.131,0.0,0.0,REJECTED_T1,Proba < Thresh (0.282 < 0.7),,,
2026-05-06T22:00:49.453104,LINKUSDT,SHORT,0,0.4923,0.4923,0.99,0.0,0.0,0.0,REJECTED_T1,Low PF (0.0),,,
2026-05-06T22:00:49.955541,NEARUSDT,LONG,0,0.0563,0.0563,0.7,1.131,0.0,0.0,REJECTED_T1,Proba < Thresh (0.056 < 0.7),,,
2026-05-06T22:00:49.955541,NEARUSDT,SHORT,0,0.4372,0.4372,0.99,0.0,0.0,0.0,REJECTED_T1,Low PF (0.0),,,
2026-05-06T22:00:50.476351,ADAUSDT,LONG,0,0.1849,0.1849,0.7,1.131,0.0,0.0,REJECTED_T1,Proba < Thresh (0.185 < 0.7),,,
2026-05-06T22:00:50.477352,ADAUSDT,SHORT,0,0.5453,0.5453,0.99,0.0,0.0,0.0,REJECTED_T1,Low PF (0.0),,,
2026-05-06T23:00:03.251938,BTCUSDT,LONG,0,0.579,0.579,0.7,1.131,0.0,0.0,REJECTED_T1,Proba < Thresh (0.579 < 0.7),,,
2026-05-06T23:00:03.251938,BTCUSDT,SHORT,0,0.6864,0.6864,0.99,0.0,0.0,0.0,REJECTED_T1,Low PF (0.0),,,
2026-05-06T23:00:04.332687,ETHUSDT,LONG,0,0.7014,0.7014,0.7,1.131,0.0,0.0,PASSED_T1,,,,
2026-05-06T23:00:04.332687,ETHUSDT,SHORT,0,0.4484,0.4484,0.99,0.0,0.0,0.0,REJECTED_T1,Low PF (0.0),,,
2026-05-06T23:00:05.097511,SOLUSDT,LONG,0,0.2786,0.2786,0.7,1.131,0.0,0.0,REJECTED_T1,Proba < Thresh (0.279 < 0.7),,,
2026-05-06T23:00:05.097511,SOLUSDT,SHORT,0,0.2818,0.2818,0.99,0.0,0.0,0.0,REJECTED_T1,Low PF (0.0),,,
2026-05-06T23:00:05.860304,BNBUSDT,LONG,0,0.18,0.18,0.7,1.131,0.0,0.0,REJECTED_T1,Proba < Thresh (0.180 < 0.7),,,
2026-05-06T23:00:05.860304,BNBUSDT,SHORT,0,0.3601,0.3601,0.99,0.0,0.0,0.0,REJECTED_T1,Low PF (0.0),,,
2026-05-06T23:00:06.636907,XRPUSDT,LONG,0,0.3202,0.3202,0.7,1.131,0.0,0.0,REJECTED_T1,Proba < Thresh (0.320 < 0.7),,,
2026-05-06T23:00:06.637891,XRPUSDT,SHORT,0,0.4875,0.4875,0.99,0.0,0.0,0.0,REJECTED_T1,Low PF (0.0),,,
2026-05-06T23:00:07.426230,DOGEUSDT,LONG,0,0.4034,0.4034,0.7,1.131,0.0,0.0,REJECTED_T1,Proba < Thresh (0.403 < 0.7),,,
2026-05-06T23:00:07.427227,DOGEUSDT,SHORT,0,0.5233,0.5233,0.99,0.0,0.0,0.0,REJECTED_T1,Low PF (0.0),,,
2026-05-06T23:00:08.207438,AVAXUSDT,LONG,0,0.2444,0.2444,0.7,1.131,0.0,0.0,REJECTED_T1,Proba < Thresh (0.244 < 0.7),,,
2026-05-06T23:00:08.208421,AVAXUSDT,SHORT,0,0.4404,0.4404,0.99,0.0,0.0,0.0,REJECTED_T1,Low PF (0.0),,,
2026-05-06T23:00:08.982130,LINKUSDT,LONG,0,0.3206,0.3206,0.7,1.131,0.0,0.0,REJECTED_T1,Proba < Thresh (0.321 < 0.7),,,
2026-05-06T23:00:08.983132,LINKUSDT,SHORT,0,0.4782,0.4782,0.99,0.0,0.0,0.0,REJECTED_T1,Low PF (0.0),,,
2026-05-06T23:00:09.742837,NEARUSDT,LONG,0,0.0322,0.0322,0.7,1.131,0.0,0.0,REJECTED_T1,Proba < Thresh (0.032 < 0.7),,,
2026-05-06T23:00:09.743834,NEARUSDT,SHORT,0,0.4225,0.4225,0.99,0.0,0.0,0.0,REJECTED_T1,Low PF (0.0),,,
2026-05-06T23:00:10.573239,ADAUSDT,LONG,0,0.2286,0.2286,0.7,1.131,0.0,0.0,REJECTED_T1,Proba < Thresh (0.229 < 0.7),,,
2026-05-06T23:00:10.574235,ADAUSDT,SHORT,0,0.4958,0.4958,0.99,0.0,0.0,0.0,REJECTED_T1,Low PF (0.0),,,
2026-05-06T23:00:11.083242,BTCUSDT,LONG,0,0.4447,0.4447,0.7,1.131,0.0,0.0,REJECTED_T1,Proba < Thresh (0.445 < 0.7),,,
2026-05-06T23:00:11.084227,BTCUSDT,SHORT,0,0.7037,0.7037,0.99,0.0,0.0,0.0,REJECTED_T1,Low PF (0.0),,,
2026-05-06T23:00:11.746045,ETHUSDT,LONG,0,0.6938,0.6938,0.7,1.131,0.0,0.0,REJECTED_T1,Proba < Thresh (0.694 < 0.7),,,
2026-05-06T23:00:11.746045,ETHUSDT,SHORT,0,0.5191,0.5191,0.99,0.0,0.0,0.0,REJECTED_T1,Low PF (0.0),,,
2026-05-06T23:00:12.255425,SOLUSDT,LONG,0,0.3004,0.3004,0.7,1.131,0.0,0.0,REJECTED_T1,Proba < Thresh (0.300 < 0.7),,,
2026-05-06T23:00:12.255425,SOLUSDT,SHORT,0,0.2963,0.2963,0.99,0.0,0.0,0.0,REJECTED_T1,Low PF (0.0),,,
2026-05-06T23:00:12.750288,BNBUSDT,LONG,0,0.1886,0.1886,0.7,1.131,0.0,0.0,REJECTED_T1,Proba < Thresh (0.189 < 0.7),,,
2026-05-06T23:00:12.751287,BNBUSDT,SHORT,0,0.3601,0.3601,0.99,0.0,0.0,0.0,REJECTED_T1,Low PF (0.0),,,
2026-05-06T23:00:13.239390,XRPUSDT,LONG,0,0.3241,0.3241,0.7,1.131,0.0,0.0,REJECTED_T1,Proba < Thresh (0.324 < 0.7),,,
2026-05-06T23:00:13.240390,XRPUSDT,SHORT,0,0.4875,0.4875,0.99,0.0,0.0,0.0,REJECTED_T1,Low PF (0.0),,,
2026-05-06T23:00:13.762750,DOGEUSDT,LONG,0,0.4757,0.4757,0.7,1.131,0.0,0.0,REJECTED_T1,Proba < Thresh (0.476 < 0.7),,,
2026-05-06T23:00:13.762750,DOGEUSDT,SHORT,0,0.6105,0.6105,0.99,0.0,0.0,0.0,REJECTED_T1,Low PF (0.0),,,
2026-05-06T23:00:14.276416,AVAXUSDT,LONG,0,0.2263,0.2263,0.7,1.131,0.0,0.0,REJECTED_T1,Proba < Thresh (0.226 < 0.7),,,
2026-05-06T23:00:14.277505,AVAXUSDT,SHORT,0,0.4404,0.4404,0.99,0.0,0.0,0.0,REJECTED_T1,Low PF (0.0),,,
2026-05-06T23:00:14.797845,LINKUSDT,LONG,0,0.3206,0.3206,0.7,1.131,0.0,0.0,REJECTED_T1,Proba < Thresh (0.321 < 0.7),,,
2026-05-06T23:00:14.797845,LINKUSDT,SHORT,0,0.4782,0.4782,0.99,0.0,0.0,0.0,REJECTED_T1,Low PF (0.0),,,
2026-05-06T23:00:15.340568,NEARUSDT,LONG,0,0.0322,0.0322,0.7,1.131,0.0,0.0,REJECTED_T1,Proba < Thresh (0.032 < 0.7),,,
2026-05-06T23:00:15.341567,NEARUSDT,SHORT,0,0.4225,0.4225,0.99,0.0,0.0,0.0,REJECTED_T1,Low PF (0.0),,,
2026-05-06T23:00:16.201157,ADAUSDT,LONG,0,0.2286,0.2286,0.7,1.131,0.0,0.0,REJECTED_T1,Proba < Thresh (0.229 < 0.7),,,
2026-05-06T23:00:16.201157,ADAUSDT,SHORT,0,0.4958,0.4958,0.99,0.0,0.0,0.0,REJECTED_T1,Low PF (0.0),,,
2026-05-06T23:00:16.713487,BTCUSDT,LONG,0,0.45,0.45,0.7,1.131,0.0,0.0,REJECTED_T1,Proba < Thresh (0.450 < 0.7),,,
2026-05-06T23:00:16.713487,BTCUSDT,SHORT,0,0.6966,0.6966,0.99,0.0,0.0,0.0,REJECTED_T1,Low PF (0.0),,,
2026-05-06T23:00:17.244572,ETHUSDT,LONG,0,0.6938,0.6938,0.7,1.131,0.0,0.0,REJECTED_T1,Proba < Thresh (0.694 < 0.7),,,
2026-05-06T23:00:17.245571,ETHUSDT,SHORT,0,0.5191,0.5191,0.99,0.0,0.0,0.0,REJECTED_T1,Low PF (0.0),,,
2026-05-06T23:00:17.762298,SOLUSDT,LONG,0,0.3069,0.3069,0.7,1.131,0.0,0.0,REJECTED_T1,Proba < Thresh (0.307 < 0.7),,,
2026-05-06T23:00:17.763296,SOLUSDT,SHORT,0,0.2944,0.2944,0.99,0.0,0.0,0.0,REJECTED_T1,Low PF (0.0),,,
2026-05-06T23:00:18.485998,BNBUSDT,LONG,0,0.1886,0.1886,0.7,1.131,0.0,0.0,REJECTED_T1,Proba < Thresh (0.189 < 0.7),,,
2026-05-06T23:00:18.485998,BNBUSDT,SHORT,0,0.3601,0.3601,0.99,0.0,0.0,0.0,REJECTED_T1,Low PF (0.0),,,
2026-05-06T23:00:18.998242,XRPUSDT,LONG,0,0.3241,0.3241,0.7,1.131,0.0,0.0,REJECTED_T1,Proba < Thresh (0.324 < 0.7),,,
2026-05-06T23:00:18.999241,XRPUSDT,SHORT,0,0.4875,0.4875,0.99,0.0,0.0,0.0,REJECTED_T1,Low PF (0.0),,,
2026-05-06T23:00:19.505985,DOGEUSDT,LONG,0,0.4762,0.4762,0.7,1.131,0.0,0.0,REJECTED_T1,Proba < Thresh (0.476 < 0.7),,,
2026-05-06T23:00:19.505985,DOGEUSDT,SHORT,0,0.6088,0.6088,0.99,0.0,0.0,0.0,REJECTED_T1,Low PF (0.0),,,
2026-05-06T23:00:20.020994,AVAXUSDT,LONG,0,0.2263,0.2263,0.7,1.131,0.0,0.0,REJECTED_T1,Proba < Thresh (0.226 < 0.7),,,
2026-05-06T23:00:20.021992,AVAXUSDT,SHORT,0,0.4404,0.4404,0.99,0.0,0.0,0.0,REJECTED_T1,Low PF (0.0),,,
2026-05-06T23:00:20.542095,LINKUSDT,LONG,0,0.3215,0.3215,0.7,1.131,0.0,0.0,REJECTED_T1,Proba < Thresh (0.321 < 0.7),,,
2026-05-06T23:00:20.542095,LINKUSDT,SHORT,0,0.5077,0.5077,0.99,0.0,0.0,0.0,REJECTED_T1,Low PF (0.0),,,
2026-05-06T23:00:21.044752,NEARUSDT,LONG,0,0.0322,0.0322,0.7,1.131,0.0,0.0,REJECTED_T1,Proba < Thresh (0.032 < 0.7),,,
2026-05-06T23:00:21.044752,NEARUSDT,SHORT,0,0.4225,0.4225,0.99,0.0,0.0,0.0,REJECTED_T1,Low PF (0.0),,,
2026-05-06T23:00:21.556468,ADAUSDT,LONG,0,0.2316,0.2316,0.7,1.131,0.0,0.0,REJECTED_T1,Proba < Thresh (0.232 < 0.7),,,
2026-05-06T23:00:21.556468,ADAUSDT,SHORT,0,0.4781,0.4781,0.99,0.0,0.0,0.0,REJECTED_T1,Low PF (0.0),,,
2026-05-06T23:00:22.059511,BTCUSDT,LONG,0,0.4556,0.4556,0.7,1.131,0.0,0.0,REJECTED_T1,Proba < Thresh (0.456 < 0.7),,,
2026-05-06T23:00:22.060535,BTCUSDT,SHORT,0,0.7037,0.7037,0.99,0.0,0.0,0.0,REJECTED_T1,Low PF (0.0),,,
2026-05-06T23:00:22.571880,ETHUSDT,LONG,0,0.6946,0.6946,0.7,1.131,0.0,0.0,REJECTED_T1,Proba < Thresh (0.695 < 0.7),,,
2026-05-06T23:00:22.571880,ETHUSDT,SHORT,0,0.5191,0.5191,0.99,0.0,0.0,0.0,REJECTED_T1,Low PF (0.0),,,
2026-05-06T23:00:23.064277,SOLUSDT,LONG,0,0.3069,0.3069,0.7,1.131,0.0,0.0,REJECTED_T1,Proba < Thresh (0.307 < 0.7),,,
2026-05-06T23:00:23.064277,SOLUSDT,SHORT,0,0.2944,0.2944,0.99,0.0,0.0,0.0,REJECTED_T1,Low PF (0.0),,,
2026-05-06T23:00:23.579796,BNBUSDT,LONG,0,0.1886,0.1886,0.7,1.131,0.0,0.0,REJECTED_T1,Proba < Thresh (0.189 < 0.7),,,
2026-05-06T23:00:23.579796,BNBUSDT,SHORT,0,0.3601,0.3601,0.99,0.0,0.0,0.0,REJECTED_T1,Low PF (0.0),,,
2026-05-06T23:00:24.081614,XRPUSDT,LONG,0,0.3241,0.3241,0.7,1.131,0.0,0.0,REJECTED_T1,Proba < Thresh (0.324 < 0.7),,,
2026-05-06T23:00:24.082604,XRPUSDT,SHORT,0,0.4875,0.4875,0.99,0.0,0.0,0.0,REJECTED_T1,Low PF (0.0),,,
2026-05-06T23:00:24.576225,DOGEUSDT,LONG,0,0.4762,0.4762,0.7,1.131,0.0,0.0,REJECTED_T1,Proba < Thresh (0.476 < 0.7),,,
2026-05-06T23:00:24.577208,DOGEUSDT,SHORT,0,0.6088,0.6088,0.99,0.0,0.0,0.0,REJECTED_T1,Low PF (0.0),,,
2026-05-06T23:00:25.077961,AVAXUSDT,LONG,0,0.2263,0.2263,0.7,1.131,0.0,0.0,REJECTED_T1,Proba < Thresh (0.226 < 0.7),,,
2026-05-06T23:00:25.077961,AVAXUSDT,SHORT,0,0.4404,0.4404,0.99,0.0,0.0,0.0,REJECTED_T1,Low PF (0.0),,,
2026-05-06T23:00:25.591728,LINKUSDT,LONG,0,0.3215,0.3215,0.7,1.131,0.0,0.0,REJECTED_T1,Proba < Thresh (0.321 < 0.7),,,
2026-05-06T23:00:25.591728,LINKUSDT,SHORT,0,0.5077,0.5077,0.99,0.0,0.0,0.0,REJECTED_T1,Low PF (0.0),,,
2026-05-06T23:00:26.092397,NEARUSDT,LONG,0,0.0322,0.0322,0.7,1.131,0.0,0.0,REJECTED_T1,Proba < Thresh (0.032 < 0.7),,,
2026-05-06T23:00:26.092397,NEARUSDT,SHORT,0,0.4225,0.4225,0.99,0.0,0.0,0.0,REJECTED_T1,Low PF (0.0),,,
2026-05-06T23:00:26.601860,ADAUSDT,LONG,0,0.2316,0.2316,0.7,1.131,0.0,0.0,REJECTED_T1,Proba < Thresh (0.232 < 0.7),,,
2026-05-06T23:00:26.602881,ADAUSDT,SHORT,0,0.4781,0.4781,0.99,0.0,0.0,0.0,REJECTED_T1,Low PF (0.0),,,
2026-05-06T23:00:27.403648,BTCUSDT,LONG,0,0.4556,0.4556,0.7,1.131,0.0,0.0,REJECTED_T1,Proba < Thresh (0.456 < 0.7),,,
2026-05-06T23:00:27.403648,BTCUSDT,SHORT,0,0.7037,0.7037,0.99,0.0,0.0,0.0,REJECTED_T1,Low PF (0.0),,,
2026-05-06T23:00:27.914060,ETHUSDT,LONG,0,0.6946,0.6946,0.7,1.131,0.0,0.0,REJECTED_T1,Proba < Thresh (0.695 < 0.7),,,
2026-05-06T23:00:27.914060,ETHUSDT,SHORT,0,0.5191,0.5191,0.99,0.0,0.0,0.0,REJECTED_T1,Low PF (0.0),,,
2026-05-06T23:00:28.633865,SOLUSDT,LONG,0,0.303,0.303,0.7,1.131,0.0,0.0,REJECTED_T1,Proba < Thresh (0.303 < 0.7),,,
2026-05-06T23:00:28.633865,SOLUSDT,SHORT,0,0.291,0.291,0.99,0.0,0.0,0.0,REJECTED_T1,Low PF (0.0),,,
2026-05-06T23:00:29.350410,BNBUSDT,LONG,0,0.1893,0.1893,0.7,1.131,0.0,0.0,REJECTED_T1,Proba < Thresh (0.189 < 0.7),,,
2026-05-06T23:00:29.350410,BNBUSDT,SHORT,0,0.3548,0.3548,0.99,0.0,0.0,0.0,REJECTED_T1,Low PF (0.0),,,
2026-05-06T23:00:30.010147,XRPUSDT,LONG,0,0.3229,0.3229,0.7,1.131,0.0,0.0,REJECTED_T1,Proba < Thresh (0.323 < 0.7),,,
2026-05-06T23:00:30.010147,XRPUSDT,SHORT,0,0.4875,0.4875,0.99,0.0,0.0,0.0,REJECTED_T1,Low PF (0.0),,,
2026-05-06T23:00:30.519685,DOGEUSDT,LONG,0,0.4762,0.4762,0.7,1.131,0.0,0.0,REJECTED_T1,Proba < Thresh (0.476 < 0.7),,,
2026-05-06T23:00:30.520684,DOGEUSDT,SHORT,0,0.6088,0.6088,0.99,0.0,0.0,0.0,REJECTED_T1,Low PF (0.0),,,
2026-05-06T23:00:31.017727,AVAXUSDT,LONG,0,0.2286,0.2286,0.7,1.131,0.0,0.0,REJECTED_T1,Proba < Thresh (0.229 < 0.7),,,
2026-05-06T23:00:31.018717,AVAXUSDT,SHORT,0,0.4404,0.4404,0.99,0.0,0.0,0.0,REJECTED_T1,Low PF (0.0),,,
2026-05-06T23:00:31.531003,LINKUSDT,LONG,0,0.3206,0.3206,0.7,1.131,0.0,0.0,REJECTED_T1,Proba < Thresh (0.321 < 0.7),,,
2026-05-06T23:00:31.531003,LINKUSDT,SHORT,0,0.5135,0.5135,0.99,0.0,0.0,0.0,REJECTED_T1,Low PF (0.0),,,
2026-05-06T23:00:32.041453,NEARUSDT,LONG,0,0.0322,0.0322,0.7,1.131,0.0,0.0,REJECTED_T1,Proba < Thresh (0.032 < 0.7),,,
2026-05-06T23:00:32.041453,NEARUSDT,SHORT,0,0.4225,0.4225,0.99,0.0,0.0,0.0,REJECTED_T1,Low PF (0.0),,,
2026-05-06T23:00:32.748340,ADAUSDT,LONG,0,0.2316,0.2316,0.7,1.131,0.0,0.0,REJECTED_T1,Proba < Thresh (0.232 < 0.7),,,
2026-05-06T23:00:32.749351,ADAUSDT,SHORT,0,0.4781,0.4781,0.99,0.0,0.0,0.0,REJECTED_T1,Low PF (0.0),,,
2026-05-06T23:00:33.535378,BTCUSDT,LONG,0,0.4634,0.4634,0.7,1.131,0.0,0.0,REJECTED_T1,Proba < Thresh (0.463 < 0.7),,,
2026-05-06T23:00:33.536291,BTCUSDT,SHORT,0,0.6869,0.6869,0.99,0.0,0.0,0.0,REJECTED_T1,Low PF (0.0),,,
2026-05-06T23:00:34.471994,ETHUSDT,LONG,0,0.7027,0.7027,0.7,1.131,0.0,0.0,PASSED_T1,,,,
2026-05-06T23:00:34.471994,ETHUSDT,SHORT,0,0.5191,0.5191,0.99,0.0,0.0,0.0,REJECTED_T1,Low PF (0.0),,,
2026-05-06T23:00:35.258247,SOLUSDT,LONG,0,0.3009,0.3009,0.7,1.131,0.0,0.0,REJECTED_T1,Proba < Thresh (0.301 < 0.7),,,
2026-05-06T23:00:35.259247,SOLUSDT,SHORT,0,0.2917,0.2917,0.99,0.0,0.0,0.0,REJECTED_T1,Low PF (0.0),,,
2026-05-06T23:00:36.038957,BNBUSDT,LONG,0,0.1886,0.1886,0.7,1.131,0.0,0.0,REJECTED_T1,Proba < Thresh (0.189 < 0.7),,,
2026-05-06T23:00:36.038957,BNBUSDT,SHORT,0,0.3601,0.3601,0.99,0.0,0.0,0.0,REJECTED_T1,Low PF (0.0),,,
2026-05-06T23:00:36.804000,XRPUSDT,LONG,0,0.3229,0.3229,0.7,1.131,0.0,0.0,REJECTED_T1,Proba < Thresh (0.323 < 0.7),,,
2026-05-06T23:00:36.804998,XRPUSDT,SHORT,0,0.4875,0.4875,0.99,0.0,0.0,0.0,REJECTED_T1,Low PF (0.0),,,
2026-05-06T23:00:37.595058,DOGEUSDT,LONG,0,0.4757,0.4757,0.7,1.131,0.0,0.0,REJECTED_T1,Proba < Thresh (0.476 < 0.7),,,
2026-05-06T23:00:37.596045,DOGEUSDT,SHORT,0,0.614,0.614,0.99,0.0,0.0,0.0,REJECTED_T1,Low PF (0.0),,,
2026-05-06T23:00:38.367790,AVAXUSDT,LONG,0,0.2286,0.2286,0.7,1.131,0.0,0.0,REJECTED_T1,Proba < Thresh (0.229 < 0.7),,,
2026-05-06T23:00:38.367790,AVAXUSDT,SHORT,0,0.4601,0.4601,0.99,0.0,0.0,0.0,REJECTED_T1,Low PF (0.0),,,
2026-05-06T23:00:39.148533,LINKUSDT,LONG,0,0.3215,0.3215,0.7,1.131,0.0,0.0,REJECTED_T1,Proba < Thresh (0.321 < 0.7),,,
2026-05-06T23:00:39.148533,LINKUSDT,SHORT,0,0.5077,0.5077,0.99,0.0,0.0,0.0,REJECTED_T1,Low PF (0.0),,,
2026-05-06T23:00:39.948874,NEARUSDT,LONG,0,0.0322,0.0322,0.7,1.131,0.0,0.0,REJECTED_T1,Proba < Thresh (0.032 < 0.7),,,
2026-05-06T23:00:39.949877,NEARUSDT,SHORT,0,0.4225,0.4225,0.99,0.0,0.0,0.0,REJECTED_T1,Low PF (0.0),,,
2026-05-06T23:00:40.739942,ADAUSDT,LONG,0,0.2431,0.2431,0.7,1.131,0.0,0.0,REJECTED_T1,Proba < Thresh (0.243 < 0.7),,,
2026-05-06T23:00:40.739942,ADAUSDT,SHORT,0,0.4611,0.4611,0.99,0.0,0.0,0.0,REJECTED_T1,Low PF (0.0),,,
2026-05-06T23:00:41.467765,BTCUSDT,LONG,0,0.4634,0.4634,0.7,1.131,0.0,0.0,REJECTED_T1,Proba < Thresh (0.463 < 0.7),,,
2026-05-06T23:00:41.468763,BTCUSDT,SHORT,0,0.6869,0.6869,0.99,0.0,0.0,0.0,REJECTED_T1,Low PF (0.0),,,
2026-05-06T23:00:41.993121,ETHUSDT,LONG,0,0.7027,0.7027,0.7,1.131,0.0,0.0,PASSED_T1,,,,
2026-05-06T23:00:41.993121,ETHUSDT,SHORT,0,0.5191,0.5191,0.99,0.0,0.0,0.0,REJECTED_T1,Low PF (0.0),,,
2026-05-06T23:00:42.492732,SOLUSDT,LONG,0,0.2815,0.2815,0.7,1.131,0.0,0.0,REJECTED_T1,Proba < Thresh (0.281 < 0.7),,,
2026-05-06T23:00:42.493691,SOLUSDT,SHORT,0,0.291,0.291,0.99,0.0,0.0,0.0,REJECTED_T1,Low PF (0.0),,,
2026-05-06T23:00:42.985088,BNBUSDT,LONG,0,0.1886,0.1886,0.7,1.131,0.0,0.0,REJECTED_T1,Proba < Thresh (0.189 < 0.7),,,
2026-05-06T23:00:42.985088,BNBUSDT,SHORT,0,0.3601,0.3601,0.99,0.0,0.0,0.0,REJECTED_T1,Low PF (0.0),,,
2026-05-06T23:00:43.505781,XRPUSDT,LONG,0,0.3229,0.3229,0.7,1.131,0.0,0.0,REJECTED_T1,Proba < Thresh (0.323 < 0.7),,,
2026-05-06T23:00:43.506782,XRPUSDT,SHORT,0,0.4934,0.4934,0.99,0.0,0.0,0.0,REJECTED_T1,Low PF (0.0),,,
2026-05-06T23:00:44.016306,DOGEUSDT,LONG,0,0.4757,0.4757,0.7,1.131,0.0,0.0,REJECTED_T1,Proba < Thresh (0.476 < 0.7),,,
2026-05-06T23:00:44.017307,DOGEUSDT,SHORT,0,0.6166,0.6166,0.99,0.0,0.0,0.0,REJECTED_T1,Low PF (0.0),,,
2026-05-06T23:00:44.523568,AVAXUSDT,LONG,0,0.2286,0.2286,0.7,1.131,0.0,0.0,REJECTED_T1,Proba < Thresh (0.229 < 0.7),,,
2026-05-06T23:00:44.524560,AVAXUSDT,SHORT,0,0.4601,0.4601,0.99,0.0,0.0,0.0,REJECTED_T1,Low PF (0.0),,,
2026-05-06T23:00:45.024046,LINKUSDT,LONG,0,0.3215,0.3215,0.7,1.131,0.0,0.0,REJECTED_T1,Proba < Thresh (0.321 < 0.7),,,
2026-05-06T23:00:45.024046,LINKUSDT,SHORT,0,0.5052,0.5052,0.99,0.0,0.0,0.0,REJECTED_T1,Low PF (0.0),,,
2026-05-06T23:00:45.532890,NEARUSDT,LONG,0,0.0322,0.0322,0.7,1.131,0.0,0.0,REJECTED_T1,Proba < Thresh (0.032 < 0.7),,,
2026-05-06T23:00:45.532890,NEARUSDT,SHORT,0,0.4225,0.4225,0.99,0.0,0.0,0.0,REJECTED_T1,Low PF (0.0),,,
2026-05-06T23:00:46.044761,ADAUSDT,LONG,0,0.2431,0.2431,0.7,1.131,0.0,0.0,REJECTED_T1,Proba < Thresh (0.243 < 0.7),,,
2026-05-06T23:00:46.045746,ADAUSDT,SHORT,0,0.4611,0.4611,0.99,0.0,0.0,0.0,REJECTED_T1,Low PF (0.0),,,
2026-05-06T23:00:46.558194,BTCUSDT,LONG,0,0.4634,0.4634,0.7,1.131,0.0,0.0,REJECTED_T1,Proba < Thresh (0.463 < 0.7),,,
2026-05-06T23:00:46.559193,BTCUSDT,SHORT,0,0.6869,0.6869,0.99,0.0,0.0,0.0,REJECTED_T1,Low PF (0.0),,,
2026-05-06T23:00:47.066913,ETHUSDT,LONG,0,0.7027,0.7027,0.7,1.131,0.0,0.0,PASSED_T1,,,,
2026-05-06T23:00:47.066913,ETHUSDT,SHORT,0,0.5191,0.5191,0.99,0.0,0.0,0.0,REJECTED_T1,Low PF (0.0),,,
2026-05-06T23:00:47.575455,SOLUSDT,LONG,0,0.2721,0.2721,0.7,1.131,0.0,0.0,REJECTED_T1,Proba < Thresh (0.272 < 0.7),,,
2026-05-06T23:00:47.575455,SOLUSDT,SHORT,0,0.2885,0.2885,0.99,0.0,0.0,0.0,REJECTED_T1,Low PF (0.0),,,
2026-05-06T23:00:48.092274,BNBUSDT,LONG,0,0.1886,0.1886,0.7,1.131,0.0,0.0,REJECTED_T1,Proba < Thresh (0.189 < 0.7),,,
2026-05-06T23:00:48.093274,BNBUSDT,SHORT,0,0.3601,0.3601,0.99,0.0,0.0,0.0,REJECTED_T1,Low PF (0.0),,,
2026-05-06T23:00:48.586755,XRPUSDT,LONG,0,0.3229,0.3229,0.7,1.131,0.0,0.0,REJECTED_T1,Proba < Thresh (0.323 < 0.7),,,
2026-05-06T23:00:48.586755,XRPUSDT,SHORT,0,0.4875,0.4875,0.99,0.0,0.0,0.0,REJECTED_T1,Low PF (0.0),,,
2026-05-06T23:00:49.096157,DOGEUSDT,LONG,0,0.4757,0.4757,0.7,1.131,0.0,0.0,REJECTED_T1,Proba < Thresh (0.476 < 0.7),,,
2026-05-06T23:00:49.097157,DOGEUSDT,SHORT,0,0.6166,0.6166,0.99,0.0,0.0,0.0,REJECTED_T1,Low PF (0.0),,,
2026-05-06T23:00:49.801073,AVAXUSDT,LONG,0,0.227,0.227,0.7,1.131,0.0,0.0,REJECTED_T1,Proba < Thresh (0.227 < 0.7),,,
2026-05-06T23:00:49.801073,AVAXUSDT,SHORT,0,0.4707,0.4707,0.99,0.0,0.0,0.0,REJECTED_T1,Low PF (0.0),,,
2026-05-06T23:00:50.310666,LINKUSDT,LONG,0,0.3215,0.3215,0.7,1.131,0.0,0.0,REJECTED_T1,Proba < Thresh (0.321 < 0.7),,,
2026-05-06T23:00:50.310666,LINKUSDT,SHORT,0,0.5052,0.5052,0.99,0.0,0.0,0.0,REJECTED_T1,Low PF (0.0),,,
2026-05-06T23:00:50.807789,NEARUSDT,LONG,0,0.0328,0.0328,0.7,1.131,0.0,0.0,REJECTED_T1,Proba < Thresh (0.033 < 0.7),,,
2026-05-06T23:00:50.807789,NEARUSDT,SHORT,0,0.4216,0.4216,0.99,0.0,0.0,0.0,REJECTED_T1,Low PF (0.0),,,
2026-05-06T23:00:51.323425,ADAUSDT,LONG,0,0.2316,0.2316,0.7,1.131,0.0,0.0,REJECTED_T1,Proba < Thresh (0.232 < 0.7),,,
2026-05-06T23:00:51.323425,ADAUSDT,SHORT,0,0.4781,0.4781,0.99,0.0,0.0,0.0,REJECTED_T1,Low PF (0.0),,,
2026-05-07T00:00:04.552878,BTCUSDT,LONG,0,0.5997,0.5997,0.7,1.131,0.0,0.0,REJECTED_T1,Proba < Thresh (0.600 < 0.7),,,
2026-05-07T00:00:04.552878,BTCUSDT,SHORT,0,0.6681,0.6681,0.99,0.0,0.0,0.0,REJECTED_T1,Low PF (0.0),,,
2026-05-07T00:00:05.500307,ETHUSDT,LONG,0,0.6572,0.6572,0.7,1.131,0.0,0.0,REJECTED_T1,Proba < Thresh (0.657 < 0.7),,,
2026-05-07T00:00:05.501305,ETHUSDT,SHORT,0,0.5783,0.5783,0.99,0.0,0.0,0.0,REJECTED_T1,Low PF (0.0),,,
2026-05-07T00:00:06.269706,SOLUSDT,LONG,0,0.4038,0.4038,0.7,1.131,0.0,0.0,REJECTED_T1,Proba < Thresh (0.404 < 0.7),,,
2026-05-07T00:00:06.269706,SOLUSDT,SHORT,0,0.4849,0.4849,0.99,0.0,0.0,0.0,REJECTED_T1,Low PF (0.0),,,
2026-05-07T00:00:07.055163,BNBUSDT,LONG,0,0.244,0.244,0.7,1.131,0.0,0.0,REJECTED_T1,Proba < Thresh (0.244 < 0.7),,,
2026-05-07T00:00:07.055163,BNBUSDT,SHORT,0,0.5487,0.5487,0.99,0.0,0.0,0.0,REJECTED_T1,Low PF (0.0),,,
2026-05-07T00:00:08.049192,XRPUSDT,LONG,0,0.2885,0.2885,0.7,1.131,0.0,0.0,REJECTED_T1,Proba < Thresh (0.288 < 0.7),,,
2026-05-07T00:00:08.049192,XRPUSDT,SHORT,0,0.5972,0.5972,0.99,0.0,0.0,0.0,REJECTED_T1,Low PF (0.0),,,
2026-05-07T00:00:08.833538,DOGEUSDT,LONG,0,0.3966,0.3966,0.7,1.131,0.0,0.0,REJECTED_T1,Proba < Thresh (0.397 < 0.7),,,
2026-05-07T00:00:08.833538,DOGEUSDT,SHORT,0,0.6574,0.6574,0.99,0.0,0.0,0.0,REJECTED_T1,Low PF (0.0),,,
2026-05-07T00:00:09.620141,AVAXUSDT,LONG,0,0.2052,0.2052,0.7,1.131,0.0,0.0,REJECTED_T1,Proba < Thresh (0.205 < 0.7),,,
2026-05-07T00:00:09.621139,AVAXUSDT,SHORT,0,0.5526,0.5526,0.99,0.0,0.0,0.0,REJECTED_T1,Low PF (0.0),,,
2026-05-07T00:00:10.401816,LINKUSDT,LONG,0,0.3085,0.3085,0.7,1.131,0.0,0.0,REJECTED_T1,Proba < Thresh (0.308 < 0.7),,,
2026-05-07T00:00:10.402802,LINKUSDT,SHORT,0,0.5915,0.5915,0.99,0.0,0.0,0.0,REJECTED_T1,Low PF (0.0),,,
2026-05-07T00:00:11.170528,NEARUSDT,LONG,0,0.0213,0.0213,0.7,1.131,0.0,0.0,REJECTED_T1,Proba < Thresh (0.021 < 0.7),,,
2026-05-07T00:00:11.171513,NEARUSDT,SHORT,0,0.4968,0.4968,0.99,0.0,0.0,0.0,REJECTED_T1,Low PF (0.0),,,
2026-05-07T00:00:11.937536,ADAUSDT,LONG,0,0.2976,0.2976,0.7,1.131,0.0,0.0,REJECTED_T1,Proba < Thresh (0.298 < 0.7),,,
2026-05-07T00:00:11.938536,ADAUSDT,SHORT,0,0.6063,0.6063,0.99,0.0,0.0,0.0,REJECTED_T1,Low PF (0.0),,,
2026-05-07T00:00:12.648160,BTCUSDT,LONG,0,0.3842,0.3842,0.7,1.131,0.0,0.0,REJECTED_T1,Proba < Thresh (0.384 < 0.7),,,
2026-05-07T00:00:12.649158,BTCUSDT,SHORT,0,0.7931,0.7931,0.99,0.0,0.0,0.0,REJECTED_T1,Low PF (0.0),,,
2026-05-07T00:00:13.159973,ETHUSDT,LONG,0,0.6499,0.6499,0.7,1.131,0.0,0.0,REJECTED_T1,Proba < Thresh (0.650 < 0.7),,,
2026-05-07T00:00:13.160980,ETHUSDT,SHORT,0,0.5716,0.5716,0.99,0.0,0.0,0.0,REJECTED_T1,Low PF (0.0),,,
2026-05-07T00:00:13.850349,SOLUSDT,LONG,0,0.4201,0.4201,0.7,1.131,0.0,0.0,REJECTED_T1,Proba < Thresh (0.420 < 0.7),,,
2026-05-07T00:00:13.851348,SOLUSDT,SHORT,0,0.4842,0.4842,0.99,0.0,0.0,0.0,REJECTED_T1,Low PF (0.0),,,
2026-05-07T00:00:14.359328,BNBUSDT,LONG,0,0.2483,0.2483,0.7,1.131,0.0,0.0,REJECTED_T1,Proba < Thresh (0.248 < 0.7),,,
2026-05-07T00:00:14.359328,BNBUSDT,SHORT,0,0.5532,0.5532,0.99,0.0,0.0,0.0,REJECTED_T1,Low PF (0.0),,,
2026-05-07T00:00:14.863048,XRPUSDT,LONG,0,0.2928,0.2928,0.7,1.131,0.0,0.0,REJECTED_T1,Proba < Thresh (0.293 < 0.7),,,
2026-05-07T00:00:14.863048,XRPUSDT,SHORT,0,0.5974,0.5974,0.99,0.0,0.0,0.0,REJECTED_T1,Low PF (0.0),,,
2026-05-07T00:00:15.387551,DOGEUSDT,LONG,0,0.4006,0.4006,0.7,1.131,0.0,0.0,REJECTED_T1,Proba < Thresh (0.401 < 0.7),,,
2026-05-07T00:00:15.387551,DOGEUSDT,SHORT,0,0.6574,0.6574,0.99,0.0,0.0,0.0,REJECTED_T1,Low PF (0.0),,,
2026-05-07T00:00:15.926433,AVAXUSDT,LONG,0,0.2052,0.2052,0.7,1.131,0.0,0.0,REJECTED_T1,Proba < Thresh (0.205 < 0.7),,,
2026-05-07T00:00:15.927436,AVAXUSDT,SHORT,0,0.5755,0.5755,0.99,0.0,0.0,0.0,REJECTED_T1,Low PF (0.0),,,
2026-05-07T00:00:16.458242,LINKUSDT,LONG,0,0.3085,0.3085,0.7,1.131,0.0,0.0,REJECTED_T1,Proba < Thresh (0.308 < 0.7),,,
2026-05-07T00:00:16.459240,LINKUSDT,SHORT,0,0.5819,0.5819,0.99,0.0,0.0,0.0,REJECTED_T1,Low PF (0.0),,,
2026-05-07T00:00:17.408858,NEARUSDT,LONG,0,0.0213,0.0213,0.7,1.131,0.0,0.0,REJECTED_T1,Proba < Thresh (0.021 < 0.7),,,
2026-05-07T00:00:17.409859,NEARUSDT,SHORT,0,0.504,0.504,0.99,0.0,0.0,0.0,REJECTED_T1,Low PF (0.0),,,
2026-05-07T00:00:17.915463,ADAUSDT,LONG,0,0.3008,0.3008,0.7,1.131,0.0,0.0,REJECTED_T1,Proba < Thresh (0.301 < 0.7),,,
2026-05-07T00:00:17.916467,ADAUSDT,SHORT,0,0.6106,0.6106,0.99,0.0,0.0,0.0,REJECTED_T1,Low PF (0.0),,,
2026-05-07T00:00:18.420349,BTCUSDT,LONG,0,0.3842,0.3842,0.7,1.131,0.0,0.0,REJECTED_T1,Proba < Thresh (0.384 < 0.7),,,
2026-05-07T00:00:18.420349,BTCUSDT,SHORT,0,0.7909,0.7909,0.99,0.0,0.0,0.0,REJECTED_T1,Low PF (0.0),,,
2026-05-07T00:00:18.908015,ETHUSDT,LONG,0,0.6499,0.6499,0.7,1.131,0.0,0.0,REJECTED_T1,Proba < Thresh (0.650 < 0.7),,,
2026-05-07T00:00:18.909014,ETHUSDT,SHORT,0,0.5866,0.5866,0.99,0.0,0.0,0.0,REJECTED_T1,Low PF (0.0),,,
2026-05-07T00:00:19.417398,SOLUSDT,LONG,0,0.4201,0.4201,0.7,1.131,0.0,0.0,REJECTED_T1,Proba < Thresh (0.420 < 0.7),,,
2026-05-07T00:00:19.417398,SOLUSDT,SHORT,0,0.4842,0.4842,0.99,0.0,0.0,0.0,REJECTED_T1,Low PF (0.0),,,
2026-05-07T00:00:19.929927,BNBUSDT,LONG,0,0.2483,0.2483,0.7,1.131,0.0,0.0,REJECTED_T1,Proba < Thresh (0.248 < 0.7),,,
2026-05-07T00:00:19.929927,BNBUSDT,SHORT,0,0.552,0.552,0.99,0.0,0.0,0.0,REJECTED_T1,Low PF (0.0),,,
2026-05-07T00:00:20.435552,XRPUSDT,LONG,0,0.2993,0.2993,0.7,1.131,0.0,0.0,REJECTED_T1,Proba < Thresh (0.299 < 0.7),,,
2026-05-07T00:00:20.435552,XRPUSDT,SHORT,0,0.5974,0.5974,0.99,0.0,0.0,0.0,REJECTED_T1,Low PF (0.0),,,
2026-05-07T00:00:20.937590,DOGEUSDT,LONG,0,0.4006,0.4006,0.7,1.131,0.0,0.0,REJECTED_T1,Proba < Thresh (0.401 < 0.7),,,
2026-05-07T00:00:20.937590,DOGEUSDT,SHORT,0,0.6574,0.6574,0.99,0.0,0.0,0.0,REJECTED_T1,Low PF (0.0),,,
2026-05-07T00:00:21.444434,AVAXUSDT,LONG,0,0.2052,0.2052,0.7,1.131,0.0,0.0,REJECTED_T1,Proba < Thresh (0.205 < 0.7),,,
2026-05-07T00:00:21.444434,AVAXUSDT,SHORT,0,0.5793,0.5793,0.99,0.0,0.0,0.0,REJECTED_T1,Low PF (0.0),,,
2026-05-07T00:00:21.929298,LINKUSDT,LONG,0,0.3052,0.3052,0.7,1.131,0.0,0.0,REJECTED_T1,Proba < Thresh (0.305 < 0.7),,,
2026-05-07T00:00:21.929298,LINKUSDT,SHORT,0,0.5942,0.5942,0.99,0.0,0.0,0.0,REJECTED_T1,Low PF (0.0),,,
2026-05-07T00:00:22.418542,NEARUSDT,LONG,0,0.0243,0.0243,0.7,1.131,0.0,0.0,REJECTED_T1,Proba < Thresh (0.024 < 0.7),,,
2026-05-07T00:00:22.419542,NEARUSDT,SHORT,0,0.5002,0.5002,0.99,0.0,0.0,0.0,REJECTED_T1,Low PF (0.0),,,
2026-05-07T00:00:23.117198,ADAUSDT,LONG,0,0.2976,0.2976,0.7,1.131,0.0,0.0,REJECTED_T1,Proba < Thresh (0.298 < 0.7),,,
2026-05-07T00:00:23.117198,ADAUSDT,SHORT,0,0.6063,0.6063,0.99,0.0,0.0,0.0,REJECTED_T1,Low PF (0.0),,,
2026-05-07T00:00:23.624821,BTCUSDT,LONG,0,0.3842,0.3842,0.7,1.131,0.0,0.0,REJECTED_T1,Proba < Thresh (0.384 < 0.7),,,
2026-05-07T00:00:23.624821,BTCUSDT,SHORT,0,0.794,0.794,0.99,0.0,0.0,0.0,REJECTED_T1,Low PF (0.0),,,
2026-05-07T00:00:24.118328,ETHUSDT,LONG,0,0.6499,0.6499,0.7,1.131,0.0,0.0,REJECTED_T1,Proba < Thresh (0.650 < 0.7),,,
2026-05-07T00:00:24.119328,ETHUSDT,SHORT,0,0.5797,0.5797,0.99,0.0,0.0,0.0,REJECTED_T1,Low PF (0.0),,,
2026-05-07T00:00:24.627124,SOLUSDT,LONG,0,0.4054,0.4054,0.7,1.131,0.0,0.0,REJECTED_T1,Proba < Thresh (0.405 < 0.7),,,
2026-05-07T00:00:24.627124,SOLUSDT,SHORT,0,0.4807,0.4807,0.99,0.0,0.0,0.0,REJECTED_T1,Low PF (0.0),,,
2026-05-07T00:00:25.330158,BNBUSDT,LONG,0,0.2483,0.2483,0.7,1.131,0.0,0.0,REJECTED_T1,Proba < Thresh (0.248 < 0.7),,,
2026-05-07T00:00:25.330158,BNBUSDT,SHORT,0,0.5532,0.5532,0.99,0.0,0.0,0.0,REJECTED_T1,Low PF (0.0),,,
2026-05-07T00:00:25.839048,XRPUSDT,LONG,0,0.2945,0.2945,0.7,1.131,0.0,0.0,REJECTED_T1,Proba < Thresh (0.294 < 0.7),,,
2026-05-07T00:00:25.839048,XRPUSDT,SHORT,0,0.5974,0.5974,0.99,0.0,0.0,0.0,REJECTED_T1,Low PF (0.0),,,
2026-05-07T00:00:26.355857,DOGEUSDT,LONG,0,0.4006,0.4006,0.7,1.131,0.0,0.0,REJECTED_T1,Proba < Thresh (0.401 < 0.7),,,
2026-05-07T00:00:26.355857,DOGEUSDT,SHORT,0,0.6578,0.6578,0.99,0.0,0.0,0.0,REJECTED_T1,Low PF (0.0),,,
2026-05-07T00:00:26.865236,AVAXUSDT,LONG,0,0.2052,0.2052,0.7,1.131,0.0,0.0,REJECTED_T1,Proba < Thresh (0.205 < 0.7),,,
2026-05-07T00:00:26.865236,AVAXUSDT,SHORT,0,0.5793,0.5793,0.99,0.0,0.0,0.0,REJECTED_T1,Low PF (0.0),,,
2026-05-07T00:00:27.428277,LINKUSDT,LONG,0,0.3085,0.3085,0.7,1.131,0.0,0.0,REJECTED_T1,Proba < Thresh (0.308 < 0.7),,,
2026-05-07T00:00:27.428277,LINKUSDT,SHORT,0,0.592,0.592,0.99,0.0,0.0,0.0,REJECTED_T1,Low PF (0.0),,,
2026-05-07T00:00:27.940888,NEARUSDT,LONG,0,0.0195,0.0195,0.7,1.131,0.0,0.0,REJECTED_T1,Proba < Thresh (0.020 < 0.7),,,
2026-05-07T00:00:27.941897,NEARUSDT,SHORT,0,0.4967,0.4967,0.99,0.0,0.0,0.0,REJECTED_T1,Low PF (0.0),,,
2026-05-07T00:00:28.428792,ADAUSDT,LONG,0,0.3008,0.3008,0.7,1.131,0.0,0.0,REJECTED_T1,Proba < Thresh (0.301 < 0.7),,,
2026-05-07T00:00:28.428792,ADAUSDT,SHORT,0,0.6106,0.6106,0.99,0.0,0.0,0.0,REJECTED_T1,Low PF (0.0),,,
2026-05-07T00:00:28.939839,BTCUSDT,LONG,0,0.3842,0.3842,0.7,1.131,0.0,0.0,REJECTED_T1,Proba < Thresh (0.384 < 0.7),,,
2026-05-07T00:00:28.939839,BTCUSDT,SHORT,0,0.79,0.79,0.99,0.0,0.0,0.0,REJECTED_T1,Low PF (0.0),,,
2026-05-07T00:00:29.442590,ETHUSDT,LONG,0,0.6499,0.6499,0.7,1.131,0.0,0.0,REJECTED_T1,Proba < Thresh (0.650 < 0.7),,,
2026-05-07T00:00:29.443590,ETHUSDT,SHORT,0,0.5854,0.5854,0.99,0.0,0.0,0.0,REJECTED_T1,Low PF (0.0),,,
2026-05-07T00:00:29.952984,SOLUSDT,LONG,0,0.4054,0.4054,0.7,1.131,0.0,0.0,REJECTED_T1,Proba < Thresh (0.405 < 0.7),,,
2026-05-07T00:00:29.954001,SOLUSDT,SHORT,0,0.4807,0.4807,0.99,0.0,0.0,0.0,REJECTED_T1,Low PF (0.0),,,
2026-05-07T00:00:30.475165,BNBUSDT,LONG,0,0.2483,0.2483,0.7,1.131,0.0,0.0,REJECTED_T1,Proba < Thresh (0.248 < 0.7),,,
2026-05-07T00:00:30.476163,BNBUSDT,SHORT,0,0.5532,0.5532,0.99,0.0,0.0,0.0,REJECTED_T1,Low PF (0.0),,,
2026-05-07T00:00:30.998768,XRPUSDT,LONG,0,0.2974,0.2974,0.7,1.131,0.0,0.0,REJECTED_T1,Proba < Thresh (0.297 < 0.7),,,
2026-05-07T00:00:30.999771,XRPUSDT,SHORT,0,0.5963,0.5963,0.99,0.0,0.0,0.0,REJECTED_T1,Low PF (0.0),,,
2026-05-07T00:00:31.490440,DOGEUSDT,LONG,0,0.4006,0.4006,0.7,1.131,0.0,0.0,REJECTED_T1,Proba < Thresh (0.401 < 0.7),,,
2026-05-07T00:00:31.490440,DOGEUSDT,SHORT,0,0.6578,0.6578,0.99,0.0,0.0,0.0,REJECTED_T1,Low PF (0.0),,,
2026-05-07T00:00:31.983046,AVAXUSDT,LONG,0,0.2052,0.2052,0.7,1.131,0.0,0.0,REJECTED_T1,Proba < Thresh (0.205 < 0.7),,,
2026-05-07T00:00:31.983046,AVAXUSDT,SHORT,0,0.5808,0.5808,0.99,0.0,0.0,0.0,REJECTED_T1,Low PF (0.0),,,
2026-05-07T00:00:32.691307,LINKUSDT,LONG,0,0.3085,0.3085,0.7,1.131,0.0,0.0,REJECTED_T1,Proba < Thresh (0.308 < 0.7),,,
2026-05-07T00:00:32.691307,LINKUSDT,SHORT,0,0.592,0.592,0.99,0.0,0.0,0.0,REJECTED_T1,Low PF (0.0),,,
2026-05-07T00:00:33.185727,NEARUSDT,LONG,0,0.0202,0.0202,0.7,1.131,0.0,0.0,REJECTED_T1,Proba < Thresh (0.020 < 0.7),,,
2026-05-07T00:00:33.185727,NEARUSDT,SHORT,0,0.5,0.5,0.99,0.0,0.0,0.0,REJECTED_T1,Low PF (0.0),,,
2026-05-07T00:00:33.672605,ADAUSDT,LONG,0,0.3008,0.3008,0.7,1.131,0.0,0.0,REJECTED_T1,Proba < Thresh (0.301 < 0.7),,,
2026-05-07T00:00:33.672605,ADAUSDT,SHORT,0,0.6121,0.6121,0.99,0.0,0.0,0.0,REJECTED_T1,Low PF (0.0),,,
2026-05-07T00:00:34.314604,BTCUSDT,LONG,0,0.3842,0.3842,0.7,1.131,0.0,0.0,REJECTED_T1,Proba < Thresh (0.384 < 0.7),,,
2026-05-07T00:00:34.314604,BTCUSDT,SHORT,0,0.79,0.79,0.99,0.0,0.0,0.0,REJECTED_T1,Low PF (0.0),,,
2026-05-07T00:00:34.937335,ETHUSDT,LONG,0,0.6499,0.6499,0.7,1.131,0.0,0.0,REJECTED_T1,Proba < Thresh (0.650 < 0.7),,,
2026-05-07T00:00:34.937335,ETHUSDT,SHORT,0,0.5734,0.5734,0.99,0.0,0.0,0.0,REJECTED_T1,Low PF (0.0),,,
2026-05-07T00:00:35.598538,SOLUSDT,LONG,0,0.4028,0.4028,0.7,1.131,0.0,0.0,REJECTED_T1,Proba < Thresh (0.403 < 0.7),,,
2026-05-07T00:00:35.599538,SOLUSDT,SHORT,0,0.4791,0.4791,0.99,0.0,0.0,0.0,REJECTED_T1,Low PF (0.0),,,
2026-05-07T00:00:36.089054,BNBUSDT,LONG,0,0.2483,0.2483,0.7,1.131,0.0,0.0,REJECTED_T1,Proba < Thresh (0.248 < 0.7),,,
2026-05-07T00:00:36.089054,BNBUSDT,SHORT,0,0.552,0.552,0.99,0.0,0.0,0.0,REJECTED_T1,Low PF (0.0),,,
2026-05-07T00:00:36.599914,XRPUSDT,LONG,0,0.2974,0.2974,0.7,1.131,0.0,0.0,REJECTED_T1,Proba < Thresh (0.297 < 0.7),,,
2026-05-07T00:00:36.600914,XRPUSDT,SHORT,0,0.5963,0.5963,0.99,0.0,0.0,0.0,REJECTED_T1,Low PF (0.0),,,
2026-05-07T00:00:37.104137,DOGEUSDT,LONG,0,0.4006,0.4006,0.7,1.131,0.0,0.0,REJECTED_T1,Proba < Thresh (0.401 < 0.7),,,
2026-05-07T00:00:37.104137,DOGEUSDT,SHORT,0,0.6574,0.6574,0.99,0.0,0.0,0.0,REJECTED_T1,Low PF (0.0),,,
2026-05-07T00:00:37.611248,AVAXUSDT,LONG,0,0.2052,0.2052,0.7,1.131,0.0,0.0,REJECTED_T1,Proba < Thresh (0.205 < 0.7),,,
2026-05-07T00:00:37.612249,AVAXUSDT,SHORT,0,0.5808,0.5808,0.99,0.0,0.0,0.0,REJECTED_T1,Low PF (0.0),,,
2026-05-07T00:00:38.122270,LINKUSDT,LONG,0,0.3085,0.3085,0.7,1.131,0.0,0.0,REJECTED_T1,Proba < Thresh (0.308 < 0.7),,,
2026-05-07T00:00:38.122270,LINKUSDT,SHORT,0,0.592,0.592,0.99,0.0,0.0,0.0,REJECTED_T1,Low PF (0.0),,,
2026-05-07T00:00:38.840973,NEARUSDT,LONG,0,0.0191,0.0191,0.7,1.131,0.0,0.0,REJECTED_T1,Proba < Thresh (0.019 < 0.7),,,
2026-05-07T00:00:38.840973,NEARUSDT,SHORT,0,0.5038,0.5038,0.99,0.0,0.0,0.0,REJECTED_T1,Low PF (0.0),,,
2026-05-07T00:00:39.387255,ADAUSDT,LONG,0,0.3008,0.3008,0.7,1.131,0.0,0.0,REJECTED_T1,Proba < Thresh (0.301 < 0.7),,,
2026-05-07T00:00:39.387255,ADAUSDT,SHORT,0,0.6106,0.6106,0.99,0.0,0.0,0.0,REJECTED_T1,Low PF (0.0),,,
2026-05-07T00:00:40.039394,BTCUSDT,LONG,0,0.3842,0.3842,0.7,1.131,0.0,0.0,REJECTED_T1,Proba < Thresh (0.384 < 0.7),,,
2026-05-07T00:00:40.039394,BTCUSDT,SHORT,0,0.79,0.79,0.99,0.0,0.0,0.0,REJECTED_T1,Low PF (0.0),,,
2026-05-07T00:00:40.839227,ETHUSDT,LONG,0,0.6499,0.6499,0.7,1.131,0.0,0.0,REJECTED_T1,Proba < Thresh (0.650 < 0.7),,,
2026-05-07T00:00:40.839227,ETHUSDT,SHORT,0,0.5734,0.5734,0.99,0.0,0.0,0.0,REJECTED_T1,Low PF (0.0),,,
2026-05-07T00:00:41.800088,SOLUSDT,LONG,0,0.4028,0.4028,0.7,1.131,0.0,0.0,REJECTED_T1,Proba < Thresh (0.403 < 0.7),,,
2026-05-07T00:00:41.800088,SOLUSDT,SHORT,0,0.4791,0.4791,0.99,0.0,0.0,0.0,REJECTED_T1,Low PF (0.0),,,
2026-05-07T00:00:42.581367,BNBUSDT,LONG,0,0.2483,0.2483,0.7,1.131,0.0,0.0,REJECTED_T1,Proba < Thresh (0.248 < 0.7),,,
2026-05-07T00:00:42.581367,BNBUSDT,SHORT,0,0.5532,0.5532,0.99,0.0,0.0,0.0,REJECTED_T1,Low PF (0.0),,,
2026-05-07T00:00:43.369394,XRPUSDT,LONG,0,0.2974,0.2974,0.7,1.131,0.0,0.0,REJECTED_T1,Proba < Thresh (0.297 < 0.7),,,
2026-05-07T00:00:43.369394,XRPUSDT,SHORT,0,0.5963,0.5963,0.99,0.0,0.0,0.0,REJECTED_T1,Low PF (0.0),,,
2026-05-07T00:00:44.149380,DOGEUSDT,LONG,0,0.4006,0.4006,0.7,1.131,0.0,0.0,REJECTED_T1,Proba < Thresh (0.401 < 0.7),,,
2026-05-07T00:00:44.150489,DOGEUSDT,SHORT,0,0.6574,0.6574,0.99,0.0,0.0,0.0,REJECTED_T1,Low PF (0.0),,,
2026-05-07T00:00:44.930955,AVAXUSDT,LONG,0,0.2052,0.2052,0.7,1.131,0.0,0.0,REJECTED_T1,Proba < Thresh (0.205 < 0.7),,,
2026-05-07T00:00:44.931951,AVAXUSDT,SHORT,0,0.5808,0.5808,0.99,0.0,0.0,0.0,REJECTED_T1,Low PF (0.0),,,
2026-05-07T00:00:45.696778,LINKUSDT,LONG,0,0.313,0.313,0.7,1.131,0.0,0.0,REJECTED_T1,Proba < Thresh (0.313 < 0.7),,,
2026-05-07T00:00:45.696778,LINKUSDT,SHORT,0,0.5939,0.5939,0.99,0.0,0.0,0.0,REJECTED_T1,Low PF (0.0),,,
2026-05-07T00:00:46.779575,NEARUSDT,LONG,0,0.0191,0.0191,0.7,1.131,0.0,0.0,REJECTED_T1,Proba < Thresh (0.019 < 0.7),,,
2026-05-07T00:00:46.779575,NEARUSDT,SHORT,0,0.5038,0.5038,0.99,0.0,0.0,0.0,REJECTED_T1,Low PF (0.0),,,
2026-05-07T00:00:47.566012,ADAUSDT,LONG,0,0.3008,0.3008,0.7,1.131,0.0,0.0,REJECTED_T1,Proba < Thresh (0.301 < 0.7),,,
2026-05-07T00:00:47.567012,ADAUSDT,SHORT,0,0.6106,0.6106,0.99,0.0,0.0,0.0,REJECTED_T1,Low PF (0.0),,,
2026-05-07T00:00:48.062447,BTCUSDT,LONG,0,0.3842,0.3842,0.7,1.131,0.0,0.0,REJECTED_T1,Proba < Thresh (0.384 < 0.7),,,
2026-05-07T00:00:48.062447,BTCUSDT,SHORT,0,0.7909,0.7909,0.99,0.0,0.0,0.0,REJECTED_T1,Low PF (0.0),,,
2026-05-07T00:00:48.568868,ETHUSDT,LONG,0,0.6499,0.6499,0.7,1.131,0.0,0.0,REJECTED_T1,Proba < Thresh (0.650 < 0.7),,,
2026-05-07T00:00:48.568868,ETHUSDT,SHORT,0,0.5849,0.5849,0.99,0.0,0.0,0.0,REJECTED_T1,Low PF (0.0),,,
2026-05-07T00:00:49.079320,SOLUSDT,LONG,0,0.4054,0.4054,0.7,1.131,0.0,0.0,REJECTED_T1,Proba < Thresh (0.405 < 0.7),,,
2026-05-07T00:00:49.079320,SOLUSDT,SHORT,0,0.4807,0.4807,0.99,0.0,0.0,0.0,REJECTED_T1,Low PF (0.0),,,
2026-05-07T00:00:49.567663,BNBUSDT,LONG,0,0.2483,0.2483,0.7,1.131,0.0,0.0,REJECTED_T1,Proba < Thresh (0.248 < 0.7),,,
2026-05-07T00:00:49.567663,BNBUSDT,SHORT,0,0.5532,0.5532,0.99,0.0,0.0,0.0,REJECTED_T1,Low PF (0.0),,,
2026-05-07T00:00:50.064396,XRPUSDT,LONG,0,0.2974,0.2974,0.7,1.131,0.0,0.0,REJECTED_T1,Proba < Thresh (0.297 < 0.7),,,
2026-05-07T00:00:50.065398,XRPUSDT,SHORT,0,0.5963,0.5963,0.99,0.0,0.0,0.0,REJECTED_T1,Low PF (0.0),,,
2026-05-07T00:00:50.573479,DOGEUSDT,LONG,0,0.4006,0.4006,0.7,1.131,0.0,0.0,REJECTED_T1,Proba < Thresh (0.401 < 0.7),,,
2026-05-07T00:00:50.573479,DOGEUSDT,SHORT,0,0.6515,0.6515,0.99,0.0,0.0,0.0,REJECTED_T1,Low PF (0.0),,,
2026-05-07T00:00:51.056758,AVAXUSDT,LONG,0,0.2052,0.2052,0.7,1.131,0.0,0.0,REJECTED_T1,Proba < Thresh (0.205 < 0.7),,,
2026-05-07T00:00:51.056758,AVAXUSDT,SHORT,0,0.5808,0.5808,0.99,0.0,0.0,0.0,REJECTED_T1,Low PF (0.0),,,
2026-05-07T00:00:51.566290,LINKUSDT,LONG,0,0.313,0.313,0.7,1.131,0.0,0.0,REJECTED_T1,Proba < Thresh (0.313 < 0.7),,,
2026-05-07T00:00:51.566290,LINKUSDT,SHORT,0,0.5939,0.5939,0.99,0.0,0.0,0.0,REJECTED_T1,Low PF (0.0),,,
2026-05-07T00:00:52.070113,NEARUSDT,LONG,0,0.0191,0.0191,0.7,1.131,0.0,0.0,REJECTED_T1,Proba < Thresh (0.019 < 0.7),,,
2026-05-07T00:00:52.070113,NEARUSDT,SHORT,0,0.5038,0.5038,0.99,0.0,0.0,0.0,REJECTED_T1,Low PF (0.0),,,
2026-05-07T00:00:52.577151,ADAUSDT,LONG,0,0.3008,0.3008,0.7,1.131,0.0,0.0,REJECTED_T1,Proba < Thresh (0.301 < 0.7),,,
2026-05-07T00:00:52.577151,ADAUSDT,SHORT,0,0.6106,0.6106,0.99,0.0,0.0,0.0,REJECTED_T1,Low PF (0.0),,,
2026-05-07T01:00:03.961936,BTCUSDT,LONG,0,0.5572,0.5572,0.7,1.131,0.0,0.0,REJECTED_T1,Proba < Thresh (0.557 < 0.7),,,
2026-05-07T01:00:03.962928,BTCUSDT,SHORT,0,0.765,0.765,0.99,0.0,0.0,0.0,REJECTED_T1,Low PF (0.0),,,
2026-05-07T01:00:05.613089,ETHUSDT,LONG,0,0.7237,0.7237,0.7,1.131,0.0,0.0,PASSED_T1,,,,
2026-05-07T01:00:05.613089,ETHUSDT,SHORT,0,0.3879,0.3879,0.99,0.0,0.0,0.0,REJECTED_T1,Low PF (0.0),,,
2026-05-07T01:00:06.702731,SOLUSDT,LONG,0,0.1854,0.1854,0.7,1.131,0.0,0.0,REJECTED_T1,Proba < Thresh (0.185 < 0.7),,,
2026-05-07T01:00:06.703738,SOLUSDT,SHORT,0,0.4474,0.4474,0.99,0.0,0.0,0.0,REJECTED_T1,Low PF (0.0),,,
2026-05-07T01:00:08.153241,BNBUSDT,LONG,0,0.2473,0.2473,0.7,1.131,0.0,0.0,REJECTED_T1,Proba < Thresh (0.247 < 0.7),,,
2026-05-07T01:00:08.154240,BNBUSDT,SHORT,0,0.5281,0.5281,0.99,0.0,0.0,0.0,REJECTED_T1,Low PF (0.0),,,
2026-05-07T01:00:09.132818,XRPUSDT,LONG,0,0.3191,0.3191,0.7,1.131,0.0,0.0,REJECTED_T1,Proba < Thresh (0.319 < 0.7),,,
2026-05-07T01:00:09.133815,XRPUSDT,SHORT,0,0.5537,0.5537,0.99,0.0,0.0,0.0,REJECTED_T1,Low PF (0.0),,,
2026-05-07T01:00:10.094654,DOGEUSDT,LONG,0,0.3889,0.3889,0.7,1.131,0.0,0.0,REJECTED_T1,Proba < Thresh (0.389 < 0.7),,,
2026-05-07T01:00:10.095651,DOGEUSDT,SHORT,0,0.5792,0.5792,0.99,0.0,0.0,0.0,REJECTED_T1,Low PF (0.0),,,
2026-05-07T01:00:11.491366,AVAXUSDT,LONG,0,0.2775,0.2775,0.7,1.131,0.0,0.0,REJECTED_T1,Proba < Thresh (0.278 < 0.7),,,
2026-05-07T01:00:11.492366,AVAXUSDT,SHORT,0,0.5227,0.5227,0.99,0.0,0.0,0.0,REJECTED_T1,Low PF (0.0),,,
2026-05-07T01:00:12.495618,LINKUSDT,LONG,0,0.2654,0.2654,0.7,1.131,0.0,0.0,REJECTED_T1,Proba < Thresh (0.265 < 0.7),,,
2026-05-07T01:00:12.495618,LINKUSDT,SHORT,0,0.4836,0.4836,0.99,0.0,0.0,0.0,REJECTED_T1,Low PF (0.0),,,
2026-05-07T01:00:13.843862,NEARUSDT,LONG,0,0.0259,0.0259,0.7,1.131,0.0,0.0,REJECTED_T1,Proba < Thresh (0.026 < 0.7),,,
2026-05-07T01:00:13.843862,NEARUSDT,SHORT,0,0.5403,0.5403,0.99,0.0,0.0,0.0,REJECTED_T1,Low PF (0.0),,,
2026-05-07T01:00:17.197374,ADAUSDT,LONG,0,0.2652,0.2652,0.7,1.131,0.0,0.0,REJECTED_T1,Proba < Thresh (0.265 < 0.7),,,
2026-05-07T01:00:17.197374,ADAUSDT,SHORT,0,0.5212,0.5212,0.99,0.0,0.0,0.0,REJECTED_T1,Low PF (0.0),,,
2026-05-07T01:00:17.847276,BTCUSDT,LONG,0,0.4394,0.4394,0.7,1.131,0.0,0.0,REJECTED_T1,Proba < Thresh (0.439 < 0.7),,,
2026-05-07T01:00:17.847276,BTCUSDT,SHORT,0,0.7519,0.7519,0.99,0.0,0.0,0.0,REJECTED_T1,Low PF (0.0),,,
2026-05-07T01:00:18.521518,ETHUSDT,LONG,0,0.7237,0.7237,0.7,1.131,0.0,0.0,PASSED_T1,,,,
2026-05-07T01:00:18.522516,ETHUSDT,SHORT,0,0.4001,0.4001,0.99,0.0,0.0,0.0,REJECTED_T1,Low PF (0.0),,,
2026-05-07T01:00:19.180657,SOLUSDT,LONG,0,0.1516,0.1516,0.7,1.131,0.0,0.0,REJECTED_T1,Proba < Thresh (0.152 < 0.7),,,
2026-05-07T01:00:19.180657,SOLUSDT,SHORT,0,0.4868,0.4868,0.99,0.0,0.0,0.0,REJECTED_T1,Low PF (0.0),,,
2026-05-07T01:00:20.017299,BNBUSDT,LONG,0,0.2473,0.2473,0.7,1.131,0.0,0.0,REJECTED_T1,Proba < Thresh (0.247 < 0.7),,,
2026-05-07T01:00:20.018284,BNBUSDT,SHORT,0,0.5281,0.5281,0.99,0.0,0.0,0.0,REJECTED_T1,Low PF (0.0),,,
2026-05-07T01:00:20.851238,XRPUSDT,LONG,0,0.3227,0.3227,0.7,1.131,0.0,0.0,REJECTED_T1,Proba < Thresh (0.323 < 0.7),,,
2026-05-07T01:00:20.852239,XRPUSDT,SHORT,0,0.554,0.554,0.99,0.0,0.0,0.0,REJECTED_T1,Low PF (0.0),,,
2026-05-07T01:00:21.522829,DOGEUSDT,LONG,0,0.3889,0.3889,0.7,1.131,0.0,0.0,REJECTED_T1,Proba < Thresh (0.389 < 0.7),,,
2026-05-07T01:00:21.522829,DOGEUSDT,SHORT,0,0.5792,0.5792,0.99,0.0,0.0,0.0,REJECTED_T1,Low PF (0.0),,,
2026-05-07T01:00:22.710113,AVAXUSDT,LONG,0,0.2775,0.2775,0.7,1.131,0.0,0.0,REJECTED_T1,Proba < Thresh (0.278 < 0.7),,,
2026-05-07T01:00:22.710113,AVAXUSDT,SHORT,0,0.5511,0.5511,0.99,0.0,0.0,0.0,REJECTED_T1,Low PF (0.0),,,
2026-05-07T01:00:23.364421,LINKUSDT,LONG,0,0.2689,0.2689,0.7,1.131,0.0,0.0,REJECTED_T1,Proba < Thresh (0.269 < 0.7),,,
2026-05-07T01:00:23.365419,LINKUSDT,SHORT,0,0.4744,0.4744,0.99,0.0,0.0,0.0,REJECTED_T1,Low PF (0.0),,,
2026-05-07T01:00:24.057769,NEARUSDT,LONG,0,0.0258,0.0258,0.7,1.131,0.0,0.0,REJECTED_T1,Proba < Thresh (0.026 < 0.7),,,
2026-05-07T01:00:24.057769,NEARUSDT,SHORT,0,0.5422,0.5422,0.99,0.0,0.0,0.0,REJECTED_T1,Low PF (0.0),,,
2026-05-07T01:00:24.857749,ADAUSDT,LONG,0,0.2652,0.2652,0.7,1.131,0.0,0.0,REJECTED_T1,Proba < Thresh (0.265 < 0.7),,,
2026-05-07T01:00:24.857749,ADAUSDT,SHORT,0,0.5212,0.5212,0.99,0.0,0.0,0.0,REJECTED_T1,Low PF (0.0),,,
2026-05-07T01:00:25.623696,BTCUSDT,LONG,0,0.4394,0.4394,0.7,1.131,0.0,0.0,REJECTED_T1,Proba < Thresh (0.439 < 0.7),,,
2026-05-07T01:00:25.623696,BTCUSDT,SHORT,0,0.7594,0.7594,0.99,0.0,0.0,0.0,REJECTED_T1,Low PF (0.0),,,
2026-05-07T01:00:26.938456,ETHUSDT,LONG,0,0.7209,0.7209,0.7,1.131,0.0,0.0,PASSED_T1,,,,
2026-05-07T01:00:26.938456,ETHUSDT,SHORT,0,0.3918,0.3918,0.99,0.0,0.0,0.0,REJECTED_T1,Low PF (0.0),,,
2026-05-07T01:00:27.935180,SOLUSDT,LONG,0,0.1516,0.1516,0.7,1.131,0.0,0.0,REJECTED_T1,Proba < Thresh (0.152 < 0.7),,,
2026-05-07T01:00:27.935180,SOLUSDT,SHORT,0,0.4868,0.4868,0.99,0.0,0.0,0.0,REJECTED_T1,Low PF (0.0),,,
2026-05-07T01:00:29.129480,BNBUSDT,LONG,0,0.2473,0.2473,0.7,1.131,0.0,0.0,REJECTED_T1,Proba < Thresh (0.247 < 0.7),,,
2026-05-07T01:00:29.129480,BNBUSDT,SHORT,0,0.5269,0.5269,0.99,0.0,0.0,0.0,REJECTED_T1,Low PF (0.0),,,
2026-05-07T01:00:30.420816,XRPUSDT,LONG,0,0.3111,0.3111,0.7,1.131,0.0,0.0,REJECTED_T1,Proba < Thresh (0.311 < 0.7),,,
2026-05-07T01:00:30.420816,XRPUSDT,SHORT,0,0.554,0.554,0.99,0.0,0.0,0.0,REJECTED_T1,Low PF (0.0),,,
2026-05-07T01:00:31.599552,DOGEUSDT,LONG,0,0.3889,0.3889,0.7,1.131,0.0,0.0,REJECTED_T1,Proba < Thresh (0.389 < 0.7),,,
2026-05-07T01:00:31.600441,DOGEUSDT,SHORT,0,0.5792,0.5792,0.99,0.0,0.0,0.0,REJECTED_T1,Low PF (0.0),,,
2026-05-07T01:00:32.401454,AVAXUSDT,LONG,0,0.2815,0.2815,0.7,1.131,0.0,0.0,REJECTED_T1,Proba < Thresh (0.281 < 0.7),,,
2026-05-07T01:00:32.401454,AVAXUSDT,SHORT,0,0.5513,0.5513,0.99,0.0,0.0,0.0,REJECTED_T1,Low PF (0.0),,,
2026-05-07T01:00:33.395826,LINKUSDT,LONG,0,0.2661,0.2661,0.7,1.131,0.0,0.0,REJECTED_T1,Proba < Thresh (0.266 < 0.7),,,
2026-05-07T01:00:33.395826,LINKUSDT,SHORT,0,0.4744,0.4744,0.99,0.0,0.0,0.0,REJECTED_T1,Low PF (0.0),,,
2026-05-07T01:00:34.433923,NEARUSDT,LONG,0,0.0258,0.0258,0.7,1.131,0.0,0.0,REJECTED_T1,Proba < Thresh (0.026 < 0.7),,,
2026-05-07T01:00:34.433923,NEARUSDT,SHORT,0,0.5331,0.5331,0.99,0.0,0.0,0.0,REJECTED_T1,Low PF (0.0),,,
2026-05-07T01:00:35.620417,ADAUSDT,LONG,0,0.2652,0.2652,0.7,1.131,0.0,0.0,REJECTED_T1,Proba < Thresh (0.265 < 0.7),,,
2026-05-07T01:00:35.621117,ADAUSDT,SHORT,0,0.5212,0.5212,0.99,0.0,0.0,0.0,REJECTED_T1,Low PF (0.0),,,
2026-05-07T01:00:37.188331,BTCUSDT,LONG,0,0.4394,0.4394,0.7,1.131,0.0,0.0,REJECTED_T1,Proba < Thresh (0.439 < 0.7),,,
2026-05-07T01:00:37.188331,BTCUSDT,SHORT,0,0.7565,0.7565,0.99,0.0,0.0,0.0,REJECTED_T1,Low PF (0.0),,,
2026-05-07T01:00:38.688625,ETHUSDT,LONG,0,0.7209,0.7209,0.7,1.131,0.0,0.0,PASSED_T1,,,,
2026-05-07T01:00:38.689630,ETHUSDT,SHORT,0,0.3878,0.3878,0.99,0.0,0.0,0.0,REJECTED_T1,Low PF (0.0),,,
2026-05-07T01:00:40.510389,SOLUSDT,LONG,0,0.1516,0.1516,0.7,1.131,0.0,0.0,REJECTED_T1,Proba < Thresh (0.152 < 0.7),,,
2026-05-07T01:00:40.511387,SOLUSDT,SHORT,0,0.4868,0.4868,0.99,0.0,0.0,0.0,REJECTED_T1,Low PF (0.0),,,
2026-05-07T01:00:41.452954,BNBUSDT,LONG,0,0.2473,0.2473,0.7,1.131,0.0,0.0,REJECTED_T1,Proba < Thresh (0.247 < 0.7),,,
2026-05-07T01:00:41.452954,BNBUSDT,SHORT,0,0.5269,0.5269,0.99,0.0,0.0,0.0,REJECTED_T1,Low PF (0.0),,,
2026-05-07T01:00:42.584993,XRPUSDT,LONG,0,0.3227,0.3227,0.7,1.131,0.0,0.0,REJECTED_T1,Proba < Thresh (0.323 < 0.7),,,
2026-05-07T01:00:42.585932,XRPUSDT,SHORT,0,0.5525,0.5525,0.99,0.0,0.0,0.0,REJECTED_T1,Low PF (0.0),,,
2026-05-07T01:00:43.507201,DOGEUSDT,LONG,0,0.3838,0.3838,0.7,1.131,0.0,0.0,REJECTED_T1,Proba < Thresh (0.384 < 0.7),,,
2026-05-07T01:00:43.507201,DOGEUSDT,SHORT,0,0.5792,0.5792,0.99,0.0,0.0,0.0,REJECTED_T1,Low PF (0.0),,,
2026-05-07T01:00:44.424684,AVAXUSDT,LONG,0,0.2908,0.2908,0.7,1.131,0.0,0.0,REJECTED_T1,Proba < Thresh (0.291 < 0.7),,,
2026-05-07T01:00:44.425682,AVAXUSDT,SHORT,0,0.5511,0.5511,0.99,0.0,0.0,0.0,REJECTED_T1,Low PF (0.0),,,
2026-05-07T01:00:45.409852,LINKUSDT,LONG,0,0.2654,0.2654,0.7,1.131,0.0,0.0,REJECTED_T1,Proba < Thresh (0.265 < 0.7),,,
2026-05-07T01:00:45.410839,LINKUSDT,SHORT,0,0.4802,0.4802,0.99,0.0,0.0,0.0,REJECTED_T1,Low PF (0.0),,,
2026-05-07T01:00:46.590499,NEARUSDT,LONG,0,0.0258,0.0258,0.7,1.131,0.0,0.0,REJECTED_T1,Proba < Thresh (0.026 < 0.7),,,
2026-05-07T01:00:46.591500,NEARUSDT,SHORT,0,0.5331,0.5331,0.99,0.0,0.0,0.0,REJECTED_T1,Low PF (0.0),,,
2026-05-07T01:00:47.892571,ADAUSDT,LONG,0,0.2676,0.2676,0.7,1.131,0.0,0.0,REJECTED_T1,Proba < Thresh (0.268 < 0.7),,,
2026-05-07T01:00:47.892571,ADAUSDT,SHORT,0,0.5212,0.5212,0.99,0.0,0.0,0.0,REJECTED_T1,Low PF (0.0),,,
2026-05-07T01:00:48.808299,BTCUSDT,LONG,0,0.4394,0.4394,0.7,1.131,0.0,0.0,REJECTED_T1,Proba < Thresh (0.439 < 0.7),,,
2026-05-07T01:00:48.809284,BTCUSDT,SHORT,0,0.7594,0.7594,0.99,0.0,0.0,0.0,REJECTED_T1,Low PF (0.0),,,
2026-05-07T01:00:49.524644,ETHUSDT,LONG,0,0.7209,0.7209,0.7,1.131,0.0,0.0,PASSED_T1,,,,
2026-05-07T01:00:49.524644,ETHUSDT,SHORT,0,0.3857,0.3857,0.99,0.0,0.0,0.0,REJECTED_T1,Low PF (0.0),,,
2026-05-07T01:00:50.204271,SOLUSDT,LONG,0,0.1499,0.1499,0.7,1.131,0.0,0.0,REJECTED_T1,Proba < Thresh (0.150 < 0.7),,,
2026-05-07T01:00:50.205271,SOLUSDT,SHORT,0,0.4792,0.4792,0.99,0.0,0.0,0.0,REJECTED_T1,Low PF (0.0),,,
2026-05-07T01:00:51.146271,BNBUSDT,LONG,0,0.2473,0.2473,0.7,1.131,0.0,0.0,REJECTED_T1,Proba < Thresh (0.247 < 0.7),,,
2026-05-07T01:00:51.147268,BNBUSDT,SHORT,0,0.5122,0.5122,0.99,0.0,0.0,0.0,REJECTED_T1,Low PF (0.0),,,
2026-05-07T01:00:52.382496,XRPUSDT,LONG,0,0.3141,0.3141,0.7,1.131,0.0,0.0,REJECTED_T1,Proba < Thresh (0.314 < 0.7),,,
2026-05-07T01:00:52.383392,XRPUSDT,SHORT,0,0.5607,0.5607,0.99,0.0,0.0,0.0,REJECTED_T1,Low PF (0.0),,,
2026-05-07T01:00:53.220066,DOGEUSDT,LONG,0,0.3833,0.3833,0.7,1.131,0.0,0.0,REJECTED_T1,Proba < Thresh (0.383 < 0.7),,,
2026-05-07T01:00:53.220066,DOGEUSDT,SHORT,0,0.5655,0.5655,0.99,0.0,0.0,0.0,REJECTED_T1,Low PF (0.0),,,
2026-05-07T01:00:54.497461,AVAXUSDT,LONG,0,0.2861,0.2861,0.7,1.131,0.0,0.0,REJECTED_T1,Proba < Thresh (0.286 < 0.7),,,
2026-05-07T01:00:54.497461,AVAXUSDT,SHORT,0,0.5501,0.5501,0.99,0.0,0.0,0.0,REJECTED_T1,Low PF (0.0),,,
2026-05-07T01:00:55.498610,LINKUSDT,LONG,0,0.2693,0.2693,0.7,1.131,0.0,0.0,REJECTED_T1,Proba < Thresh (0.269 < 0.7),,,
2026-05-07T01:00:55.498610,LINKUSDT,SHORT,0,0.4838,0.4838,0.99,0.0,0.0,0.0,REJECTED_T1,Low PF (0.0),,,
2026-05-07T01:00:56.173189,NEARUSDT,LONG,0,0.0248,0.0248,0.7,1.131,0.0,0.0,REJECTED_T1,Proba < Thresh (0.025 < 0.7),,,
2026-05-07T01:00:56.173189,NEARUSDT,SHORT,0,0.5353,0.5353,0.99,0.0,0.0,0.0,REJECTED_T1,Low PF (0.0),,,
2026-05-07T01:00:57.496368,ADAUSDT,LONG,0,0.2676,0.2676,0.7,1.131,0.0,0.0,REJECTED_T1,Proba < Thresh (0.268 < 0.7),,,
2026-05-07T01:00:57.497401,ADAUSDT,SHORT,0,0.5245,0.5245,0.99,0.0,0.0,0.0,REJECTED_T1,Low PF (0.0),,,
2026-05-07T01:00:58.166537,BTCUSDT,LONG,0,0.4394,0.4394,0.7,1.131,0.0,0.0,REJECTED_T1,Proba < Thresh (0.439 < 0.7),,,
2026-05-07T01:00:58.166537,BTCUSDT,SHORT,0,0.7569,0.7569,0.99,0.0,0.0,0.0,REJECTED_T1,Low PF (0.0),,,
2026-05-07T01:00:58.830940,ETHUSDT,LONG,0,0.7123,0.7123,0.7,1.131,0.0,0.0,PASSED_T1,,,,
2026-05-07T01:00:58.830940,ETHUSDT,SHORT,0,0.383,0.383,0.99,0.0,0.0,0.0,REJECTED_T1,Low PF (0.0),,,
2026-05-07T01:01:00.219325,SOLUSDT,LONG,0,0.1532,0.1532,0.7,1.131,0.0,0.0,REJECTED_T1,Proba < Thresh (0.153 < 0.7),,,
2026-05-07T01:01:00.219325,SOLUSDT,SHORT,0,0.4912,0.4912,0.99,0.0,0.0,0.0,REJECTED_T1,Low PF (0.0),,,
2026-05-07T01:01:00.905285,BNBUSDT,LONG,0,0.2473,0.2473,0.7,1.131,0.0,0.0,REJECTED_T1,Proba < Thresh (0.247 < 0.7),,,
2026-05-07T01:01:00.905285,BNBUSDT,SHORT,0,0.5122,0.5122,0.99,0.0,0.0,0.0,REJECTED_T1,Low PF (0.0),,,
2026-05-07T01:01:01.593361,XRPUSDT,LONG,0,0.3215,0.3215,0.7,1.131,0.0,0.0,REJECTED_T1,Proba < Thresh (0.322 < 0.7),,,
2026-05-07T01:01:01.593361,XRPUSDT,SHORT,0,0.5607,0.5607,0.99,0.0,0.0,0.0,REJECTED_T1,Low PF (0.0),,,
2026-05-07T01:01:03.336554,DOGEUSDT,LONG,0,0.3833,0.3833,0.7,1.131,0.0,0.0,REJECTED_T1,Proba < Thresh (0.383 < 0.7),,,
2026-05-07T01:01:03.336554,DOGEUSDT,SHORT,0,0.5896,0.5896,0.99,0.0,0.0,0.0,REJECTED_T1,Low PF (0.0),,,
2026-05-07T01:01:05.382321,AVAXUSDT,LONG,0,0.2853,0.2853,0.7,1.131,0.0,0.0,REJECTED_T1,Proba < Thresh (0.285 < 0.7),,,
2026-05-07T01:01:05.382321,AVAXUSDT,SHORT,0,0.557,0.557,0.99,0.0,0.0,0.0,REJECTED_T1,Low PF (0.0),,,
2026-05-07T01:01:06.183606,LINKUSDT,LONG,0,0.2693,0.2693,0.7,1.131,0.0,0.0,REJECTED_T1,Proba < Thresh (0.269 < 0.7),,,
2026-05-07T01:01:06.183606,LINKUSDT,SHORT,0,0.4998,0.4998,0.99,0.0,0.0,0.0,REJECTED_T1,Low PF (0.0),,,
2026-05-07T01:01:07.137356,NEARUSDT,LONG,0,0.0248,0.0248,0.7,1.131,0.0,0.0,REJECTED_T1,Proba < Thresh (0.025 < 0.7),,,
2026-05-07T01:01:07.137356,NEARUSDT,SHORT,0,0.5318,0.5318,0.99,0.0,0.0,0.0,REJECTED_T1,Low PF (0.0),,,
2026-05-07T01:01:07.812310,ADAUSDT,LONG,0,0.2676,0.2676,0.7,1.131,0.0,0.0,REJECTED_T1,Proba < Thresh (0.268 < 0.7),,,
2026-05-07T01:01:07.812310,ADAUSDT,SHORT,0,0.5199,0.5199,0.99,0.0,0.0,0.0,REJECTED_T1,Low PF (0.0),,,
2026-05-07T01:01:08.782189,BTCUSDT,LONG,0,0.4394,0.4394,0.7,1.131,0.0,0.0,REJECTED_T1,Proba < Thresh (0.439 < 0.7),,,
2026-05-07T01:01:08.783177,BTCUSDT,SHORT,0,0.7569,0.7569,0.99,0.0,0.0,0.0,REJECTED_T1,Low PF (0.0),,,
2026-05-07T01:01:10.024981,ETHUSDT,LONG,0,0.7123,0.7123,0.7,1.131,0.0,0.0,PASSED_T1,,,,
2026-05-07T01:01:10.025978,ETHUSDT,SHORT,0,0.3918,0.3918,0.99,0.0,0.0,0.0,REJECTED_T1,Low PF (0.0),,,
2026-05-07T01:01:11.236330,SOLUSDT,LONG,0,0.1576,0.1576,0.7,1.131,0.0,0.0,REJECTED_T1,Proba < Thresh (0.158 < 0.7),,,
2026-05-07T01:01:11.236330,SOLUSDT,SHORT,0,0.4855,0.4855,0.99,0.0,0.0,0.0,REJECTED_T1,Low PF (0.0),,,
2026-05-07T01:01:12.464542,BNBUSDT,LONG,0,0.2468,0.2468,0.7,1.131,0.0,0.0,REJECTED_T1,Proba < Thresh (0.247 < 0.7),,,
2026-05-07T01:01:12.465541,BNBUSDT,SHORT,0,0.5122,0.5122,0.99,0.0,0.0,0.0,REJECTED_T1,Low PF (0.0),,,
2026-05-07T01:01:13.409238,XRPUSDT,LONG,0,0.3292,0.3292,0.7,1.131,0.0,0.0,REJECTED_T1,Proba < Thresh (0.329 < 0.7),,,
2026-05-07T01:01:13.409238,XRPUSDT,SHORT,0,0.5607,0.5607,0.99,0.0,0.0,0.0,REJECTED_T1,Low PF (0.0),,,
2026-05-07T01:01:14.696942,DOGEUSDT,LONG,0,0.335,0.335,0.7,1.131,0.0,0.0,REJECTED_T1,Proba < Thresh (0.335 < 0.7),,,
2026-05-07T01:01:14.696942,DOGEUSDT,SHORT,0,0.5891,0.5891,0.99,0.0,0.0,0.0,REJECTED_T1,Low PF (0.0),,,
2026-05-07T01:01:15.882672,AVAXUSDT,LONG,0,0.2861,0.2861,0.7,1.131,0.0,0.0,REJECTED_T1,Proba < Thresh (0.286 < 0.7),,,
2026-05-07T01:01:15.882672,AVAXUSDT,SHORT,0,0.5659,0.5659,0.99,0.0,0.0,0.0,REJECTED_T1,Low PF (0.0),,,
2026-05-07T01:01:16.881677,LINKUSDT,LONG,0,0.2701,0.2701,0.7,1.131,0.0,0.0,REJECTED_T1,Proba < Thresh (0.270 < 0.7),,,
2026-05-07T01:01:16.881677,LINKUSDT,SHORT,0,0.4873,0.4873,0.99,0.0,0.0,0.0,REJECTED_T1,Low PF (0.0),,,
2026-05-07T01:01:17.991847,NEARUSDT,LONG,0,0.0248,0.0248,0.7,1.131,0.0,0.0,REJECTED_T1,Proba < Thresh (0.025 < 0.7),,,
2026-05-07T01:01:17.991847,NEARUSDT,SHORT,0,0.5341,0.5341,0.99,0.0,0.0,0.0,REJECTED_T1,Low PF (0.0),,,
2026-05-07T01:01:18.995373,ADAUSDT,LONG,0,0.2676,0.2676,0.7,1.131,0.0,0.0,REJECTED_T1,Proba < Thresh (0.268 < 0.7),,,
2026-05-07T01:01:18.995373,ADAUSDT,SHORT,0,0.4881,0.4881,0.99,0.0,0.0,0.0,REJECTED_T1,Low PF (0.0),,,
2026-05-07T01:01:20.213817,BTCUSDT,LONG,0,0.4454,0.4454,0.7,1.131,0.0,0.0,REJECTED_T1,Proba < Thresh (0.445 < 0.7),,,
2026-05-07T01:01:20.214816,BTCUSDT,SHORT,0,0.7569,0.7569,0.99,0.0,0.0,0.0,REJECTED_T1,Low PF (0.0),,,
2026-05-07T01:01:20.897437,ETHUSDT,LONG,0,0.7123,0.7123,0.7,1.131,0.0,0.0,PASSED_T1,,,,
2026-05-07T01:01:20.897437,ETHUSDT,SHORT,0,0.4028,0.4028,0.99,0.0,0.0,0.0,REJECTED_T1,Low PF (0.0),,,
2026-05-07T01:01:21.808903,SOLUSDT,LONG,0,0.1568,0.1568,0.7,1.131,0.0,0.0,REJECTED_T1,Proba < Thresh (0.157 < 0.7),,,
2026-05-07T01:01:21.809913,SOLUSDT,SHORT,0,0.4792,0.4792,0.99,0.0,0.0,0.0,REJECTED_T1,Low PF (0.0),,,
2026-05-07T01:01:22.482974,BNBUSDT,LONG,0,0.2205,0.2205,0.7,1.131,0.0,0.0,REJECTED_T1,Proba < Thresh (0.221 < 0.7),,,
2026-05-07T01:01:22.482974,BNBUSDT,SHORT,0,0.5271,0.5271,0.99,0.0,0.0,0.0,REJECTED_T1,Low PF (0.0),,,
2026-05-07T01:01:23.381661,XRPUSDT,LONG,0,0.3136,0.3136,0.7,1.131,0.0,0.0,REJECTED_T1,Proba < Thresh (0.314 < 0.7),,,
2026-05-07T01:01:23.382651,XRPUSDT,SHORT,0,0.5607,0.5607,0.99,0.0,0.0,0.0,REJECTED_T1,Low PF (0.0),,,
2026-05-07T01:01:24.052550,DOGEUSDT,LONG,0,0.3297,0.3297,0.7,1.131,0.0,0.0,REJECTED_T1,Proba < Thresh (0.330 < 0.7),,,
2026-05-07T01:01:24.053579,DOGEUSDT,SHORT,0,0.5891,0.5891,0.99,0.0,0.0,0.0,REJECTED_T1,Low PF (0.0),,,
2026-05-07T01:01:25.324215,AVAXUSDT,LONG,0,0.2815,0.2815,0.7,1.131,0.0,0.0,REJECTED_T1,Proba < Thresh (0.282 < 0.7),,,
2026-05-07T01:01:25.324215,AVAXUSDT,SHORT,0,0.5659,0.5659,0.99,0.0,0.0,0.0,REJECTED_T1,Low PF (0.0),,,
2026-05-07T01:01:27.258253,LINKUSDT,LONG,0,0.2444,0.2444,0.7,1.131,0.0,0.0,REJECTED_T1,Proba < Thresh (0.244 < 0.7),,,
2026-05-07T01:01:27.259257,LINKUSDT,SHORT,0,0.4838,0.4838,0.99,0.0,0.0,0.0,REJECTED_T1,Low PF (0.0),,,
2026-05-07T01:01:28.617832,NEARUSDT,LONG,0,0.0249,0.0249,0.7,1.131,0.0,0.0,REJECTED_T1,Proba < Thresh (0.025 < 0.7),,,
2026-05-07T01:01:28.617832,NEARUSDT,SHORT,0,0.5341,0.5341,0.99,0.0,0.0,0.0,REJECTED_T1,Low PF (0.0),,,
2026-05-07T01:01:29.484948,ADAUSDT,LONG,0,0.2676,0.2676,0.7,1.131,0.0,0.0,REJECTED_T1,Proba < Thresh (0.268 < 0.7),,,
2026-05-07T01:01:29.484948,ADAUSDT,SHORT,0,0.4962,0.4962,0.99,0.0,0.0,0.0,REJECTED_T1,Low PF (0.0),,,
2026-05-07T02:00:02.999505,BTCUSDT,LONG,0,0.5392,0.5392,0.7,1.131,0.0,0.0,REJECTED_T1,Proba < Thresh (0.539 < 0.7),,,
2026-05-07T02:00:03.000503,BTCUSDT,SHORT,0,0.7433,0.7433,0.99,0.0,0.0,0.0,REJECTED_T1,Low PF (0.0),,,
2026-05-07T02:00:04.280911,ETHUSDT,LONG,0,0.7132,0.7132,0.7,1.131,0.0,0.0,PASSED_T1,,,,
2026-05-07T02:00:04.280911,ETHUSDT,SHORT,0,0.3542,0.3542,0.99,0.0,0.0,0.0,REJECTED_T1,Low PF (0.0),,,
2026-05-07T02:00:05.298265,SOLUSDT,LONG,0,0.1616,0.1616,0.7,1.131,0.0,0.0,REJECTED_T1,Proba < Thresh (0.162 < 0.7),,,
2026-05-07T02:00:05.298265,SOLUSDT,SHORT,0,0.4302,0.4302,0.99,0.0,0.0,0.0,REJECTED_T1,Low PF (0.0),,,
2026-05-07T02:00:06.083283,BNBUSDT,LONG,0,0.1995,0.1995,0.7,1.131,0.0,0.0,REJECTED_T1,Proba < Thresh (0.199 < 0.7),,,
2026-05-07T02:00:06.084280,BNBUSDT,SHORT,0,0.5138,0.5138,0.99,0.0,0.0,0.0,REJECTED_T1,Low PF (0.0),,,
2026-05-07T02:00:07.081244,XRPUSDT,LONG,0,0.5991,0.5991,0.7,1.131,0.0,0.0,REJECTED_T1,Proba < Thresh (0.599 < 0.7),,,
2026-05-07T02:00:07.081244,XRPUSDT,SHORT,0,0.5438,0.5438,0.99,0.0,0.0,0.0,REJECTED_T1,Low PF (0.0),,,
2026-05-07T02:00:07.854690,DOGEUSDT,LONG,0,0.3953,0.3953,0.7,1.131,0.0,0.0,REJECTED_T1,Proba < Thresh (0.395 < 0.7),,,
2026-05-07T02:00:07.855674,DOGEUSDT,SHORT,0,0.5637,0.5637,0.99,0.0,0.0,0.0,REJECTED_T1,Low PF (0.0),,,
2026-05-07T02:00:08.617151,AVAXUSDT,LONG,0,0.289,0.289,0.7,1.131,0.0,0.0,REJECTED_T1,Proba < Thresh (0.289 < 0.7),,,
2026-05-07T02:00:08.617151,AVAXUSDT,SHORT,0,0.4988,0.4988,0.99,0.0,0.0,0.0,REJECTED_T1,Low PF (0.0),,,
2026-05-07T02:00:09.373462,LINKUSDT,LONG,0,0.2607,0.2607,0.7,1.131,0.0,0.0,REJECTED_T1,Proba < Thresh (0.261 < 0.7),,,
2026-05-07T02:00:09.373462,LINKUSDT,SHORT,0,0.451,0.451,0.99,0.0,0.0,0.0,REJECTED_T1,Low PF (0.0),,,
2026-05-07T02:00:10.148957,NEARUSDT,LONG,0,0.0235,0.0235,0.7,1.131,0.0,0.0,REJECTED_T1,Proba < Thresh (0.023 < 0.7),,,
2026-05-07T02:00:10.149956,NEARUSDT,SHORT,0,0.4509,0.4509,0.99,0.0,0.0,0.0,REJECTED_T1,Low PF (0.0),,,
2026-05-07T02:00:11.093149,ADAUSDT,LONG,0,0.2371,0.2371,0.7,1.131,0.0,0.0,REJECTED_T1,Proba < Thresh (0.237 < 0.7),,,
2026-05-07T02:00:11.093149,ADAUSDT,SHORT,0,0.4502,0.4502,0.99,0.0,0.0,0.0,REJECTED_T1,Low PF (0.0),,,
2026-05-07T02:00:11.588041,BTCUSDT,LONG,0,0.4443,0.4443,0.7,1.131,0.0,0.0,REJECTED_T1,Proba < Thresh (0.444 < 0.7),,,
2026-05-07T02:00:11.588041,BTCUSDT,SHORT,0,0.7686,0.7686,0.99,0.0,0.0,0.0,REJECTED_T1,Low PF (0.0),,,
2026-05-07T02:00:12.082600,ETHUSDT,LONG,0,0.5895,0.5895,0.7,1.131,0.0,0.0,REJECTED_T1,Proba < Thresh (0.589 < 0.7),,,
2026-05-07T02:00:12.082600,ETHUSDT,SHORT,0,0.3654,0.3654,0.99,0.0,0.0,0.0,REJECTED_T1,Low PF (0.0),,,
2026-05-07T02:00:12.597348,SOLUSDT,LONG,0,0.1616,0.1616,0.7,1.131,0.0,0.0,REJECTED_T1,Proba < Thresh (0.162 < 0.7),,,
2026-05-07T02:00:12.598332,SOLUSDT,SHORT,0,0.4546,0.4546,0.99,0.0,0.0,0.0,REJECTED_T1,Low PF (0.0),,,
2026-05-07T02:00:13.098400,BNBUSDT,LONG,0,0.2037,0.2037,0.7,1.131,0.0,0.0,REJECTED_T1,Proba < Thresh (0.204 < 0.7),,,
2026-05-07T02:00:13.098400,BNBUSDT,SHORT,0,0.5089,0.5089,0.99,0.0,0.0,0.0,REJECTED_T1,Low PF (0.0),,,
2026-05-07T02:00:13.607148,XRPUSDT,LONG,0,0.5991,0.5991,0.7,1.131,0.0,0.0,REJECTED_T1,Proba < Thresh (0.599 < 0.7),,,
2026-05-07T02:00:13.608132,XRPUSDT,SHORT,0,0.5438,0.5438,0.99,0.0,0.0,0.0,REJECTED_T1,Low PF (0.0),,,
2026-05-07T02:00:14.114667,DOGEUSDT,LONG,0,0.3953,0.3953,0.7,1.131,0.0,0.0,REJECTED_T1,Proba < Thresh (0.395 < 0.7),,,
2026-05-07T02:00:14.115667,DOGEUSDT,SHORT,0,0.5689,0.5689,0.99,0.0,0.0,0.0,REJECTED_T1,Low PF (0.0),,,
2026-05-07T02:00:14.605880,AVAXUSDT,LONG,0,0.2919,0.2919,0.7,1.131,0.0,0.0,REJECTED_T1,Proba < Thresh (0.292 < 0.7),,,
2026-05-07T02:00:14.605880,AVAXUSDT,SHORT,0,0.5025,0.5025,0.99,0.0,0.0,0.0,REJECTED_T1,Low PF (0.0),,,
2026-05-07T02:00:15.129043,LINKUSDT,LONG,0,0.2614,0.2614,0.7,1.131,0.0,0.0,REJECTED_T1,Proba < Thresh (0.261 < 0.7),,,
2026-05-07T02:00:15.129043,LINKUSDT,SHORT,0,0.471,0.471,0.99,0.0,0.0,0.0,REJECTED_T1,Low PF (0.0),,,
2026-05-07T02:00:15.621444,NEARUSDT,LONG,0,0.0235,0.0235,0.7,1.131,0.0,0.0,REJECTED_T1,Proba < Thresh (0.023 < 0.7),,,
2026-05-07T02:00:15.622441,NEARUSDT,SHORT,0,0.4624,0.4624,0.99,0.0,0.0,0.0,REJECTED_T1,Low PF (0.0),,,
2026-05-07T02:00:16.129464,ADAUSDT,LONG,0,0.2361,0.2361,0.7,1.131,0.0,0.0,REJECTED_T1,Proba < Thresh (0.236 < 0.7),,,
2026-05-07T02:00:16.129464,ADAUSDT,SHORT,0,0.4502,0.4502,0.99,0.0,0.0,0.0,REJECTED_T1,Low PF (0.0),,,
2026-05-07T02:00:16.638152,BTCUSDT,LONG,0,0.4443,0.4443,0.7,1.131,0.0,0.0,REJECTED_T1,Proba < Thresh (0.444 < 0.7),,,
2026-05-07T02:00:16.638152,BTCUSDT,SHORT,0,0.7576,0.7576,0.99,0.0,0.0,0.0,REJECTED_T1,Low PF (0.0),,,
2026-05-07T02:00:17.127621,ETHUSDT,LONG,0,0.5757,0.5757,0.7,1.131,0.0,0.0,REJECTED_T1,Proba < Thresh (0.576 < 0.7),,,
2026-05-07T02:00:17.127621,ETHUSDT,SHORT,0,0.3654,0.3654,0.99,0.0,0.0,0.0,REJECTED_T1,Low PF (0.0),,,
2026-05-07T02:00:17.624033,SOLUSDT,LONG,0,0.1616,0.1616,0.7,1.131,0.0,0.0,REJECTED_T1,Proba < Thresh (0.162 < 0.7),,,
2026-05-07T02:00:17.624033,SOLUSDT,SHORT,0,0.4489,0.4489,0.99,0.0,0.0,0.0,REJECTED_T1,Low PF (0.0),,,
2026-05-07T02:00:18.117117,BNBUSDT,LONG,0,0.2037,0.2037,0.7,1.131,0.0,0.0,REJECTED_T1,Proba < Thresh (0.204 < 0.7),,,
2026-05-07T02:00:18.118113,BNBUSDT,SHORT,0,0.5089,0.5089,0.99,0.0,0.0,0.0,REJECTED_T1,Low PF (0.0),,,
2026-05-07T02:00:18.631259,XRPUSDT,LONG,0,0.5991,0.5991,0.7,1.131,0.0,0.0,REJECTED_T1,Proba < Thresh (0.599 < 0.7),,,
2026-05-07T02:00:18.632290,XRPUSDT,SHORT,0,0.5438,0.5438,0.99,0.0,0.0,0.0,REJECTED_T1,Low PF (0.0),,,
2026-05-07T02:00:19.131969,DOGEUSDT,LONG,0,0.3953,0.3953,0.7,1.131,0.0,0.0,REJECTED_T1,Proba < Thresh (0.395 < 0.7),,,
2026-05-07T02:00:19.131969,DOGEUSDT,SHORT,0,0.5689,0.5689,0.99,0.0,0.0,0.0,REJECTED_T1,Low PF (0.0),,,
2026-05-07T02:00:19.630139,AVAXUSDT,LONG,0,0.289,0.289,0.7,1.131,0.0,0.0,REJECTED_T1,Proba < Thresh (0.289 < 0.7),,,
2026-05-07T02:00:19.630139,AVAXUSDT,SHORT,0,0.5066,0.5066,0.99,0.0,0.0,0.0,REJECTED_T1,Low PF (0.0),,,
2026-05-07T02:00:20.143611,LINKUSDT,LONG,0,0.2614,0.2614,0.7,1.131,0.0,0.0,REJECTED_T1,Proba < Thresh (0.261 < 0.7),,,
2026-05-07T02:00:20.143611,LINKUSDT,SHORT,0,0.4765,0.4765,0.99,0.0,0.0,0.0,REJECTED_T1,Low PF (0.0),,,
2026-05-07T02:00:20.650547,NEARUSDT,LONG,0,0.024,0.024,0.7,1.131,0.0,0.0,REJECTED_T1,Proba < Thresh (0.024 < 0.7),,,
2026-05-07T02:00:20.650547,NEARUSDT,SHORT,0,0.4587,0.4587,0.99,0.0,0.0,0.0,REJECTED_T1,Low PF (0.0),,,
2026-05-07T02:00:21.161087,ADAUSDT,LONG,0,0.2361,0.2361,0.7,1.131,0.0,0.0,REJECTED_T1,Proba < Thresh (0.236 < 0.7),,,
2026-05-07T02:00:21.162087,ADAUSDT,SHORT,0,0.4502,0.4502,0.99,0.0,0.0,0.0,REJECTED_T1,Low PF (0.0),,,
2026-05-07T02:00:21.671462,BTCUSDT,LONG,0,0.4428,0.4428,0.7,1.131,0.0,0.0,REJECTED_T1,Proba < Thresh (0.443 < 0.7),,,
2026-05-07T02:00:21.671462,BTCUSDT,SHORT,0,0.7604,0.7604,0.99,0.0,0.0,0.0,REJECTED_T1,Low PF (0.0),,,
2026-05-07T02:00:22.163741,ETHUSDT,LONG,0,0.5751,0.5751,0.7,1.131,0.0,0.0,REJECTED_T1,Proba < Thresh (0.575 < 0.7),,,
2026-05-07T02:00:22.163741,ETHUSDT,SHORT,0,0.3654,0.3654,0.99,0.0,0.0,0.0,REJECTED_T1,Low PF (0.0),,,
2026-05-07T02:00:23.037257,SOLUSDT,LONG,0,0.1616,0.1616,0.7,1.131,0.0,0.0,REJECTED_T1,Proba < Thresh (0.162 < 0.7),,,
2026-05-07T02:00:23.038258,SOLUSDT,SHORT,0,0.4508,0.4508,0.99,0.0,0.0,0.0,REJECTED_T1,Low PF (0.0),,,
2026-05-07T02:00:23.553349,BNBUSDT,LONG,0,0.2037,0.2037,0.7,1.131,0.0,0.0,REJECTED_T1,Proba < Thresh (0.204 < 0.7),,,
2026-05-07T02:00:23.553349,BNBUSDT,SHORT,0,0.5079,0.5079,0.99,0.0,0.0,0.0,REJECTED_T1,Low PF (0.0),,,
2026-05-07T02:00:24.047469,XRPUSDT,LONG,0,0.5862,0.5862,0.7,1.131,0.0,0.0,REJECTED_T1,Proba < Thresh (0.586 < 0.7),,,
2026-05-07T02:00:24.047469,XRPUSDT,SHORT,0,0.5438,0.5438,0.99,0.0,0.0,0.0,REJECTED_T1,Low PF (0.0),,,
2026-05-07T02:00:24.559647,DOGEUSDT,LONG,0,0.3953,0.3953,0.7,1.131,0.0,0.0,REJECTED_T1,Proba < Thresh (0.395 < 0.7),,,
2026-05-07T02:00:24.559647,DOGEUSDT,SHORT,0,0.5716,0.5716,0.99,0.0,0.0,0.0,REJECTED_T1,Low PF (0.0),,,
2026-05-07T02:00:25.076393,AVAXUSDT,LONG,0,0.2919,0.2919,0.7,1.131,0.0,0.0,REJECTED_T1,Proba < Thresh (0.292 < 0.7),,,
2026-05-07T02:00:25.076393,AVAXUSDT,SHORT,0,0.5066,0.5066,0.99,0.0,0.0,0.0,REJECTED_T1,Low PF (0.0),,,
2026-05-07T02:00:25.584137,LINKUSDT,LONG,0,0.2614,0.2614,0.7,1.131,0.0,0.0,REJECTED_T1,Proba < Thresh (0.261 < 0.7),,,
2026-05-07T02:00:25.584137,LINKUSDT,SHORT,0,0.4765,0.4765,0.99,0.0,0.0,0.0,REJECTED_T1,Low PF (0.0),,,
2026-05-07T02:00:26.316400,NEARUSDT,LONG,0,0.024,0.024,0.7,1.131,0.0,0.0,REJECTED_T1,Proba < Thresh (0.024 < 0.7),,,
2026-05-07T02:00:26.316400,NEARUSDT,SHORT,0,0.4587,0.4587,0.99,0.0,0.0,0.0,REJECTED_T1,Low PF (0.0),,,
2026-05-07T02:00:26.839497,ADAUSDT,LONG,0,0.2361,0.2361,0.7,1.131,0.0,0.0,REJECTED_T1,Proba < Thresh (0.236 < 0.7),,,
2026-05-07T02:00:26.839497,ADAUSDT,SHORT,0,0.4502,0.4502,0.99,0.0,0.0,0.0,REJECTED_T1,Low PF (0.0),,,
2026-05-07T02:00:27.346947,BTCUSDT,LONG,0,0.4428,0.4428,0.7,1.131,0.0,0.0,REJECTED_T1,Proba < Thresh (0.443 < 0.7),,,
2026-05-07T02:00:27.347932,BTCUSDT,SHORT,0,0.7604,0.7604,0.99,0.0,0.0,0.0,REJECTED_T1,Low PF (0.0),,,
2026-05-07T02:00:27.865198,ETHUSDT,LONG,0,0.5696,0.5696,0.7,1.131,0.0,0.0,REJECTED_T1,Proba < Thresh (0.570 < 0.7),,,
2026-05-07T02:00:27.865198,ETHUSDT,SHORT,0,0.3654,0.3654,0.99,0.0,0.0,0.0,REJECTED_T1,Low PF (0.0),,,
2026-05-07T02:00:28.394358,SOLUSDT,LONG,0,0.1616,0.1616,0.7,1.131,0.0,0.0,REJECTED_T1,Proba < Thresh (0.162 < 0.7),,,
2026-05-07T02:00:28.394358,SOLUSDT,SHORT,0,0.4627,0.4627,0.99,0.0,0.0,0.0,REJECTED_T1,Low PF (0.0),,,
2026-05-07T02:00:28.901932,BNBUSDT,LONG,0,0.2037,0.2037,0.7,1.131,0.0,0.0,REJECTED_T1,Proba < Thresh (0.204 < 0.7),,,
2026-05-07T02:00:28.902931,BNBUSDT,SHORT,0,0.5079,0.5079,0.99,0.0,0.0,0.0,REJECTED_T1,Low PF (0.0),,,
2026-05-07T02:00:29.405486,XRPUSDT,LONG,0,0.5925,0.5925,0.7,1.131,0.0,0.0,REJECTED_T1,Proba < Thresh (0.593 < 0.7),,,
2026-05-07T02:00:29.406502,XRPUSDT,SHORT,0,0.5438,0.5438,0.99,0.0,0.0,0.0,REJECTED_T1,Low PF (0.0),,,
2026-05-07T02:00:29.901155,DOGEUSDT,LONG,0,0.3953,0.3953,0.7,1.131,0.0,0.0,REJECTED_T1,Proba < Thresh (0.395 < 0.7),,,
2026-05-07T02:00:29.902158,DOGEUSDT,SHORT,0,0.5779,0.5779,0.99,0.0,0.0,0.0,REJECTED_T1,Low PF (0.0),,,
2026-05-07T02:00:30.409912,AVAXUSDT,LONG,0,0.2919,0.2919,0.7,1.131,0.0,0.0,REJECTED_T1,Proba < Thresh (0.292 < 0.7),,,
2026-05-07T02:00:30.409912,AVAXUSDT,SHORT,0,0.5066,0.5066,0.99,0.0,0.0,0.0,REJECTED_T1,Low PF (0.0),,,
2026-05-07T02:00:30.963194,LINKUSDT,LONG,0,0.2614,0.2614,0.7,1.131,0.0,0.0,REJECTED_T1,Proba < Thresh (0.261 < 0.7),,,
2026-05-07T02:00:30.964193,LINKUSDT,SHORT,0,0.4765,0.4765,0.99,0.0,0.0,0.0,REJECTED_T1,Low PF (0.0),,,
2026-05-07T02:00:31.477272,NEARUSDT,LONG,0,0.0235,0.0235,0.7,1.131,0.0,0.0,REJECTED_T1,Proba < Thresh (0.023 < 0.7),,,
2026-05-07T02:00:31.477272,NEARUSDT,SHORT,0,0.4624,0.4624,0.99,0.0,0.0,0.0,REJECTED_T1,Low PF (0.0),,,
2026-05-07T02:00:31.990100,ADAUSDT,LONG,0,0.2361,0.2361,0.7,1.131,0.0,0.0,REJECTED_T1,Proba < Thresh (0.236 < 0.7),,,
2026-05-07T02:00:31.991116,ADAUSDT,SHORT,0,0.4502,0.4502,0.99,0.0,0.0,0.0,REJECTED_T1,Low PF (0.0),,,
2026-05-07T02:00:32.757657,BTCUSDT,LONG,0,0.4385,0.4385,0.7,1.131,0.0,0.0,REJECTED_T1,Proba < Thresh (0.438 < 0.7),,,
2026-05-07T02:00:32.757657,BTCUSDT,SHORT,0,0.7738,0.7738,0.99,0.0,0.0,0.0,REJECTED_T1,Low PF (0.0),,,
2026-05-07T02:00:33.255930,ETHUSDT,LONG,0,0.5696,0.5696,0.7,1.131,0.0,0.0,REJECTED_T1,Proba < Thresh (0.570 < 0.7),,,
2026-05-07T02:00:33.255930,ETHUSDT,SHORT,0,0.3605,0.3605,0.99,0.0,0.0,0.0,REJECTED_T1,Low PF (0.0),,,
2026-05-07T02:00:33.903772,SOLUSDT,LONG,0,0.1585,0.1585,0.7,1.131,0.0,0.0,REJECTED_T1,Proba < Thresh (0.159 < 0.7),,,
2026-05-07T02:00:33.903772,SOLUSDT,SHORT,0,0.457,0.457,0.99,0.0,0.0,0.0,REJECTED_T1,Low PF (0.0),,,
2026-05-07T02:00:34.393587,BNBUSDT,LONG,0,0.2037,0.2037,0.7,1.131,0.0,0.0,REJECTED_T1,Proba < Thresh (0.204 < 0.7),,,
2026-05-07T02:00:34.393587,BNBUSDT,SHORT,0,0.4983,0.4983,0.99,0.0,0.0,0.0,REJECTED_T1,Low PF (0.0),,,
2026-05-07T02:00:34.901965,XRPUSDT,LONG,0,0.5925,0.5925,0.7,1.131,0.0,0.0,REJECTED_T1,Proba < Thresh (0.593 < 0.7),,,
2026-05-07T02:00:34.902949,XRPUSDT,SHORT,0,0.5438,0.5438,0.99,0.0,0.0,0.0,REJECTED_T1,Low PF (0.0),,,
2026-05-07T02:00:35.400101,DOGEUSDT,LONG,0,0.3953,0.3953,0.7,1.131,0.0,0.0,REJECTED_T1,Proba < Thresh (0.395 < 0.7),,,
2026-05-07T02:00:35.400101,DOGEUSDT,SHORT,0,0.5716,0.5716,0.99,0.0,0.0,0.0,REJECTED_T1,Low PF (0.0),,,
2026-05-07T02:00:35.909061,AVAXUSDT,LONG,0,0.2919,0.2919,0.7,1.131,0.0,0.0,REJECTED_T1,Proba < Thresh (0.292 < 0.7),,,
2026-05-07T02:00:35.910066,AVAXUSDT,SHORT,0,0.5066,0.5066,0.99,0.0,0.0,0.0,REJECTED_T1,Low PF (0.0),,,
2026-05-07T02:00:36.406270,LINKUSDT,LONG,0,0.2614,0.2614,0.7,1.131,0.0,0.0,REJECTED_T1,Proba < Thresh (0.261 < 0.7),,,
2026-05-07T02:00:36.406270,LINKUSDT,SHORT,0,0.4765,0.4765,0.99,0.0,0.0,0.0,REJECTED_T1,Low PF (0.0),,,
2026-05-07T02:00:36.919466,NEARUSDT,LONG,0,0.0238,0.0238,0.7,1.131,0.0,0.0,REJECTED_T1,Proba < Thresh (0.024 < 0.7),,,
2026-05-07T02:00:36.920451,NEARUSDT,SHORT,0,0.4578,0.4578,0.99,0.0,0.0,0.0,REJECTED_T1,Low PF (0.0),,,
2026-05-07T02:00:37.432198,ADAUSDT,LONG,0,0.2361,0.2361,0.7,1.131,0.0,0.0,REJECTED_T1,Proba < Thresh (0.236 < 0.7),,,
2026-05-07T02:00:37.432198,ADAUSDT,SHORT,0,0.4502,0.4502,0.99,0.0,0.0,0.0,REJECTED_T1,Low PF (0.0),,,
2026-05-07T02:00:37.940144,BTCUSDT,LONG,0,0.4428,0.4428,0.7,1.131,0.0,0.0,REJECTED_T1,Proba < Thresh (0.443 < 0.7),,,
2026-05-07T02:00:37.940144,BTCUSDT,SHORT,0,0.7712,0.7712,0.99,0.0,0.0,0.0,REJECTED_T1,Low PF (0.0),,,
2026-05-07T02:00:38.952132,ETHUSDT,LONG,0,0.5696,0.5696,0.7,1.131,0.0,0.0,REJECTED_T1,Proba < Thresh (0.570 < 0.7),,,
2026-05-07T02:00:38.952132,ETHUSDT,SHORT,0,0.3605,0.3605,0.99,0.0,0.0,0.0,REJECTED_T1,Low PF (0.0),,,
2026-05-07T02:00:39.738043,SOLUSDT,LONG,0,0.1585,0.1585,0.7,1.131,0.0,0.0,REJECTED_T1,Proba < Thresh (0.159 < 0.7),,,
2026-05-07T02:00:39.739070,SOLUSDT,SHORT,0,0.4627,0.4627,0.99,0.0,0.0,0.0,REJECTED_T1,Low PF (0.0),,,
2026-05-07T02:00:40.552999,BNBUSDT,LONG,0,0.2037,0.2037,0.7,1.131,0.0,0.0,REJECTED_T1,Proba < Thresh (0.204 < 0.7),,,
2026-05-07T02:00:40.553995,BNBUSDT,SHORT,0,0.4993,0.4993,0.99,0.0,0.0,0.0,REJECTED_T1,Low PF (0.0),,,
2026-05-07T02:00:41.340847,XRPUSDT,LONG,0,0.5862,0.5862,0.7,1.131,0.0,0.0,REJECTED_T1,Proba < Thresh (0.586 < 0.7),,,
2026-05-07T02:00:41.340847,XRPUSDT,SHORT,0,0.5438,0.5438,0.99,0.0,0.0,0.0,REJECTED_T1,Low PF (0.0),,,
2026-05-07T02:00:42.311105,DOGEUSDT,LONG,0,0.3953,0.3953,0.7,1.131,0.0,0.0,REJECTED_T1,Proba < Thresh (0.395 < 0.7),,,
2026-05-07T02:00:42.311105,DOGEUSDT,SHORT,0,0.5716,0.5716,0.99,0.0,0.0,0.0,REJECTED_T1,Low PF (0.0),,,
2026-05-07T02:00:43.088744,AVAXUSDT,LONG,0,0.289,0.289,0.7,1.131,0.0,0.0,REJECTED_T1,Proba < Thresh (0.289 < 0.7),,,
2026-05-07T02:00:43.088744,AVAXUSDT,SHORT,0,0.5066,0.5066,0.99,0.0,0.0,0.0,REJECTED_T1,Low PF (0.0),,,
2026-05-07T02:00:43.872071,LINKUSDT,LONG,0,0.2641,0.2641,0.7,1.131,0.0,0.0,REJECTED_T1,Proba < Thresh (0.264 < 0.7),,,
2026-05-07T02:00:43.872071,LINKUSDT,SHORT,0,0.4802,0.4802,0.99,0.0,0.0,0.0,REJECTED_T1,Low PF (0.0),,,
2026-05-07T02:00:44.655202,NEARUSDT,LONG,0,0.024,0.024,0.7,1.131,0.0,0.0,REJECTED_T1,Proba < Thresh (0.024 < 0.7),,,
2026-05-07T02:00:44.655202,NEARUSDT,SHORT,0,0.4485,0.4485,0.99,0.0,0.0,0.0,REJECTED_T1,Low PF (0.0),,,
2026-05-07T02:00:45.420635,ADAUSDT,LONG,0,0.2361,0.2361,0.7,1.131,0.0,0.0,REJECTED_T1,Proba < Thresh (0.236 < 0.7),,,
2026-05-07T02:00:45.421632,ADAUSDT,SHORT,0,0.4502,0.4502,0.99,0.0,0.0,0.0,REJECTED_T1,Low PF (0.0),,,
2026-05-07T02:00:45.929034,BTCUSDT,LONG,0,0.4428,0.4428,0.7,1.131,0.0,0.0,REJECTED_T1,Proba < Thresh (0.443 < 0.7),,,
2026-05-07T02:00:45.929034,BTCUSDT,SHORT,0,0.7632,0.7632,0.99,0.0,0.0,0.0,REJECTED_T1,Low PF (0.0),,,
2026-05-07T02:00:46.440632,ETHUSDT,LONG,0,0.5702,0.5702,0.7,1.131,0.0,0.0,REJECTED_T1,Proba < Thresh (0.570 < 0.7),,,
2026-05-07T02:00:46.441634,ETHUSDT,SHORT,0,0.3605,0.3605,0.99,0.0,0.0,0.0,REJECTED_T1,Low PF (0.0),,,
2026-05-07T02:00:46.961227,SOLUSDT,LONG,0,0.1343,0.1343,0.7,1.131,0.0,0.0,REJECTED_T1,Proba < Thresh (0.134 < 0.7),,,
2026-05-07T02:00:46.961227,SOLUSDT,SHORT,0,0.4645,0.4645,0.99,0.0,0.0,0.0,REJECTED_T1,Low PF (0.0),,,
2026-05-07T02:00:47.471091,BNBUSDT,LONG,0,0.2037,0.2037,0.7,1.131,0.0,0.0,REJECTED_T1,Proba < Thresh (0.204 < 0.7),,,
2026-05-07T02:00:47.472090,BNBUSDT,SHORT,0,0.5079,0.5079,0.99,0.0,0.0,0.0,REJECTED_T1,Low PF (0.0),,,
2026-05-07T02:00:47.966880,XRPUSDT,LONG,0,0.5991,0.5991,0.7,1.131,0.0,0.0,REJECTED_T1,Proba < Thresh (0.599 < 0.7),,,
2026-05-07T02:00:47.966880,XRPUSDT,SHORT,0,0.5438,0.5438,0.99,0.0,0.0,0.0,REJECTED_T1,Low PF (0.0),,,
2026-05-07T02:00:48.689874,DOGEUSDT,LONG,0,0.3953,0.3953,0.7,1.131,0.0,0.0,REJECTED_T1,Proba < Thresh (0.395 < 0.7),,,
2026-05-07T02:00:48.689874,DOGEUSDT,SHORT,0,0.5689,0.5689,0.99,0.0,0.0,0.0,REJECTED_T1,Low PF (0.0),,,
2026-05-07T02:00:49.199644,AVAXUSDT,LONG,0,0.2867,0.2867,0.7,1.131,0.0,0.0,REJECTED_T1,Proba < Thresh (0.287 < 0.7),,,
2026-05-07T02:00:49.199644,AVAXUSDT,SHORT,0,0.5074,0.5074,0.99,0.0,0.0,0.0,REJECTED_T1,Low PF (0.0),,,
2026-05-07T02:00:49.724936,LINKUSDT,LONG,0,0.2614,0.2614,0.7,1.131,0.0,0.0,REJECTED_T1,Proba < Thresh (0.261 < 0.7),,,
2026-05-07T02:00:49.724936,LINKUSDT,SHORT,0,0.4765,0.4765,0.99,0.0,0.0,0.0,REJECTED_T1,Low PF (0.0),,,
2026-05-07T02:00:50.233662,NEARUSDT,LONG,0,0.024,0.024,0.7,1.131,0.0,0.0,REJECTED_T1,Proba < Thresh (0.024 < 0.7),,,
2026-05-07T02:00:50.233662,NEARUSDT,SHORT,0,0.4552,0.4552,0.99,0.0,0.0,0.0,REJECTED_T1,Low PF (0.0),,,
2026-05-07T02:00:50.721402,ADAUSDT,LONG,0,0.2361,0.2361,0.7,1.131,0.0,0.0,REJECTED_T1,Proba < Thresh (0.236 < 0.7),,,
2026-05-07T02:00:50.722404,ADAUSDT,SHORT,0,0.4502,0.4502,0.99,0.0,0.0,0.0,REJECTED_T1,Low PF (0.0),,,
2026-05-07T03:00:03.016355,BTCUSDT,LONG,0,0.4867,0.4867,0.7,1.131,0.0,0.0,REJECTED_T1,Proba < Thresh (0.487 < 0.7),,,
2026-05-07T03:00:03.016355,BTCUSDT,SHORT,0,0.7531,0.7531,0.99,0.0,0.0,0.0,REJECTED_T1,Low PF (0.0),,,
2026-05-07T03:00:04.223928,ETHUSDT,LONG,0,0.6665,0.6665,0.7,1.131,0.0,0.0,REJECTED_T1,Proba < Thresh (0.666 < 0.7),,,
2026-05-07T03:00:04.223928,ETHUSDT,SHORT,0,0.5067,0.5067,0.99,0.0,0.0,0.0,REJECTED_T1,Low PF (0.0),,,
2026-05-07T03:00:04.994893,SOLUSDT,LONG,0,0.1695,0.1695,0.7,1.131,0.0,0.0,REJECTED_T1,Proba < Thresh (0.170 < 0.7),,,
2026-05-07T03:00:04.994893,SOLUSDT,SHORT,0,0.3461,0.3461,0.99,0.0,0.0,0.0,REJECTED_T1,Low PF (0.0),,,
2026-05-07T03:00:05.794299,BNBUSDT,LONG,0,0.1936,0.1936,0.7,1.131,0.0,0.0,REJECTED_T1,Proba < Thresh (0.194 < 0.7),,,
2026-05-07T03:00:05.794299,BNBUSDT,SHORT,0,0.509,0.509,0.99,0.0,0.0,0.0,REJECTED_T1,Low PF (0.0),,,
2026-05-07T03:00:06.578643,XRPUSDT,LONG,0,0.5873,0.5873,0.7,1.131,0.0,0.0,REJECTED_T1,Proba < Thresh (0.587 < 0.7),,,
2026-05-07T03:00:06.579640,XRPUSDT,SHORT,0,0.5044,0.5044,0.99,0.0,0.0,0.0,REJECTED_T1,Low PF (0.0),,,
2026-05-07T03:00:07.373778,DOGEUSDT,LONG,0,0.457,0.457,0.7,1.131,0.0,0.0,REJECTED_T1,Proba < Thresh (0.457 < 0.7),,,
2026-05-07T03:00:07.373778,DOGEUSDT,SHORT,0,0.5953,0.5953,0.99,0.0,0.0,0.0,REJECTED_T1,Low PF (0.0),,,
2026-05-07T03:00:08.154229,AVAXUSDT,LONG,0,0.3268,0.3268,0.7,1.131,0.0,0.0,REJECTED_T1,Proba < Thresh (0.327 < 0.7),,,
2026-05-07T03:00:08.155233,AVAXUSDT,SHORT,0,0.3614,0.3614,0.99,0.0,0.0,0.0,REJECTED_T1,Low PF (0.0),,,
2026-05-07T03:00:09.011553,LINKUSDT,LONG,0,0.1827,0.1827,0.7,1.131,0.0,0.0,REJECTED_T1,Proba < Thresh (0.183 < 0.7),,,
2026-05-07T03:00:09.011553,LINKUSDT,SHORT,0,0.3871,0.3871,0.99,0.0,0.0,0.0,REJECTED_T1,Low PF (0.0),,,
2026-05-07T03:00:09.919184,NEARUSDT,LONG,0,0.0241,0.0241,0.7,1.131,0.0,0.0,REJECTED_T1,Proba < Thresh (0.024 < 0.7),,,
2026-05-07T03:00:09.919184,NEARUSDT,SHORT,0,0.4349,0.4349,0.99,0.0,0.0,0.0,REJECTED_T1,Low PF (0.0),,,
2026-05-07T03:00:10.722520,ADAUSDT,LONG,0,0.2805,0.2805,0.7,1.131,0.0,0.0,REJECTED_T1,Proba < Thresh (0.281 < 0.7),,,
2026-05-07T03:00:10.723497,ADAUSDT,SHORT,0,0.4337,0.4337,0.99,0.0,0.0,0.0,REJECTED_T1,Low PF (0.0),,,
2026-05-07T03:00:11.234405,BTCUSDT,LONG,0,0.3397,0.3397,0.7,1.131,0.0,0.0,REJECTED_T1,Proba < Thresh (0.340 < 0.7),,,
2026-05-07T03:00:11.234405,BTCUSDT,SHORT,0,0.7281,0.7281,0.99,0.0,0.0,0.0,REJECTED_T1,Low PF (0.0),,,
2026-05-07T03:00:11.737472,ETHUSDT,LONG,0,0.6648,0.6648,0.7,1.131,0.0,0.0,REJECTED_T1,Proba < Thresh (0.665 < 0.7),,,
2026-05-07T03:00:11.737472,ETHUSDT,SHORT,0,0.5067,0.5067,0.99,0.0,0.0,0.0,REJECTED_T1,Low PF (0.0),,,
2026-05-07T03:00:12.225351,SOLUSDT,LONG,0,0.1695,0.1695,0.7,1.131,0.0,0.0,REJECTED_T1,Proba < Thresh (0.170 < 0.7),,,
2026-05-07T03:00:12.225351,SOLUSDT,SHORT,0,0.3463,0.3463,0.99,0.0,0.0,0.0,REJECTED_T1,Low PF (0.0),,,
2026-05-07T03:00:12.721332,BNBUSDT,LONG,0,0.1936,0.1936,0.7,1.131,0.0,0.0,REJECTED_T1,Proba < Thresh (0.194 < 0.7),,,
2026-05-07T03:00:12.721332,BNBUSDT,SHORT,0,0.509,0.509,0.99,0.0,0.0,0.0,REJECTED_T1,Low PF (0.0),,,
2026-05-07T03:00:13.229044,XRPUSDT,LONG,0,0.5863,0.5863,0.7,1.131,0.0,0.0,REJECTED_T1,Proba < Thresh (0.586 < 0.7),,,
2026-05-07T03:00:13.230044,XRPUSDT,SHORT,0,0.5044,0.5044,0.99,0.0,0.0,0.0,REJECTED_T1,Low PF (0.0),,,
2026-05-07T03:00:13.723195,DOGEUSDT,LONG,0,0.457,0.457,0.7,1.131,0.0,0.0,REJECTED_T1,Proba < Thresh (0.457 < 0.7),,,
2026-05-07T03:00:13.724197,DOGEUSDT,SHORT,0,0.5953,0.5953,0.99,0.0,0.0,0.0,REJECTED_T1,Low PF (0.0),,,
2026-05-07T03:00:14.230135,AVAXUSDT,LONG,0,0.3277,0.3277,0.7,1.131,0.0,0.0,REJECTED_T1,Proba < Thresh (0.328 < 0.7),,,
2026-05-07T03:00:14.230135,AVAXUSDT,SHORT,0,0.3605,0.3605,0.99,0.0,0.0,0.0,REJECTED_T1,Low PF (0.0),,,
2026-05-07T03:00:14.740639,LINKUSDT,LONG,0,0.1827,0.1827,0.7,1.131,0.0,0.0,REJECTED_T1,Proba < Thresh (0.183 < 0.7),,,
2026-05-07T03:00:14.741638,LINKUSDT,SHORT,0,0.4125,0.4125,0.99,0.0,0.0,0.0,REJECTED_T1,Low PF (0.0),,,
2026-05-07T03:00:15.399865,NEARUSDT,LONG,0,0.0241,0.0241,0.7,1.131,0.0,0.0,REJECTED_T1,Proba < Thresh (0.024 < 0.7),,,
2026-05-07T03:00:15.399865,NEARUSDT,SHORT,0,0.4349,0.4349,0.99,0.0,0.0,0.0,REJECTED_T1,Low PF (0.0),,,
2026-05-07T03:00:15.903545,ADAUSDT,LONG,0,0.2669,0.2669,0.7,1.131,0.0,0.0,REJECTED_T1,Proba < Thresh (0.267 < 0.7),,,
2026-05-07T03:00:15.903545,ADAUSDT,SHORT,0,0.4286,0.4286,0.99,0.0,0.0,0.0,REJECTED_T1,Low PF (0.0),,,
2026-05-07T03:00:16.413196,BTCUSDT,LONG,0,0.3474,0.3474,0.7,1.131,0.0,0.0,REJECTED_T1,Proba < Thresh (0.347 < 0.7),,,
2026-05-07T03:00:16.414240,BTCUSDT,SHORT,0,0.731,0.731,0.99,0.0,0.0,0.0,REJECTED_T1,Low PF (0.0),,,
2026-05-07T03:00:16.907371,ETHUSDT,LONG,0,0.662,0.662,0.7,1.131,0.0,0.0,REJECTED_T1,Proba < Thresh (0.662 < 0.7),,,
2026-05-07T03:00:16.907371,ETHUSDT,SHORT,0,0.5067,0.5067,0.99,0.0,0.0,0.0,REJECTED_T1,Low PF (0.0),,,
2026-05-07T03:00:17.414050,SOLUSDT,LONG,0,0.1677,0.1677,0.7,1.131,0.0,0.0,REJECTED_T1,Proba < Thresh (0.168 < 0.7),,,
2026-05-07T03:00:17.414050,SOLUSDT,SHORT,0,0.3677,0.3677,0.99,0.0,0.0,0.0,REJECTED_T1,Low PF (0.0),,,
2026-05-07T03:00:17.926579,BNBUSDT,LONG,0,0.1929,0.1929,0.7,1.131,0.0,0.0,REJECTED_T1,Proba < Thresh (0.193 < 0.7),,,
2026-05-07T03:00:17.927579,BNBUSDT,SHORT,0,0.51,0.51,0.99,0.0,0.0,0.0,REJECTED_T1,Low PF (0.0),,,
2026-05-07T03:00:18.431597,XRPUSDT,LONG,0,0.5709,0.5709,0.7,1.131,0.0,0.0,REJECTED_T1,Proba < Thresh (0.571 < 0.7),,,
2026-05-07T03:00:18.432598,XRPUSDT,SHORT,0,0.4994,0.4994,0.99,0.0,0.0,0.0,REJECTED_T1,Low PF (0.0),,,
2026-05-07T03:00:19.137058,DOGEUSDT,LONG,0,0.46,0.46,0.7,1.131,0.0,0.0,REJECTED_T1,Proba < Thresh (0.460 < 0.7),,,
2026-05-07T03:00:19.138058,DOGEUSDT,SHORT,0,0.6093,0.6093,0.99,0.0,0.0,0.0,REJECTED_T1,Low PF (0.0),,,
2026-05-07T03:00:19.648548,AVAXUSDT,LONG,0,0.3315,0.3315,0.7,1.131,0.0,0.0,REJECTED_T1,Proba < Thresh (0.332 < 0.7),,,
2026-05-07T03:00:19.648548,AVAXUSDT,SHORT,0,0.4014,0.4014,0.99,0.0,0.0,0.0,REJECTED_T1,Low PF (0.0),,,
2026-05-07T03:00:20.158562,LINKUSDT,LONG,0,0.1827,0.1827,0.7,1.131,0.0,0.0,REJECTED_T1,Proba < Thresh (0.183 < 0.7),,,
2026-05-07T03:00:20.158562,LINKUSDT,SHORT,0,0.4125,0.4125,0.99,0.0,0.0,0.0,REJECTED_T1,Low PF (0.0),,,
2026-05-07T03:00:20.730901,NEARUSDT,LONG,0,0.0241,0.0241,0.7,1.131,0.0,0.0,REJECTED_T1,Proba < Thresh (0.024 < 0.7),,,
2026-05-07T03:00:20.730901,NEARUSDT,SHORT,0,0.4349,0.4349,0.99,0.0,0.0,0.0,REJECTED_T1,Low PF (0.0),,,
2026-05-07T03:00:21.230079,ADAUSDT,LONG,0,0.2721,0.2721,0.7,1.131,0.0,0.0,REJECTED_T1,Proba < Thresh (0.272 < 0.7),,,
2026-05-07T03:00:21.230079,ADAUSDT,SHORT,0,0.4286,0.4286,0.99,0.0,0.0,0.0,REJECTED_T1,Low PF (0.0),,,
2026-05-07T03:00:21.714091,BTCUSDT,LONG,0,0.3474,0.3474,0.7,1.131,0.0,0.0,REJECTED_T1,Proba < Thresh (0.347 < 0.7),,,
2026-05-07T03:00:21.715092,BTCUSDT,SHORT,0,0.731,0.731,0.99,0.0,0.0,0.0,REJECTED_T1,Low PF (0.0),,,
2026-05-07T03:00:22.256650,ETHUSDT,LONG,0,0.662,0.662,0.7,1.131,0.0,0.0,REJECTED_T1,Proba < Thresh (0.662 < 0.7),,,
2026-05-07T03:00:22.257650,ETHUSDT,SHORT,0,0.5067,0.5067,0.99,0.0,0.0,0.0,REJECTED_T1,Low PF (0.0),,,
2026-05-07T03:00:22.765005,SOLUSDT,LONG,0,0.1682,0.1682,0.7,1.131,0.0,0.0,REJECTED_T1,Proba < Thresh (0.168 < 0.7),,,
2026-05-07T03:00:22.765005,SOLUSDT,SHORT,0,0.3682,0.3682,0.99,0.0,0.0,0.0,REJECTED_T1,Low PF (0.0),,,
2026-05-07T03:00:23.262968,BNBUSDT,LONG,0,0.1936,0.1936,0.7,1.131,0.0,0.0,REJECTED_T1,Proba < Thresh (0.194 < 0.7),,,
2026-05-07T03:00:23.262968,BNBUSDT,SHORT,0,0.509,0.509,0.99,0.0,0.0,0.0,REJECTED_T1,Low PF (0.0),,,
2026-05-07T03:00:23.786415,XRPUSDT,LONG,0,0.5709,0.5709,0.7,1.131,0.0,0.0,REJECTED_T1,Proba < Thresh (0.571 < 0.7),,,
2026-05-07T03:00:23.786415,XRPUSDT,SHORT,0,0.4994,0.4994,0.99,0.0,0.0,0.0,REJECTED_T1,Low PF (0.0),,,
2026-05-07T03:00:24.300444,DOGEUSDT,LONG,0,0.456,0.456,0.7,1.131,0.0,0.0,REJECTED_T1,Proba < Thresh (0.456 < 0.7),,,
2026-05-07T03:00:24.300444,DOGEUSDT,SHORT,0,0.6001,0.6001,0.99,0.0,0.0,0.0,REJECTED_T1,Low PF (0.0),,,
2026-05-07T03:00:24.792075,AVAXUSDT,LONG,0,0.3324,0.3324,0.7,1.131,0.0,0.0,REJECTED_T1,Proba < Thresh (0.332 < 0.7),,,
2026-05-07T03:00:24.792075,AVAXUSDT,SHORT,0,0.4005,0.4005,0.99,0.0,0.0,0.0,REJECTED_T1,Low PF (0.0),,,
2026-05-07T03:00:25.302647,LINKUSDT,LONG,0,0.1827,0.1827,0.7,1.131,0.0,0.0,REJECTED_T1,Proba < Thresh (0.183 < 0.7),,,
2026-05-07T03:00:25.302647,LINKUSDT,SHORT,0,0.4116,0.4116,0.99,0.0,0.0,0.0,REJECTED_T1,Low PF (0.0),,,
2026-05-07T03:00:25.806549,NEARUSDT,LONG,0,0.0241,0.0241,0.7,1.131,0.0,0.0,REJECTED_T1,Proba < Thresh (0.024 < 0.7),,,
2026-05-07T03:00:25.806549,NEARUSDT,SHORT,0,0.4349,0.4349,0.99,0.0,0.0,0.0,REJECTED_T1,Low PF (0.0),,,
2026-05-07T03:00:26.318225,ADAUSDT,LONG,0,0.2658,0.2658,0.7,1.131,0.0,0.0,REJECTED_T1,Proba < Thresh (0.266 < 0.7),,,
2026-05-07T03:00:26.318225,ADAUSDT,SHORT,0,0.4289,0.4289,0.99,0.0,0.0,0.0,REJECTED_T1,Low PF (0.0),,,
2026-05-07T03:00:26.812527,BTCUSDT,LONG,0,0.3486,0.3486,0.7,1.131,0.0,0.0,REJECTED_T1,Proba < Thresh (0.349 < 0.7),,,
2026-05-07T03:00:26.812527,BTCUSDT,SHORT,0,0.7332,0.7332,0.99,0.0,0.0,0.0,REJECTED_T1,Low PF (0.0),,,
2026-05-07T03:00:27.824702,ETHUSDT,LONG,0,0.6578,0.6578,0.7,1.131,0.0,0.0,REJECTED_T1,Proba < Thresh (0.658 < 0.7),,,
2026-05-07T03:00:27.824702,ETHUSDT,SHORT,0,0.5067,0.5067,0.99,0.0,0.0,0.0,REJECTED_T1,Low PF (0.0),,,
2026-05-07T03:00:28.534692,SOLUSDT,LONG,0,0.1682,0.1682,0.7,1.131,0.0,0.0,REJECTED_T1,Proba < Thresh (0.168 < 0.7),,,
2026-05-07T03:00:28.534692,SOLUSDT,SHORT,0,0.3624,0.3624,0.99,0.0,0.0,0.0,REJECTED_T1,Low PF (0.0),,,
2026-05-07T03:00:29.249081,BNBUSDT,LONG,0,0.1936,0.1936,0.7,1.131,0.0,0.0,REJECTED_T1,Proba < Thresh (0.194 < 0.7),,,
2026-05-07T03:00:29.250080,BNBUSDT,SHORT,0,0.509,0.509,0.99,0.0,0.0,0.0,REJECTED_T1,Low PF (0.0),,,
2026-05-07T03:00:29.754006,XRPUSDT,LONG,0,0.5709,0.5709,0.7,1.131,0.0,0.0,REJECTED_T1,Proba < Thresh (0.571 < 0.7),,,
2026-05-07T03:00:29.754006,XRPUSDT,SHORT,0,0.5012,0.5012,0.99,0.0,0.0,0.0,REJECTED_T1,Low PF (0.0),,,
2026-05-07T03:00:30.268809,DOGEUSDT,LONG,0,0.456,0.456,0.7,1.131,0.0,0.0,REJECTED_T1,Proba < Thresh (0.456 < 0.7),,,
2026-05-07T03:00:30.268809,DOGEUSDT,SHORT,0,0.6001,0.6001,0.99,0.0,0.0,0.0,REJECTED_T1,Low PF (0.0),,,
2026-05-07T03:00:30.773257,AVAXUSDT,LONG,0,0.3277,0.3277,0.7,1.131,0.0,0.0,REJECTED_T1,Proba < Thresh (0.328 < 0.7),,,
2026-05-07T03:00:30.774256,AVAXUSDT,SHORT,0,0.3853,0.3853,0.99,0.0,0.0,0.0,REJECTED_T1,Low PF (0.0),,,
2026-05-07T03:00:31.263868,LINKUSDT,LONG,0,0.1804,0.1804,0.7,1.131,0.0,0.0,REJECTED_T1,Proba < Thresh (0.180 < 0.7),,,
2026-05-07T03:00:31.263868,LINKUSDT,SHORT,0,0.4116,0.4116,0.99,0.0,0.0,0.0,REJECTED_T1,Low PF (0.0),,,
2026-05-07T03:00:31.801974,NEARUSDT,LONG,0,0.0249,0.0249,0.7,1.131,0.0,0.0,REJECTED_T1,Proba < Thresh (0.025 < 0.7),,,
2026-05-07T03:00:31.801974,NEARUSDT,SHORT,0,0.4346,0.4346,0.99,0.0,0.0,0.0,REJECTED_T1,Low PF (0.0),,,
2026-05-07T03:00:32.306379,ADAUSDT,LONG,0,0.2658,0.2658,0.7,1.131,0.0,0.0,REJECTED_T1,Proba < Thresh (0.266 < 0.7),,,
2026-05-07T03:00:32.307381,ADAUSDT,SHORT,0,0.4289,0.4289,0.99,0.0,0.0,0.0,REJECTED_T1,Low PF (0.0),,,
2026-05-07T03:00:33.373384,BTCUSDT,LONG,0,0.3486,0.3486,0.7,1.131,0.0,0.0,REJECTED_T1,Proba < Thresh (0.349 < 0.7),,,
2026-05-07T03:00:33.373384,BTCUSDT,SHORT,0,0.7332,0.7332,0.99,0.0,0.0,0.0,REJECTED_T1,Low PF (0.0),,,
2026-05-07T03:00:34.526343,ETHUSDT,LONG,0,0.6578,0.6578,0.7,1.131,0.0,0.0,REJECTED_T1,Proba < Thresh (0.658 < 0.7),,,
2026-05-07T03:00:34.527340,ETHUSDT,SHORT,0,0.5067,0.5067,0.99,0.0,0.0,0.0,REJECTED_T1,Low PF (0.0),,,
2026-05-07T03:00:35.284486,SOLUSDT,LONG,0,0.1682,0.1682,0.7,1.131,0.0,0.0,REJECTED_T1,Proba < Thresh (0.168 < 0.7),,,
2026-05-07T03:00:35.285485,SOLUSDT,SHORT,0,0.3699,0.3699,0.99,0.0,0.0,0.0,REJECTED_T1,Low PF (0.0),,,
2026-05-07T03:00:36.065418,BNBUSDT,LONG,0,0.1936,0.1936,0.7,1.131,0.0,0.0,REJECTED_T1,Proba < Thresh (0.194 < 0.7),,,
2026-05-07T03:00:36.066424,BNBUSDT,SHORT,0,0.509,0.509,0.99,0.0,0.0,0.0,REJECTED_T1,Low PF (0.0),,,
2026-05-07T03:00:36.825615,XRPUSDT,LONG,0,0.5709,0.5709,0.7,1.131,0.0,0.0,REJECTED_T1,Proba < Thresh (0.571 < 0.7),,,
2026-05-07T03:00:36.825615,XRPUSDT,SHORT,0,0.5012,0.5012,0.99,0.0,0.0,0.0,REJECTED_T1,Low PF (0.0),,,
2026-05-07T03:00:37.616773,DOGEUSDT,LONG,0,0.456,0.456,0.7,1.131,0.0,0.0,REJECTED_T1,Proba < Thresh (0.456 < 0.7),,,
2026-05-07T03:00:37.617770,DOGEUSDT,SHORT,0,0.6093,0.6093,0.99,0.0,0.0,0.0,REJECTED_T1,Low PF (0.0),,,
2026-05-07T03:00:38.397885,AVAXUSDT,LONG,0,0.3277,0.3277,0.7,1.131,0.0,0.0,REJECTED_T1,Proba < Thresh (0.328 < 0.7),,,
2026-05-07T03:00:38.398886,AVAXUSDT,SHORT,0,0.3853,0.3853,0.99,0.0,0.0,0.0,REJECTED_T1,Low PF (0.0),,,
2026-05-07T03:00:39.166246,LINKUSDT,LONG,0,0.1827,0.1827,0.7,1.131,0.0,0.0,REJECTED_T1,Proba < Thresh (0.183 < 0.7),,,
2026-05-07T03:00:39.167247,LINKUSDT,SHORT,0,0.4125,0.4125,0.99,0.0,0.0,0.0,REJECTED_T1,Low PF (0.0),,,
2026-05-07T03:00:39.923186,NEARUSDT,LONG,0,0.0241,0.0241,0.7,1.131,0.0,0.0,REJECTED_T1,Proba < Thresh (0.024 < 0.7),,,
2026-05-07T03:00:39.923186,NEARUSDT,SHORT,0,0.4349,0.4349,0.99,0.0,0.0,0.0,REJECTED_T1,Low PF (0.0),,,
2026-05-07T03:00:40.434875,ADAUSDT,LONG,0,0.2658,0.2658,0.7,1.131,0.0,0.0,REJECTED_T1,Proba < Thresh (0.266 < 0.7),,,
2026-05-07T03:00:40.434875,ADAUSDT,SHORT,0,0.4286,0.4286,0.99,0.0,0.0,0.0,REJECTED_T1,Low PF (0.0),,,
2026-05-07T03:00:40.941094,BTCUSDT,LONG,0,0.3474,0.3474,0.7,1.131,0.0,0.0,REJECTED_T1,Proba < Thresh (0.347 < 0.7),,,
2026-05-07T03:00:40.941094,BTCUSDT,SHORT,0,0.731,0.731,0.99,0.0,0.0,0.0,REJECTED_T1,Low PF (0.0),,,
2026-05-07T03:00:41.452183,ETHUSDT,LONG,0,0.6578,0.6578,0.7,1.131,0.0,0.0,REJECTED_T1,Proba < Thresh (0.658 < 0.7),,,
2026-05-07T03:00:41.452183,ETHUSDT,SHORT,0,0.5067,0.5067,0.99,0.0,0.0,0.0,REJECTED_T1,Low PF (0.0),,,
2026-05-07T03:00:41.964801,SOLUSDT,LONG,0,0.1439,0.1439,0.7,1.131,0.0,0.0,REJECTED_T1,Proba < Thresh (0.144 < 0.7),,,
2026-05-07T03:00:41.964801,SOLUSDT,SHORT,0,0.3699,0.3699,0.99,0.0,0.0,0.0,REJECTED_T1,Low PF (0.0),,,
2026-05-07T03:00:42.472885,BNBUSDT,LONG,0,0.1936,0.1936,0.7,1.131,0.0,0.0,REJECTED_T1,Proba < Thresh (0.194 < 0.7),,,
2026-05-07T03:00:42.472885,BNBUSDT,SHORT,0,0.509,0.509,0.99,0.0,0.0,0.0,REJECTED_T1,Low PF (0.0),,,
2026-05-07T03:00:42.978310,XRPUSDT,LONG,0,0.6348,0.6348,0.7,1.131,0.0,0.0,REJECTED_T1,Proba < Thresh (0.635 < 0.7),,,
2026-05-07T03:00:42.978310,XRPUSDT,SHORT,0,0.4961,0.4961,0.99,0.0,0.0,0.0,REJECTED_T1,Low PF (0.0),,,
2026-05-07T03:00:43.778858,DOGEUSDT,LONG,0,0.46,0.46,0.7,1.131,0.0,0.0,REJECTED_T1,Proba < Thresh (0.460 < 0.7),,,
2026-05-07T03:00:43.778858,DOGEUSDT,SHORT,0,0.6093,0.6093,0.99,0.0,0.0,0.0,REJECTED_T1,Low PF (0.0),,,
2026-05-07T03:00:44.281942,AVAXUSDT,LONG,0,0.3315,0.3315,0.7,1.131,0.0,0.0,REJECTED_T1,Proba < Thresh (0.332 < 0.7),,,
2026-05-07T03:00:44.282944,AVAXUSDT,SHORT,0,0.4014,0.4014,0.99,0.0,0.0,0.0,REJECTED_T1,Low PF (0.0),,,
2026-05-07T03:00:44.799390,LINKUSDT,LONG,0,0.1827,0.1827,0.7,1.131,0.0,0.0,REJECTED_T1,Proba < Thresh (0.183 < 0.7),,,
2026-05-07T03:00:44.799390,LINKUSDT,SHORT,0,0.4125,0.4125,0.99,0.0,0.0,0.0,REJECTED_T1,Low PF (0.0),,,
2026-05-07T03:00:45.303020,NEARUSDT,LONG,0,0.0241,0.0241,0.7,1.131,0.0,0.0,REJECTED_T1,Proba < Thresh (0.024 < 0.7),,,
2026-05-07T03:00:45.303020,NEARUSDT,SHORT,0,0.4349,0.4349,0.99,0.0,0.0,0.0,REJECTED_T1,Low PF (0.0),,,
2026-05-07T03:00:46.116802,ADAUSDT,LONG,0,0.2721,0.2721,0.7,1.131,0.0,0.0,REJECTED_T1,Proba < Thresh (0.272 < 0.7),,,
2026-05-07T03:00:46.116802,ADAUSDT,SHORT,0,0.4286,0.4286,0.99,0.0,0.0,0.0,REJECTED_T1,Low PF (0.0),,,
2026-05-07T03:00:46.603294,BTCUSDT,LONG,0,0.3474,0.3474,0.7,1.131,0.0,0.0,REJECTED_T1,Proba < Thresh (0.347 < 0.7),,,
2026-05-07T03:00:46.603294,BTCUSDT,SHORT,0,0.731,0.731,0.99,0.0,0.0,0.0,REJECTED_T1,Low PF (0.0),,,
2026-05-07T03:00:47.095827,ETHUSDT,LONG,0,0.6578,0.6578,0.7,1.131,0.0,0.0,REJECTED_T1,Proba < Thresh (0.658 < 0.7),,,
2026-05-07T03:00:47.096826,ETHUSDT,SHORT,0,0.5067,0.5067,0.99,0.0,0.0,0.0,REJECTED_T1,Low PF (0.0),,,
2026-05-07T03:00:47.603292,SOLUSDT,LONG,0,0.1439,0.1439,0.7,1.131,0.0,0.0,REJECTED_T1,Proba < Thresh (0.144 < 0.7),,,
2026-05-07T03:00:47.603292,SOLUSDT,SHORT,0,0.3699,0.3699,0.99,0.0,0.0,0.0,REJECTED_T1,Low PF (0.0),,,
2026-05-07T03:00:48.117477,BNBUSDT,LONG,0,0.1929,0.1929,0.7,1.131,0.0,0.0,REJECTED_T1,Proba < Thresh (0.193 < 0.7),,,
2026-05-07T03:00:48.117477,BNBUSDT,SHORT,0,0.51,0.51,0.99,0.0,0.0,0.0,REJECTED_T1,Low PF (0.0),,,
2026-05-07T03:00:48.625379,XRPUSDT,LONG,0,0.6348,0.6348,0.7,1.131,0.0,0.0,REJECTED_T1,Proba < Thresh (0.635 < 0.7),,,
2026-05-07T03:00:48.626486,XRPUSDT,SHORT,0,0.4961,0.4961,0.99,0.0,0.0,0.0,REJECTED_T1,Low PF (0.0),,,
2026-05-07T03:00:49.120016,DOGEUSDT,LONG,0,0.456,0.456,0.7,1.131,0.0,0.0,REJECTED_T1,Proba < Thresh (0.456 < 0.7),,,
2026-05-07T03:00:49.120016,DOGEUSDT,SHORT,0,0.6093,0.6093,0.99,0.0,0.0,0.0,REJECTED_T1,Low PF (0.0),,,
2026-05-07T03:00:49.629292,AVAXUSDT,LONG,0,0.3392,0.3392,0.7,1.131,0.0,0.0,REJECTED_T1,Proba < Thresh (0.339 < 0.7),,,
2026-05-07T03:00:49.629292,AVAXUSDT,SHORT,0,0.4014,0.4014,0.99,0.0,0.0,0.0,REJECTED_T1,Low PF (0.0),,,
2026-05-07T03:00:50.138117,LINKUSDT,LONG,0,0.1827,0.1827,0.7,1.131,0.0,0.0,REJECTED_T1,Proba < Thresh (0.183 < 0.7),,,
2026-05-07T03:00:50.138117,LINKUSDT,SHORT,0,0.4116,0.4116,0.99,0.0,0.0,0.0,REJECTED_T1,Low PF (0.0),,,
2026-05-07T03:00:50.639221,NEARUSDT,LONG,0,0.0249,0.0249,0.7,1.131,0.0,0.0,REJECTED_T1,Proba < Thresh (0.025 < 0.7),,,
2026-05-07T03:00:50.639221,NEARUSDT,SHORT,0,0.4346,0.4346,0.99,0.0,0.0,0.0,REJECTED_T1,Low PF (0.0),,,
2026-05-07T03:00:51.162753,ADAUSDT,LONG,0,0.2721,0.2721,0.7,1.131,0.0,0.0,REJECTED_T1,Proba < Thresh (0.272 < 0.7),,,
2026-05-07T03:00:51.162753,ADAUSDT,SHORT,0,0.4286,0.4286,0.99,0.0,0.0,0.0,REJECTED_T1,Low PF (0.0),,,
2026-05-07T04:00:03.794962,BTCUSDT,LONG,0,0.4316,0.4316,0.7,1.131,0.0,0.0,REJECTED_T1,Proba < Thresh (0.432 < 0.7),,,
2026-05-07T04:00:03.801888,BTCUSDT,SHORT,0,0.7332,0.7332,0.99,0.0,0.0,0.0,REJECTED_T1,Low PF (0.0),,,
2026-05-07T04:00:04.796644,ETHUSDT,LONG,0,0.6149,0.6149,0.7,1.131,0.0,0.0,REJECTED_T1,Proba < Thresh (0.615 < 0.7),,,
2026-05-07T04:00:04.796644,ETHUSDT,SHORT,0,0.4779,0.4779,0.99,0.0,0.0,0.0,REJECTED_T1,Low PF (0.0),,,
2026-05-07T04:00:05.592588,SOLUSDT,LONG,0,0.211,0.211,0.7,1.131,0.0,0.0,REJECTED_T1,Proba < Thresh (0.211 < 0.7),,,
2026-05-07T04:00:05.593585,SOLUSDT,SHORT,0,0.3615,0.3615,0.99,0.0,0.0,0.0,REJECTED_T1,Low PF (0.0),,,
2026-05-07T04:00:06.648352,BNBUSDT,LONG,0,0.1902,0.1902,0.7,1.131,0.0,0.0,REJECTED_T1,Proba < Thresh (0.190 < 0.7),,,
2026-05-07T04:00:06.649350,BNBUSDT,SHORT,0,0.5023,0.5023,0.99,0.0,0.0,0.0,REJECTED_T1,Low PF (0.0),,,
2026-05-07T04:00:07.442802,XRPUSDT,LONG,0,0.6708,0.6708,0.7,1.131,0.0,0.0,REJECTED_T1,Proba < Thresh (0.671 < 0.7),,,
2026-05-07T04:00:07.443793,XRPUSDT,SHORT,0,0.5404,0.5404,0.99,0.0,0.0,0.0,REJECTED_T1,Low PF (0.0),,,
2026-05-07T04:00:08.240487,DOGEUSDT,LONG,0,0.6338,0.6338,0.7,1.131,0.0,0.0,REJECTED_T1,Proba < Thresh (0.634 < 0.7),,,
2026-05-07T04:00:08.240487,DOGEUSDT,SHORT,0,0.6717,0.6717,0.99,0.0,0.0,0.0,REJECTED_T1,Low PF (0.0),,,
2026-05-07T04:00:09.473258,AVAXUSDT,LONG,0,0.3898,0.3898,0.7,1.131,0.0,0.0,REJECTED_T1,Proba < Thresh (0.390 < 0.7),,,
2026-05-07T04:00:09.473258,AVAXUSDT,SHORT,0,0.4751,0.4751,0.99,0.0,0.0,0.0,REJECTED_T1,Low PF (0.0),,,
2026-05-07T04:00:10.437365,LINKUSDT,LONG,0,0.2253,0.2253,0.7,1.131,0.0,0.0,REJECTED_T1,Proba < Thresh (0.225 < 0.7),,,
2026-05-07T04:00:10.438347,LINKUSDT,SHORT,0,0.5399,0.5399,0.99,0.0,0.0,0.0,REJECTED_T1,Low PF (0.0),,,
2026-05-07T04:00:11.614179,NEARUSDT,LONG,0,0.0291,0.0291,0.7,1.131,0.0,0.0,REJECTED_T1,Proba < Thresh (0.029 < 0.7),,,
2026-05-07T04:00:11.614179,NEARUSDT,SHORT,0,0.5026,0.5026,0.99,0.0,0.0,0.0,REJECTED_T1,Low PF (0.0),,,
2026-05-07T04:00:12.594017,ADAUSDT,LONG,0,0.2829,0.2829,0.7,1.131,0.0,0.0,REJECTED_T1,Proba < Thresh (0.283 < 0.7),,,
2026-05-07T04:00:12.595017,ADAUSDT,SHORT,0,0.5366,0.5366,0.99,0.0,0.0,0.0,REJECTED_T1,Low PF (0.0),,,
2026-05-07T04:00:13.114115,BTCUSDT,LONG,0,0.3374,0.3374,0.7,1.131,0.0,0.0,REJECTED_T1,Proba < Thresh (0.337 < 0.7),,,
2026-05-07T04:00:13.114115,BTCUSDT,SHORT,0,0.7316,0.7316,0.99,0.0,0.0,0.0,REJECTED_T1,Low PF (0.0),,,
2026-05-07T04:00:13.641916,ETHUSDT,LONG,0,0.6055,0.6055,0.7,1.131,0.0,0.0,REJECTED_T1,Proba < Thresh (0.606 < 0.7),,,
2026-05-07T04:00:13.641916,ETHUSDT,SHORT,0,0.4779,0.4779,0.99,0.0,0.0,0.0,REJECTED_T1,Low PF (0.0),,,
2026-05-07T04:00:14.135443,SOLUSDT,LONG,0,0.1753,0.1753,0.7,1.131,0.0,0.0,REJECTED_T1,Proba < Thresh (0.175 < 0.7),,,
2026-05-07T04:00:14.135443,SOLUSDT,SHORT,0,0.4228,0.4228,0.99,0.0,0.0,0.0,REJECTED_T1,Low PF (0.0),,,
2026-05-07T04:00:14.647033,BNBUSDT,LONG,0,0.1919,0.1919,0.7,1.131,0.0,0.0,REJECTED_T1,Proba < Thresh (0.192 < 0.7),,,
2026-05-07T04:00:14.647033,BNBUSDT,SHORT,0,0.5032,0.5032,0.99,0.0,0.0,0.0,REJECTED_T1,Low PF (0.0),,,
2026-05-07T04:00:15.152059,XRPUSDT,LONG,0,0.6708,0.6708,0.7,1.131,0.0,0.0,REJECTED_T1,Proba < Thresh (0.671 < 0.7),,,
2026-05-07T04:00:15.152059,XRPUSDT,SHORT,0,0.5404,0.5404,0.99,0.0,0.0,0.0,REJECTED_T1,Low PF (0.0),,,
2026-05-07T04:00:15.674674,DOGEUSDT,LONG,0,0.6338,0.6338,0.7,1.131,0.0,0.0,REJECTED_T1,Proba < Thresh (0.634 < 0.7),,,
2026-05-07T04:00:15.674674,DOGEUSDT,SHORT,0,0.6717,0.6717,0.99,0.0,0.0,0.0,REJECTED_T1,Low PF (0.0),,,
2026-05-07T04:00:16.186265,AVAXUSDT,LONG,0,0.3898,0.3898,0.7,1.131,0.0,0.0,REJECTED_T1,Proba < Thresh (0.390 < 0.7),,,
2026-05-07T04:00:16.186265,AVAXUSDT,SHORT,0,0.4827,0.4827,0.99,0.0,0.0,0.0,REJECTED_T1,Low PF (0.0),,,
2026-05-07T04:00:16.703488,LINKUSDT,LONG,0,0.2253,0.2253,0.7,1.131,0.0,0.0,REJECTED_T1,Proba < Thresh (0.225 < 0.7),,,
2026-05-07T04:00:16.704476,LINKUSDT,SHORT,0,0.5399,0.5399,0.99,0.0,0.0,0.0,REJECTED_T1,Low PF (0.0),,,
2026-05-07T04:00:17.225658,NEARUSDT,LONG,0,0.0286,0.0286,0.7,1.131,0.0,0.0,REJECTED_T1,Proba < Thresh (0.029 < 0.7),,,
2026-05-07T04:00:17.225658,NEARUSDT,SHORT,0,0.4992,0.4992,0.99,0.0,0.0,0.0,REJECTED_T1,Low PF (0.0),,,
2026-05-07T04:00:17.740432,ADAUSDT,LONG,0,0.2829,0.2829,0.7,1.131,0.0,0.0,REJECTED_T1,Proba < Thresh (0.283 < 0.7),,,
2026-05-07T04:00:17.740432,ADAUSDT,SHORT,0,0.5366,0.5366,0.99,0.0,0.0,0.0,REJECTED_T1,Low PF (0.0),,,
2026-05-07T04:00:18.261555,BTCUSDT,LONG,0,0.3422,0.3422,0.7,1.131,0.0,0.0,REJECTED_T1,Proba < Thresh (0.342 < 0.7),,,
2026-05-07T04:00:18.261555,BTCUSDT,SHORT,0,0.7317,0.7317,0.99,0.0,0.0,0.0,REJECTED_T1,Low PF (0.0),,,
2026-05-07T04:00:18.768114,ETHUSDT,LONG,0,0.6055,0.6055,0.7,1.131,0.0,0.0,REJECTED_T1,Proba < Thresh (0.606 < 0.7),,,
2026-05-07T04:00:18.768114,ETHUSDT,SHORT,0,0.4779,0.4779,0.99,0.0,0.0,0.0,REJECTED_T1,Low PF (0.0),,,
2026-05-07T04:00:19.282403,SOLUSDT,LONG,0,0.1736,0.1736,0.7,1.131,0.0,0.0,REJECTED_T1,Proba < Thresh (0.174 < 0.7),,,
2026-05-07T04:00:19.282403,SOLUSDT,SHORT,0,0.4293,0.4293,0.99,0.0,0.0,0.0,REJECTED_T1,Low PF (0.0),,,
2026-05-07T04:00:19.798984,BNBUSDT,LONG,0,0.1919,0.1919,0.7,1.131,0.0,0.0,REJECTED_T1,Proba < Thresh (0.192 < 0.7),,,
2026-05-07T04:00:19.798984,BNBUSDT,SHORT,0,0.5032,0.5032,0.99,0.0,0.0,0.0,REJECTED_T1,Low PF (0.0),,,
2026-05-07T04:00:20.314419,XRPUSDT,LONG,0,0.6708,0.6708,0.7,1.131,0.0,0.0,REJECTED_T1,Proba < Thresh (0.671 < 0.7),,,
2026-05-07T04:00:20.314419,XRPUSDT,SHORT,0,0.5257,0.5257,0.99,0.0,0.0,0.0,REJECTED_T1,Low PF (0.0),,,
2026-05-07T04:00:20.844615,DOGEUSDT,LONG,0,0.6338,0.6338,0.7,1.131,0.0,0.0,REJECTED_T1,Proba < Thresh (0.634 < 0.7),,,
2026-05-07T04:00:20.844615,DOGEUSDT,SHORT,0,0.6717,0.6717,0.99,0.0,0.0,0.0,REJECTED_T1,Low PF (0.0),,,
2026-05-07T04:00:21.338424,AVAXUSDT,LONG,0,0.3898,0.3898,0.7,1.131,0.0,0.0,REJECTED_T1,Proba < Thresh (0.390 < 0.7),,,
2026-05-07T04:00:21.338424,AVAXUSDT,SHORT,0,0.4827,0.4827,0.99,0.0,0.0,0.0,REJECTED_T1,Low PF (0.0),,,
2026-05-07T04:00:21.832489,LINKUSDT,LONG,0,0.226,0.226,0.7,1.131,0.0,0.0,REJECTED_T1,Proba < Thresh (0.226 < 0.7),,,
2026-05-07T04:00:21.832489,LINKUSDT,SHORT,0,0.539,0.539,0.99,0.0,0.0,0.0,REJECTED_T1,Low PF (0.0),,,
2026-05-07T04:00:22.335211,NEARUSDT,LONG,0,0.0291,0.0291,0.7,1.131,0.0,0.0,REJECTED_T1,Proba < Thresh (0.029 < 0.7),,,
2026-05-07T04:00:22.335211,NEARUSDT,SHORT,0,0.504,0.504,0.99,0.0,0.0,0.0,REJECTED_T1,Low PF (0.0),,,
2026-05-07T04:00:22.827972,ADAUSDT,LONG,0,0.2829,0.2829,0.7,1.131,0.0,0.0,REJECTED_T1,Proba < Thresh (0.283 < 0.7),,,
2026-05-07T04:00:22.828984,ADAUSDT,SHORT,0,0.5366,0.5366,0.99,0.0,0.0,0.0,REJECTED_T1,Low PF (0.0),,,
2026-05-07T04:00:23.360526,BTCUSDT,LONG,0,0.3374,0.3374,0.7,1.131,0.0,0.0,REJECTED_T1,Proba < Thresh (0.337 < 0.7),,,
2026-05-07T04:00:23.360526,BTCUSDT,SHORT,0,0.7345,0.7345,0.99,0.0,0.0,0.0,REJECTED_T1,Low PF (0.0),,,
2026-05-07T04:00:23.870388,ETHUSDT,LONG,0,0.6002,0.6002,0.7,1.131,0.0,0.0,REJECTED_T1,Proba < Thresh (0.600 < 0.7),,,
2026-05-07T04:00:23.870388,ETHUSDT,SHORT,0,0.4779,0.4779,0.99,0.0,0.0,0.0,REJECTED_T1,Low PF (0.0),,,
2026-05-07T04:00:24.384125,SOLUSDT,LONG,0,0.1704,0.1704,0.7,1.131,0.0,0.0,REJECTED_T1,Proba < Thresh (0.170 < 0.7),,,
2026-05-07T04:00:24.384125,SOLUSDT,SHORT,0,0.4283,0.4283,0.99,0.0,0.0,0.0,REJECTED_T1,Low PF (0.0),,,
2026-05-07T04:00:24.895340,BNBUSDT,LONG,0,0.1919,0.1919,0.7,1.131,0.0,0.0,REJECTED_T1,Proba < Thresh (0.192 < 0.7),,,
2026-05-07T04:00:24.896339,BNBUSDT,SHORT,0,0.5001,0.5001,0.99,0.0,0.0,0.0,REJECTED_T1,Low PF (0.0),,,
2026-05-07T04:00:25.383485,XRPUSDT,LONG,0,0.6708,0.6708,0.7,1.131,0.0,0.0,REJECTED_T1,Proba < Thresh (0.671 < 0.7),,,
2026-05-07T04:00:25.383485,XRPUSDT,SHORT,0,0.5404,0.5404,0.99,0.0,0.0,0.0,REJECTED_T1,Low PF (0.0),,,
2026-05-07T04:00:25.890969,DOGEUSDT,LONG,0,0.6338,0.6338,0.7,1.131,0.0,0.0,REJECTED_T1,Proba < Thresh (0.634 < 0.7),,,
2026-05-07T04:00:25.890969,DOGEUSDT,SHORT,0,0.6717,0.6717,0.99,0.0,0.0,0.0,REJECTED_T1,Low PF (0.0),,,
2026-05-07T04:00:26.608061,AVAXUSDT,LONG,0,0.3898,0.3898,0.7,1.131,0.0,0.0,REJECTED_T1,Proba < Thresh (0.390 < 0.7),,,
2026-05-07T04:00:26.608061,AVAXUSDT,SHORT,0,0.4836,0.4836,0.99,0.0,0.0,0.0,REJECTED_T1,Low PF (0.0),,,
2026-05-07T04:00:27.131374,LINKUSDT,LONG,0,0.226,0.226,0.7,1.131,0.0,0.0,REJECTED_T1,Proba < Thresh (0.226 < 0.7),,,
2026-05-07T04:00:27.132373,LINKUSDT,SHORT,0,0.539,0.539,0.99,0.0,0.0,0.0,REJECTED_T1,Low PF (0.0),,,
2026-05-07T04:00:27.634044,NEARUSDT,LONG,0,0.0291,0.0291,0.7,1.131,0.0,0.0,REJECTED_T1,Proba < Thresh (0.029 < 0.7),,,
2026-05-07T04:00:27.634044,NEARUSDT,SHORT,0,0.5178,0.5178,0.99,0.0,0.0,0.0,REJECTED_T1,Low PF (0.0),,,
2026-05-07T04:00:28.147602,ADAUSDT,LONG,0,0.2829,0.2829,0.7,1.131,0.0,0.0,REJECTED_T1,Proba < Thresh (0.283 < 0.7),,,
2026-05-07T04:00:28.147602,ADAUSDT,SHORT,0,0.5366,0.5366,0.99,0.0,0.0,0.0,REJECTED_T1,Low PF (0.0),,,
2026-05-07T04:00:28.638803,BTCUSDT,LONG,0,0.3374,0.3374,0.7,1.131,0.0,0.0,REJECTED_T1,Proba < Thresh (0.337 < 0.7),,,
2026-05-07T04:00:28.639795,BTCUSDT,SHORT,0,0.7345,0.7345,0.99,0.0,0.0,0.0,REJECTED_T1,Low PF (0.0),,,
2026-05-07T04:00:29.350630,ETHUSDT,LONG,0,0.6002,0.6002,0.7,1.131,0.0,0.0,REJECTED_T1,Proba < Thresh (0.600 < 0.7),,,
2026-05-07T04:00:29.350630,ETHUSDT,SHORT,0,0.4779,0.4779,0.99,0.0,0.0,0.0,REJECTED_T1,Low PF (0.0),,,
2026-05-07T04:00:29.846203,SOLUSDT,LONG,0,0.1704,0.1704,0.7,1.131,0.0,0.0,REJECTED_T1,Proba < Thresh (0.170 < 0.7),,,
2026-05-07T04:00:29.846203,SOLUSDT,SHORT,0,0.4283,0.4283,0.99,0.0,0.0,0.0,REJECTED_T1,Low PF (0.0),,,
2026-05-07T04:00:30.352359,BNBUSDT,LONG,0,0.1904,0.1904,0.7,1.131,0.0,0.0,REJECTED_T1,Proba < Thresh (0.190 < 0.7),,,
2026-05-07T04:00:30.352359,BNBUSDT,SHORT,0,0.5023,0.5023,0.99,0.0,0.0,0.0,REJECTED_T1,Low PF (0.0),,,
2026-05-07T04:00:30.863096,XRPUSDT,LONG,0,0.6523,0.6523,0.7,1.131,0.0,0.0,REJECTED_T1,Proba < Thresh (0.652 < 0.7),,,
2026-05-07T04:00:30.863096,XRPUSDT,SHORT,0,0.5404,0.5404,0.99,0.0,0.0,0.0,REJECTED_T1,Low PF (0.0),,,
2026-05-07T04:00:31.363960,DOGEUSDT,LONG,0,0.6338,0.6338,0.7,1.131,0.0,0.0,REJECTED_T1,Proba < Thresh (0.634 < 0.7),,,
2026-05-07T04:00:31.363960,DOGEUSDT,SHORT,0,0.6717,0.6717,0.99,0.0,0.0,0.0,REJECTED_T1,Low PF (0.0),,,
2026-05-07T04:00:31.870041,AVAXUSDT,LONG,0,0.3898,0.3898,0.7,1.131,0.0,0.0,REJECTED_T1,Proba < Thresh (0.390 < 0.7),,,
2026-05-07T04:00:31.870041,AVAXUSDT,SHORT,0,0.4836,0.4836,0.99,0.0,0.0,0.0,REJECTED_T1,Low PF (0.0),,,
2026-05-07T04:00:32.365699,LINKUSDT,LONG,0,0.226,0.226,0.7,1.131,0.0,0.0,REJECTED_T1,Proba < Thresh (0.226 < 0.7),,,
2026-05-07T04:00:32.365699,LINKUSDT,SHORT,0,0.539,0.539,0.99,0.0,0.0,0.0,REJECTED_T1,Low PF (0.0),,,
2026-05-07T04:00:32.884775,NEARUSDT,LONG,0,0.0286,0.0286,0.7,1.131,0.0,0.0,REJECTED_T1,Proba < Thresh (0.029 < 0.7),,,
2026-05-07T04:00:32.884775,NEARUSDT,SHORT,0,0.5047,0.5047,0.99,0.0,0.0,0.0,REJECTED_T1,Low PF (0.0),,,
2026-05-07T04:00:33.397911,ADAUSDT,LONG,0,0.2818,0.2818,0.7,1.131,0.0,0.0,REJECTED_T1,Proba < Thresh (0.282 < 0.7),,,
2026-05-07T04:00:33.397911,ADAUSDT,SHORT,0,0.5366,0.5366,0.99,0.0,0.0,0.0,REJECTED_T1,Low PF (0.0),,,
2026-05-07T04:00:34.188768,BTCUSDT,LONG,0,0.3422,0.3422,0.7,1.131,0.0,0.0,REJECTED_T1,Proba < Thresh (0.342 < 0.7),,,
2026-05-07T04:00:34.189753,BTCUSDT,SHORT,0,0.7317,0.7317,0.99,0.0,0.0,0.0,REJECTED_T1,Low PF (0.0),,,
2026-05-07T04:00:35.112741,ETHUSDT,LONG,0,0.6002,0.6002,0.7,1.131,0.0,0.0,REJECTED_T1,Proba < Thresh (0.600 < 0.7),,,
2026-05-07T04:00:35.112741,ETHUSDT,SHORT,0,0.4779,0.4779,0.99,0.0,0.0,0.0,REJECTED_T1,Low PF (0.0),,,
2026-05-07T04:00:35.903353,SOLUSDT,LONG,0,0.1704,0.1704,0.7,1.131,0.0,0.0,REJECTED_T1,Proba < Thresh (0.170 < 0.7),,,
2026-05-07T04:00:35.904351,SOLUSDT,SHORT,0,0.4283,0.4283,0.99,0.0,0.0,0.0,REJECTED_T1,Low PF (0.0),,,
2026-05-07T04:00:36.677870,BNBUSDT,LONG,0,0.1926,0.1926,0.7,1.131,0.0,0.0,REJECTED_T1,Proba < Thresh (0.193 < 0.7),,,
2026-05-07T04:00:36.678866,BNBUSDT,SHORT,0,0.4992,0.4992,0.99,0.0,0.0,0.0,REJECTED_T1,Low PF (0.0),,,
2026-05-07T04:00:37.464956,XRPUSDT,LONG,0,0.6523,0.6523,0.7,1.131,0.0,0.0,REJECTED_T1,Proba < Thresh (0.652 < 0.7),,,
2026-05-07T04:00:37.464956,XRPUSDT,SHORT,0,0.5314,0.5314,0.99,0.0,0.0,0.0,REJECTED_T1,Low PF (0.0),,,
2026-05-07T04:00:37.953101,DOGEUSDT,LONG,0,0.6338,0.6338,0.7,1.131,0.0,0.0,REJECTED_T1,Proba < Thresh (0.634 < 0.7),,,
2026-05-07T04:00:37.953101,DOGEUSDT,SHORT,0,0.6717,0.6717,0.99,0.0,0.0,0.0,REJECTED_T1,Low PF (0.0),,,
2026-05-07T04:00:38.455032,AVAXUSDT,LONG,0,0.3898,0.3898,0.7,1.131,0.0,0.0,REJECTED_T1,Proba < Thresh (0.390 < 0.7),,,
2026-05-07T04:00:38.455032,AVAXUSDT,SHORT,0,0.4893,0.4893,0.99,0.0,0.0,0.0,REJECTED_T1,Low PF (0.0),,,
2026-05-07T04:00:38.946910,LINKUSDT,LONG,0,0.226,0.226,0.7,1.131,0.0,0.0,REJECTED_T1,Proba < Thresh (0.226 < 0.7),,,
2026-05-07T04:00:38.946910,LINKUSDT,SHORT,0,0.539,0.539,0.99,0.0,0.0,0.0,REJECTED_T1,Low PF (0.0),,,
2026-05-07T04:00:39.443392,NEARUSDT,LONG,0,0.0291,0.0291,0.7,1.131,0.0,0.0,REJECTED_T1,Proba < Thresh (0.029 < 0.7),,,
2026-05-07T04:00:39.443392,NEARUSDT,SHORT,0,0.5009,0.5009,0.99,0.0,0.0,0.0,REJECTED_T1,Low PF (0.0),,,
2026-05-07T04:00:39.943733,ADAUSDT,LONG,0,0.2818,0.2818,0.7,1.131,0.0,0.0,REJECTED_T1,Proba < Thresh (0.282 < 0.7),,,
2026-05-07T04:00:39.943733,ADAUSDT,SHORT,0,0.5366,0.5366,0.99,0.0,0.0,0.0,REJECTED_T1,Low PF (0.0),,,
2026-05-07T04:00:40.437644,BTCUSDT,LONG,0,0.3374,0.3374,0.7,1.131,0.0,0.0,REJECTED_T1,Proba < Thresh (0.337 < 0.7),,,
2026-05-07T04:00:40.438643,BTCUSDT,SHORT,0,0.7345,0.7345,0.99,0.0,0.0,0.0,REJECTED_T1,Low PF (0.0),,,
2026-05-07T04:00:40.957339,ETHUSDT,LONG,0,0.6002,0.6002,0.7,1.131,0.0,0.0,REJECTED_T1,Proba < Thresh (0.600 < 0.7),,,
2026-05-07T04:00:40.957339,ETHUSDT,SHORT,0,0.4779,0.4779,0.99,0.0,0.0,0.0,REJECTED_T1,Low PF (0.0),,,
2026-05-07T04:00:41.458718,SOLUSDT,LONG,0,0.1689,0.1689,0.7,1.131,0.0,0.0,REJECTED_T1,Proba < Thresh (0.169 < 0.7),,,
2026-05-07T04:00:41.459698,SOLUSDT,SHORT,0,0.4222,0.4222,0.99,0.0,0.0,0.0,REJECTED_T1,Low PF (0.0),,,
2026-05-07T04:00:41.962608,BNBUSDT,LONG,0,0.1926,0.1926,0.7,1.131,0.0,0.0,REJECTED_T1,Proba < Thresh (0.193 < 0.7),,,
2026-05-07T04:00:41.962608,BNBUSDT,SHORT,0,0.4992,0.4992,0.99,0.0,0.0,0.0,REJECTED_T1,Low PF (0.0),,,
2026-05-07T04:00:42.487626,XRPUSDT,LONG,0,0.6523,0.6523,0.7,1.131,0.0,0.0,REJECTED_T1,Proba < Thresh (0.652 < 0.7),,,
2026-05-07T04:00:42.487626,XRPUSDT,SHORT,0,0.5314,0.5314,0.99,0.0,0.0,0.0,REJECTED_T1,Low PF (0.0),,,
2026-05-07T04:00:43.269689,DOGEUSDT,LONG,0,0.6338,0.6338,0.7,1.131,0.0,0.0,REJECTED_T1,Proba < Thresh (0.634 < 0.7),,,
2026-05-07T04:00:43.269689,DOGEUSDT,SHORT,0,0.6717,0.6717,0.99,0.0,0.0,0.0,REJECTED_T1,Low PF (0.0),,,
2026-05-07T04:00:44.061845,AVAXUSDT,LONG,0,0.3907,0.3907,0.7,1.131,0.0,0.0,REJECTED_T1,Proba < Thresh (0.391 < 0.7),,,
2026-05-07T04:00:44.062845,AVAXUSDT,SHORT,0,0.4881,0.4881,0.99,0.0,0.0,0.0,REJECTED_T1,Low PF (0.0),,,
2026-05-07T04:00:44.844196,LINKUSDT,LONG,0,0.226,0.226,0.7,1.131,0.0,0.0,REJECTED_T1,Proba < Thresh (0.226 < 0.7),,,
2026-05-07T04:00:44.844196,LINKUSDT,SHORT,0,0.539,0.539,0.99,0.0,0.0,0.0,REJECTED_T1,Low PF (0.0),,,
2026-05-07T04:00:45.776046,NEARUSDT,LONG,0,0.0291,0.0291,0.7,1.131,0.0,0.0,REJECTED_T1,Proba < Thresh (0.029 < 0.7),,,
2026-05-07T04:00:45.776046,NEARUSDT,SHORT,0,0.5009,0.5009,0.99,0.0,0.0,0.0,REJECTED_T1,Low PF (0.0),,,
2026-05-07T04:00:46.529953,ADAUSDT,LONG,0,0.2818,0.2818,0.7,1.131,0.0,0.0,REJECTED_T1,Proba < Thresh (0.282 < 0.7),,,
2026-05-07T04:00:46.530950,ADAUSDT,SHORT,0,0.5366,0.5366,0.99,0.0,0.0,0.0,REJECTED_T1,Low PF (0.0),,,
2026-05-07T04:00:47.044189,BTCUSDT,LONG,0,0.3422,0.3422,0.7,1.131,0.0,0.0,REJECTED_T1,Proba < Thresh (0.342 < 0.7),,,
2026-05-07T04:00:47.044189,BTCUSDT,SHORT,0,0.7227,0.7227,0.99,0.0,0.0,0.0,REJECTED_T1,Low PF (0.0),,,
2026-05-07T04:00:47.567485,ETHUSDT,LONG,0,0.6002,0.6002,0.7,1.131,0.0,0.0,REJECTED_T1,Proba < Thresh (0.600 < 0.7),,,
2026-05-07T04:00:47.567485,ETHUSDT,SHORT,0,0.4961,0.4961,0.99,0.0,0.0,0.0,REJECTED_T1,Low PF (0.0),,,
2026-05-07T04:00:48.081172,SOLUSDT,LONG,0,0.1704,0.1704,0.7,1.131,0.0,0.0,REJECTED_T1,Proba < Thresh (0.170 < 0.7),,,
2026-05-07T04:00:48.082182,SOLUSDT,SHORT,0,0.4283,0.4283,0.99,0.0,0.0,0.0,REJECTED_T1,Low PF (0.0),,,
2026-05-07T04:00:48.599914,BNBUSDT,LONG,0,0.1926,0.1926,0.7,1.131,0.0,0.0,REJECTED_T1,Proba < Thresh (0.193 < 0.7),,,
2026-05-07T04:00:48.600916,BNBUSDT,SHORT,0,0.4992,0.4992,0.99,0.0,0.0,0.0,REJECTED_T1,Low PF (0.0),,,
2026-05-07T04:00:49.112054,XRPUSDT,LONG,0,0.6523,0.6523,0.7,1.131,0.0,0.0,REJECTED_T1,Proba < Thresh (0.652 < 0.7),,,
2026-05-07T04:00:49.112054,XRPUSDT,SHORT,0,0.5404,0.5404,0.99,0.0,0.0,0.0,REJECTED_T1,Low PF (0.0),,,
2026-05-07T04:00:49.620154,DOGEUSDT,LONG,0,0.6338,0.6338,0.7,1.131,0.0,0.0,REJECTED_T1,Proba < Thresh (0.634 < 0.7),,,
2026-05-07T04:00:49.620154,DOGEUSDT,SHORT,0,0.6717,0.6717,0.99,0.0,0.0,0.0,REJECTED_T1,Low PF (0.0),,,
2026-05-07T04:00:50.135897,AVAXUSDT,LONG,0,0.3907,0.3907,0.7,1.131,0.0,0.0,REJECTED_T1,Proba < Thresh (0.391 < 0.7),,,
2026-05-07T04:00:50.135897,AVAXUSDT,SHORT,0,0.4881,0.4881,0.99,0.0,0.0,0.0,REJECTED_T1,Low PF (0.0),,,
2026-05-07T04:00:50.627244,LINKUSDT,LONG,0,0.226,0.226,0.7,1.131,0.0,0.0,REJECTED_T1,Proba < Thresh (0.226 < 0.7),,,
2026-05-07T04:00:50.627244,LINKUSDT,SHORT,0,0.539,0.539,0.99,0.0,0.0,0.0,REJECTED_T1,Low PF (0.0),,,
2026-05-07T04:00:51.123156,NEARUSDT,LONG,0,0.0291,0.0291,0.7,1.131,0.0,0.0,REJECTED_T1,Proba < Thresh (0.029 < 0.7),,,
2026-05-07T04:00:51.123156,NEARUSDT,SHORT,0,0.5009,0.5009,0.99,0.0,0.0,0.0,REJECTED_T1,Low PF (0.0),,,
2026-05-07T04:00:51.631946,ADAUSDT,LONG,0,0.2818,0.2818,0.7,1.131,0.0,0.0,REJECTED_T1,Proba < Thresh (0.282 < 0.7),,,
2026-05-07T04:00:51.631946,ADAUSDT,SHORT,0,0.5366,0.5366,0.99,0.0,0.0,0.0,REJECTED_T1,Low PF (0.0),,,
2026-05-07T05:00:03.362367,BTCUSDT,LONG,0,0.3498,0.3498,0.7,1.131,0.0,0.0,REJECTED_T1,Proba < Thresh (0.350 < 0.7),,,
2026-05-07T05:00:03.363353,BTCUSDT,SHORT,0,0.716,0.716,0.99,0.0,0.0,0.0,REJECTED_T1,Low PF (0.0),,,
2026-05-07T05:00:04.347876,ETHUSDT,LONG,0,0.6144,0.6144,0.7,1.131,0.0,0.0,REJECTED_T1,Proba < Thresh (0.614 < 0.7),,,
2026-05-07T05:00:04.349860,ETHUSDT,SHORT,0,0.3692,0.3692,0.99,0.0,0.0,0.0,REJECTED_T1,Low PF (0.0),,,
2026-05-07T05:00:05.109194,SOLUSDT,LONG,0,0.1371,0.1371,0.7,1.131,0.0,0.0,REJECTED_T1,Proba < Thresh (0.137 < 0.7),,,
2026-05-07T05:00:05.109194,SOLUSDT,SHORT,0,0.4194,0.4194,0.99,0.0,0.0,0.0,REJECTED_T1,Low PF (0.0),,,
2026-05-07T05:00:05.891399,BNBUSDT,LONG,0,0.1331,0.1331,0.7,1.131,0.0,0.0,REJECTED_T1,Proba < Thresh (0.133 < 0.7),,,
2026-05-07T05:00:05.892398,BNBUSDT,SHORT,0,0.5926,0.5926,0.99,0.0,0.0,0.0,REJECTED_T1,Low PF (0.0),,,
2026-05-07T05:00:06.986766,XRPUSDT,LONG,0,0.6257,0.6257,0.7,1.131,0.0,0.0,REJECTED_T1,Proba < Thresh (0.626 < 0.7),,,
2026-05-07T05:00:06.987764,XRPUSDT,SHORT,0,0.5708,0.5708,0.99,0.0,0.0,0.0,REJECTED_T1,Low PF (0.0),,,
2026-05-07T05:00:07.990985,DOGEUSDT,LONG,0,0.666,0.666,0.7,1.131,0.0,0.0,REJECTED_T1,Proba < Thresh (0.666 < 0.7),,,
2026-05-07T05:00:07.990985,DOGEUSDT,SHORT,0,0.6548,0.6548,0.99,0.0,0.0,0.0,REJECTED_T1,Low PF (0.0),,,
2026-05-07T05:00:09.167114,AVAXUSDT,LONG,0,0.2796,0.2796,0.7,1.131,0.0,0.0,REJECTED_T1,Proba < Thresh (0.280 < 0.7),,,
2026-05-07T05:00:09.168113,AVAXUSDT,SHORT,0,0.533,0.533,0.99,0.0,0.0,0.0,REJECTED_T1,Low PF (0.0),,,
2026-05-07T05:00:09.925193,LINKUSDT,LONG,0,0.1781,0.1781,0.7,1.131,0.0,0.0,REJECTED_T1,Proba < Thresh (0.178 < 0.7),,,
2026-05-07T05:00:09.926190,LINKUSDT,SHORT,0,0.5487,0.5487,0.99,0.0,0.0,0.0,REJECTED_T1,Low PF (0.0),,,
2026-05-07T05:00:10.702973,NEARUSDT,LONG,0,0.0245,0.0245,0.7,1.131,0.0,0.0,REJECTED_T1,Proba < Thresh (0.024 < 0.7),,,
2026-05-07T05:00:10.703906,NEARUSDT,SHORT,0,0.5041,0.5041,0.99,0.0,0.0,0.0,REJECTED_T1,Low PF (0.0),,,
2026-05-07T05:00:11.474404,ADAUSDT,LONG,0,0.2599,0.2599,0.7,1.131,0.0,0.0,REJECTED_T1,Proba < Thresh (0.260 < 0.7),,,
2026-05-07T05:00:11.474404,ADAUSDT,SHORT,0,0.5188,0.5188,0.99,0.0,0.0,0.0,REJECTED_T1,Low PF (0.0),,,
2026-05-07T05:00:11.982211,BTCUSDT,LONG,0,0.3223,0.3223,0.7,1.131,0.0,0.0,REJECTED_T1,Proba < Thresh (0.322 < 0.7),,,
2026-05-07T05:00:11.983210,BTCUSDT,SHORT,0,0.7304,0.7304,0.99,0.0,0.0,0.0,REJECTED_T1,Low PF (0.0),,,
2026-05-07T05:00:12.490592,ETHUSDT,LONG,0,0.6072,0.6072,0.7,1.131,0.0,0.0,REJECTED_T1,Proba < Thresh (0.607 < 0.7),,,
2026-05-07T05:00:12.490592,ETHUSDT,SHORT,0,0.3715,0.3715,0.99,0.0,0.0,0.0,REJECTED_T1,Low PF (0.0),,,
2026-05-07T05:00:12.982404,SOLUSDT,LONG,0,0.1371,0.1371,0.7,1.131,0.0,0.0,REJECTED_T1,Proba < Thresh (0.137 < 0.7),,,
2026-05-07T05:00:12.983420,SOLUSDT,SHORT,0,0.4387,0.4387,0.99,0.0,0.0,0.0,REJECTED_T1,Low PF (0.0),,,
2026-05-07T05:00:13.485413,BNBUSDT,LONG,0,0.1383,0.1383,0.7,1.131,0.0,0.0,REJECTED_T1,Proba < Thresh (0.138 < 0.7),,,
2026-05-07T05:00:13.486411,BNBUSDT,SHORT,0,0.5896,0.5896,0.99,0.0,0.0,0.0,REJECTED_T1,Low PF (0.0),,,
2026-05-07T05:00:14.046476,XRPUSDT,LONG,0,0.62,0.62,0.7,1.131,0.0,0.0,REJECTED_T1,Proba < Thresh (0.620 < 0.7),,,
2026-05-07T05:00:14.047476,XRPUSDT,SHORT,0,0.5708,0.5708,0.99,0.0,0.0,0.0,REJECTED_T1,Low PF (0.0),,,
2026-05-07T05:00:14.590242,DOGEUSDT,LONG,0,0.6763,0.6763,0.7,1.131,0.0,0.0,REJECTED_T1,Proba < Thresh (0.676 < 0.7),,,
2026-05-07T05:00:14.590242,DOGEUSDT,SHORT,0,0.6544,0.6544,0.99,0.0,0.0,0.0,REJECTED_T1,Low PF (0.0),,,
2026-05-07T05:00:15.253590,AVAXUSDT,LONG,0,0.2796,0.2796,0.7,1.131,0.0,0.0,REJECTED_T1,Proba < Thresh (0.280 < 0.7),,,
2026-05-07T05:00:15.254539,AVAXUSDT,SHORT,0,0.533,0.533,0.99,0.0,0.0,0.0,REJECTED_T1,Low PF (0.0),,,
2026-05-07T05:00:15.753590,LINKUSDT,LONG,0,0.1781,0.1781,0.7,1.131,0.0,0.0,REJECTED_T1,Proba < Thresh (0.178 < 0.7),,,
2026-05-07T05:00:15.753590,LINKUSDT,SHORT,0,0.5693,0.5693,0.99,0.0,0.0,0.0,REJECTED_T1,Low PF (0.0),,,
2026-05-07T05:00:16.253463,NEARUSDT,LONG,0,0.0245,0.0245,0.7,1.131,0.0,0.0,REJECTED_T1,Proba < Thresh (0.024 < 0.7),,,
2026-05-07T05:00:16.253463,NEARUSDT,SHORT,0,0.5041,0.5041,0.99,0.0,0.0,0.0,REJECTED_T1,Low PF (0.0),,,
2026-05-07T05:00:16.747562,ADAUSDT,LONG,0,0.2599,0.2599,0.7,1.131,0.0,0.0,REJECTED_T1,Proba < Thresh (0.260 < 0.7),,,
2026-05-07T05:00:16.748542,ADAUSDT,SHORT,0,0.5188,0.5188,0.99,0.0,0.0,0.0,REJECTED_T1,Low PF (0.0),,,
2026-05-07T05:00:17.251553,BTCUSDT,LONG,0,0.3257,0.3257,0.7,1.131,0.0,0.0,REJECTED_T1,Proba < Thresh (0.326 < 0.7),,,
2026-05-07T05:00:17.252553,BTCUSDT,SHORT,0,0.7214,0.7214,0.99,0.0,0.0,0.0,REJECTED_T1,Low PF (0.0),,,
2026-05-07T05:00:17.947129,ETHUSDT,LONG,0,0.6038,0.6038,0.7,1.131,0.0,0.0,REJECTED_T1,Proba < Thresh (0.604 < 0.7),,,
2026-05-07T05:00:17.948130,ETHUSDT,SHORT,0,0.3692,0.3692,0.99,0.0,0.0,0.0,REJECTED_T1,Low PF (0.0),,,
2026-05-07T05:00:18.452559,SOLUSDT,LONG,0,0.1156,0.1156,0.7,1.131,0.0,0.0,REJECTED_T1,Proba < Thresh (0.116 < 0.7),,,
2026-05-07T05:00:18.452559,SOLUSDT,SHORT,0,0.4414,0.4414,0.99,0.0,0.0,0.0,REJECTED_T1,Low PF (0.0),,,
2026-05-07T05:00:18.961788,BNBUSDT,LONG,0,0.1349,0.1349,0.7,1.131,0.0,0.0,REJECTED_T1,Proba < Thresh (0.135 < 0.7),,,
2026-05-07T05:00:18.961788,BNBUSDT,SHORT,0,0.5896,0.5896,0.99,0.0,0.0,0.0,REJECTED_T1,Low PF (0.0),,,
2026-05-07T05:00:19.493716,XRPUSDT,LONG,0,0.62,0.62,0.7,1.131,0.0,0.0,REJECTED_T1,Proba < Thresh (0.620 < 0.7),,,
2026-05-07T05:00:19.494699,XRPUSDT,SHORT,0,0.5708,0.5708,0.99,0.0,0.0,0.0,REJECTED_T1,Low PF (0.0),,,
2026-05-07T05:00:20.004117,DOGEUSDT,LONG,0,0.6763,0.6763,0.7,1.131,0.0,0.0,REJECTED_T1,Proba < Thresh (0.676 < 0.7),,,
2026-05-07T05:00:20.005116,DOGEUSDT,SHORT,0,0.6544,0.6544,0.99,0.0,0.0,0.0,REJECTED_T1,Low PF (0.0),,,
2026-05-07T05:00:20.494470,AVAXUSDT,LONG,0,0.2708,0.2708,0.7,1.131,0.0,0.0,REJECTED_T1,Proba < Thresh (0.271 < 0.7),,,
2026-05-07T05:00:20.494470,AVAXUSDT,SHORT,0,0.5554,0.5554,0.99,0.0,0.0,0.0,REJECTED_T1,Low PF (0.0),,,
2026-05-07T05:00:20.984127,LINKUSDT,LONG,0,0.1734,0.1734,0.7,1.131,0.0,0.0,REJECTED_T1,Proba < Thresh (0.173 < 0.7),,,
2026-05-07T05:00:20.984127,LINKUSDT,SHORT,0,0.5758,0.5758,0.99,0.0,0.0,0.0,REJECTED_T1,Low PF (0.0),,,
2026-05-07T05:00:21.489195,NEARUSDT,LONG,0,0.0245,0.0245,0.7,1.131,0.0,0.0,REJECTED_T1,Proba < Thresh (0.024 < 0.7),,,
2026-05-07T05:00:21.489195,NEARUSDT,SHORT,0,0.5041,0.5041,0.99,0.0,0.0,0.0,REJECTED_T1,Low PF (0.0),,,
2026-05-07T05:00:22.007541,ADAUSDT,LONG,0,0.2594,0.2594,0.7,1.131,0.0,0.0,REJECTED_T1,Proba < Thresh (0.259 < 0.7),,,
2026-05-07T05:00:22.007541,ADAUSDT,SHORT,0,0.5188,0.5188,0.99,0.0,0.0,0.0,REJECTED_T1,Low PF (0.0),,,
2026-05-07T05:00:22.493214,BTCUSDT,LONG,0,0.3257,0.3257,0.7,1.131,0.0,0.0,REJECTED_T1,Proba < Thresh (0.326 < 0.7),,,
2026-05-07T05:00:22.494201,BTCUSDT,SHORT,0,0.7214,0.7214,0.99,0.0,0.0,0.0,REJECTED_T1,Low PF (0.0),,,
2026-05-07T05:00:22.989636,ETHUSDT,LONG,0,0.6038,0.6038,0.7,1.131,0.0,0.0,REJECTED_T1,Proba < Thresh (0.604 < 0.7),,,
2026-05-07T05:00:22.989636,ETHUSDT,SHORT,0,0.3681,0.3681,0.99,0.0,0.0,0.0,REJECTED_T1,Low PF (0.0),,,
2026-05-07T05:00:23.499699,SOLUSDT,LONG,0,0.1132,0.1132,0.7,1.131,0.0,0.0,REJECTED_T1,Proba < Thresh (0.113 < 0.7),,,
2026-05-07T05:00:23.499699,SOLUSDT,SHORT,0,0.4398,0.4398,0.99,0.0,0.0,0.0,REJECTED_T1,Low PF (0.0),,,
2026-05-07T05:00:23.994198,BNBUSDT,LONG,0,0.1349,0.1349,0.7,1.131,0.0,0.0,REJECTED_T1,Proba < Thresh (0.135 < 0.7),,,
2026-05-07T05:00:23.994198,BNBUSDT,SHORT,0,0.5926,0.5926,0.99,0.0,0.0,0.0,REJECTED_T1,Low PF (0.0),,,
2026-05-07T05:00:24.506019,XRPUSDT,LONG,0,0.62,0.62,0.7,1.131,0.0,0.0,REJECTED_T1,Proba < Thresh (0.620 < 0.7),,,
2026-05-07T05:00:24.506019,XRPUSDT,SHORT,0,0.5797,0.5797,0.99,0.0,0.0,0.0,REJECTED_T1,Low PF (0.0),,,
2026-05-07T05:00:25.219904,DOGEUSDT,LONG,0,0.6763,0.6763,0.7,1.131,0.0,0.0,REJECTED_T1,Proba < Thresh (0.676 < 0.7),,,
2026-05-07T05:00:25.220905,DOGEUSDT,SHORT,0,0.6544,0.6544,0.99,0.0,0.0,0.0,REJECTED_T1,Low PF (0.0),,,
2026-05-07T05:00:25.733617,AVAXUSDT,LONG,0,0.2739,0.2739,0.7,1.131,0.0,0.0,REJECTED_T1,Proba < Thresh (0.274 < 0.7),,,
2026-05-07T05:00:25.733617,AVAXUSDT,SHORT,0,0.56,0.56,0.99,0.0,0.0,0.0,REJECTED_T1,Low PF (0.0),,,
2026-05-07T05:00:26.471848,LINKUSDT,LONG,0,0.1734,0.1734,0.7,1.131,0.0,0.0,REJECTED_T1,Proba < Thresh (0.173 < 0.7),,,
2026-05-07T05:00:26.471848,LINKUSDT,SHORT,0,0.5915,0.5915,0.99,0.0,0.0,0.0,REJECTED_T1,Low PF (0.0),,,
2026-05-07T05:00:26.968999,NEARUSDT,LONG,0,0.0243,0.0243,0.7,1.131,0.0,0.0,REJECTED_T1,Proba < Thresh (0.024 < 0.7),,,
2026-05-07T05:00:26.968999,NEARUSDT,SHORT,0,0.5075,0.5075,0.99,0.0,0.0,0.0,REJECTED_T1,Low PF (0.0),,,
2026-05-07T05:00:27.473288,ADAUSDT,LONG,0,0.2594,0.2594,0.7,1.131,0.0,0.0,REJECTED_T1,Proba < Thresh (0.259 < 0.7),,,
2026-05-07T05:00:27.473288,ADAUSDT,SHORT,0,0.5188,0.5188,0.99,0.0,0.0,0.0,REJECTED_T1,Low PF (0.0),,,
2026-05-07T05:00:27.982868,BTCUSDT,LONG,0,0.3257,0.3257,0.7,1.131,0.0,0.0,REJECTED_T1,Proba < Thresh (0.326 < 0.7),,,
2026-05-07T05:00:27.982868,BTCUSDT,SHORT,0,0.7152,0.7152,0.99,0.0,0.0,0.0,REJECTED_T1,Low PF (0.0),,,
2026-05-07T05:00:28.496753,ETHUSDT,LONG,0,0.5984,0.5984,0.7,1.131,0.0,0.0,REJECTED_T1,Proba < Thresh (0.598 < 0.7),,,
2026-05-07T05:00:28.496753,ETHUSDT,SHORT,0,0.3692,0.3692,0.99,0.0,0.0,0.0,REJECTED_T1,Low PF (0.0),,,
2026-05-07T05:00:29.012182,SOLUSDT,LONG,0,0.1132,0.1132,0.7,1.131,0.0,0.0,REJECTED_T1,Proba < Thresh (0.113 < 0.7),,,
2026-05-07T05:00:29.012182,SOLUSDT,SHORT,0,0.4398,0.4398,0.99,0.0,0.0,0.0,REJECTED_T1,Low PF (0.0),,,
2026-05-07T05:00:29.529163,BNBUSDT,LONG,0,0.1349,0.1349,0.7,1.131,0.0,0.0,REJECTED_T1,Proba < Thresh (0.135 < 0.7),,,
2026-05-07T05:00:29.529163,BNBUSDT,SHORT,0,0.5926,0.5926,0.99,0.0,0.0,0.0,REJECTED_T1,Low PF (0.0),,,
2026-05-07T05:00:30.038920,XRPUSDT,LONG,0,0.62,0.62,0.7,1.131,0.0,0.0,REJECTED_T1,Proba < Thresh (0.620 < 0.7),,,
2026-05-07T05:00:30.038920,XRPUSDT,SHORT,0,0.5797,0.5797,0.99,0.0,0.0,0.0,REJECTED_T1,Low PF (0.0),,,
2026-05-07T05:00:30.551236,DOGEUSDT,LONG,0,0.6763,0.6763,0.7,1.131,0.0,0.0,REJECTED_T1,Proba < Thresh (0.676 < 0.7),,,
2026-05-07T05:00:30.552236,DOGEUSDT,SHORT,0,0.6544,0.6544,0.99,0.0,0.0,0.0,REJECTED_T1,Low PF (0.0),,,
2026-05-07T05:00:31.066400,AVAXUSDT,LONG,0,0.2739,0.2739,0.7,1.131,0.0,0.0,REJECTED_T1,Proba < Thresh (0.274 < 0.7),,,
2026-05-07T05:00:31.066400,AVAXUSDT,SHORT,0,0.5566,0.5566,0.99,0.0,0.0,0.0,REJECTED_T1,Low PF (0.0),,,
2026-05-07T05:00:31.582292,LINKUSDT,LONG,0,0.1734,0.1734,0.7,1.131,0.0,0.0,REJECTED_T1,Proba < Thresh (0.173 < 0.7),,,
2026-05-07T05:00:31.582292,LINKUSDT,SHORT,0,0.5725,0.5725,0.99,0.0,0.0,0.0,REJECTED_T1,Low PF (0.0),,,
2026-05-07T05:00:32.096200,NEARUSDT,LONG,0,0.0245,0.0245,0.7,1.131,0.0,0.0,REJECTED_T1,Proba < Thresh (0.024 < 0.7),,,
2026-05-07T05:00:32.096200,NEARUSDT,SHORT,0,0.5041,0.5041,0.99,0.0,0.0,0.0,REJECTED_T1,Low PF (0.0),,,
2026-05-07T05:00:32.599200,ADAUSDT,LONG,0,0.2594,0.2594,0.7,1.131,0.0,0.0,REJECTED_T1,Proba < Thresh (0.259 < 0.7),,,
2026-05-07T05:00:32.600318,ADAUSDT,SHORT,0,0.5188,0.5188,0.99,0.0,0.0,0.0,REJECTED_T1,Low PF (0.0),,,
2026-05-07T05:00:33.380494,BTCUSDT,LONG,0,0.3208,0.3208,0.7,1.131,0.0,0.0,REJECTED_T1,Proba < Thresh (0.321 < 0.7),,,
2026-05-07T05:00:33.380494,BTCUSDT,SHORT,0,0.7152,0.7152,0.99,0.0,0.0,0.0,REJECTED_T1,Low PF (0.0),,,
2026-05-07T05:00:33.896783,ETHUSDT,LONG,0,0.5984,0.5984,0.7,1.131,0.0,0.0,REJECTED_T1,Proba < Thresh (0.598 < 0.7),,,
2026-05-07T05:00:33.896783,ETHUSDT,SHORT,0,0.3681,0.3681,0.99,0.0,0.0,0.0,REJECTED_T1,Low PF (0.0),,,
2026-05-07T05:00:34.546938,SOLUSDT,LONG,0,0.1141,0.1141,0.7,1.131,0.0,0.0,REJECTED_T1,Proba < Thresh (0.114 < 0.7),,,
2026-05-07T05:00:34.546938,SOLUSDT,SHORT,0,0.4398,0.4398,0.99,0.0,0.0,0.0,REJECTED_T1,Low PF (0.0),,,
2026-05-07T05:00:35.060637,BNBUSDT,LONG,0,0.1349,0.1349,0.7,1.131,0.0,0.0,REJECTED_T1,Proba < Thresh (0.135 < 0.7),,,
2026-05-07T05:00:35.060637,BNBUSDT,SHORT,0,0.5926,0.5926,0.99,0.0,0.0,0.0,REJECTED_T1,Low PF (0.0),,,
2026-05-07T05:00:35.760216,XRPUSDT,LONG,0,0.6189,0.6189,0.7,1.131,0.0,0.0,REJECTED_T1,Proba < Thresh (0.619 < 0.7),,,
2026-05-07T05:00:35.760216,XRPUSDT,SHORT,0,0.5711,0.5711,0.99,0.0,0.0,0.0,REJECTED_T1,Low PF (0.0),,,
2026-05-07T05:00:36.267829,DOGEUSDT,LONG,0,0.6763,0.6763,0.7,1.131,0.0,0.0,REJECTED_T1,Proba < Thresh (0.676 < 0.7),,,
2026-05-07T05:00:36.268829,DOGEUSDT,SHORT,0,0.6517,0.6517,0.99,0.0,0.0,0.0,REJECTED_T1,Low PF (0.0),,,
2026-05-07T05:00:36.780544,AVAXUSDT,LONG,0,0.2739,0.2739,0.7,1.131,0.0,0.0,REJECTED_T1,Proba < Thresh (0.274 < 0.7),,,
2026-05-07T05:00:36.780544,AVAXUSDT,SHORT,0,0.56,0.56,0.99,0.0,0.0,0.0,REJECTED_T1,Low PF (0.0),,,
2026-05-07T05:00:37.289360,LINKUSDT,LONG,0,0.1734,0.1734,0.7,1.131,0.0,0.0,REJECTED_T1,Proba < Thresh (0.173 < 0.7),,,
2026-05-07T05:00:37.290364,LINKUSDT,SHORT,0,0.5725,0.5725,0.99,0.0,0.0,0.0,REJECTED_T1,Low PF (0.0),,,
2026-05-07T05:00:37.791831,NEARUSDT,LONG,0,0.0243,0.0243,0.7,1.131,0.0,0.0,REJECTED_T1,Proba < Thresh (0.024 < 0.7),,,
2026-05-07T05:00:37.791831,NEARUSDT,SHORT,0,0.5105,0.5105,0.99,0.0,0.0,0.0,REJECTED_T1,Low PF (0.0),,,
2026-05-07T05:00:38.295334,ADAUSDT,LONG,0,0.2616,0.2616,0.7,1.131,0.0,0.0,REJECTED_T1,Proba < Thresh (0.262 < 0.7),,,
2026-05-07T05:00:38.295334,ADAUSDT,SHORT,0,0.5174,0.5174,0.99,0.0,0.0,0.0,REJECTED_T1,Low PF (0.0),,,
2026-05-07T05:00:38.803073,BTCUSDT,LONG,0,0.3208,0.3208,0.7,1.131,0.0,0.0,REJECTED_T1,Proba < Thresh (0.321 < 0.7),,,
2026-05-07T05:00:38.804059,BTCUSDT,SHORT,0,0.7152,0.7152,0.99,0.0,0.0,0.0,REJECTED_T1,Low PF (0.0),,,
2026-05-07T05:00:39.597051,ETHUSDT,LONG,0,0.5984,0.5984,0.7,1.131,0.0,0.0,REJECTED_T1,Proba < Thresh (0.598 < 0.7),,,
2026-05-07T05:00:39.597051,ETHUSDT,SHORT,0,0.3681,0.3681,0.99,0.0,0.0,0.0,REJECTED_T1,Low PF (0.0),,,
2026-05-07T05:00:40.406890,SOLUSDT,LONG,0,0.1132,0.1132,0.7,1.131,0.0,0.0,REJECTED_T1,Proba < Thresh (0.113 < 0.7),,,
2026-05-07T05:00:40.406890,SOLUSDT,SHORT,0,0.4672,0.4672,0.99,0.0,0.0,0.0,REJECTED_T1,Low PF (0.0),,,
2026-05-07T05:00:41.209333,BNBUSDT,LONG,0,0.1349,0.1349,0.7,1.131,0.0,0.0,REJECTED_T1,Proba < Thresh (0.135 < 0.7),,,
2026-05-07T05:00:41.209333,BNBUSDT,SHORT,0,0.5926,0.5926,0.99,0.0,0.0,0.0,REJECTED_T1,Low PF (0.0),,,
2026-05-07T05:00:41.990287,XRPUSDT,LONG,0,0.6189,0.6189,0.7,1.131,0.0,0.0,REJECTED_T1,Proba < Thresh (0.619 < 0.7),,,
2026-05-07T05:00:41.991288,XRPUSDT,SHORT,0,0.5711,0.5711,0.99,0.0,0.0,0.0,REJECTED_T1,Low PF (0.0),,,
2026-05-07T05:00:43.060285,DOGEUSDT,LONG,0,0.6623,0.6623,0.7,1.131,0.0,0.0,REJECTED_T1,Proba < Thresh (0.662 < 0.7),,,
2026-05-07T05:00:43.060285,DOGEUSDT,SHORT,0,0.6517,0.6517,0.99,0.0,0.0,0.0,REJECTED_T1,Low PF (0.0),,,
2026-05-07T05:00:43.842166,AVAXUSDT,LONG,0,0.2739,0.2739,0.7,1.131,0.0,0.0,REJECTED_T1,Proba < Thresh (0.274 < 0.7),,,
2026-05-07T05:00:43.843155,AVAXUSDT,SHORT,0,0.5653,0.5653,0.99,0.0,0.0,0.0,REJECTED_T1,Low PF (0.0),,,
2026-05-07T05:00:44.594952,LINKUSDT,LONG,0,0.1721,0.1721,0.7,1.131,0.0,0.0,REJECTED_T1,Proba < Thresh (0.172 < 0.7),,,
2026-05-07T05:00:44.594952,LINKUSDT,SHORT,0,0.6078,0.6078,0.99,0.0,0.0,0.0,REJECTED_T1,Low PF (0.0),,,
2026-05-07T05:00:45.359111,NEARUSDT,LONG,0,0.0245,0.0245,0.7,1.131,0.0,0.0,REJECTED_T1,Proba < Thresh (0.024 < 0.7),,,
2026-05-07T05:00:45.359111,NEARUSDT,SHORT,0,0.5041,0.5041,0.99,0.0,0.0,0.0,REJECTED_T1,Low PF (0.0),,,
2026-05-07T05:00:46.137196,ADAUSDT,LONG,0,0.2616,0.2616,0.7,1.131,0.0,0.0,REJECTED_T1,Proba < Thresh (0.262 < 0.7),,,
2026-05-07T05:00:46.138193,ADAUSDT,SHORT,0,0.5149,0.5149,0.99,0.0,0.0,0.0,REJECTED_T1,Low PF (0.0),,,
2026-05-07T05:00:46.644685,BTCUSDT,LONG,0,0.3208,0.3208,0.7,1.131,0.0,0.0,REJECTED_T1,Proba < Thresh (0.321 < 0.7),,,
2026-05-07T05:00:46.644685,BTCUSDT,SHORT,0,0.7183,0.7183,0.99,0.0,0.0,0.0,REJECTED_T1,Low PF (0.0),,,
2026-05-07T05:00:47.171418,ETHUSDT,LONG,0,0.5984,0.5984,0.7,1.131,0.0,0.0,REJECTED_T1,Proba < Thresh (0.598 < 0.7),,,
2026-05-07T05:00:47.171418,ETHUSDT,SHORT,0,0.3629,0.3629,0.99,0.0,0.0,0.0,REJECTED_T1,Low PF (0.0),,,
2026-05-07T05:00:47.682758,SOLUSDT,LONG,0,0.1132,0.1132,0.7,1.131,0.0,0.0,REJECTED_T1,Proba < Thresh (0.113 < 0.7),,,
2026-05-07T05:00:47.682758,SOLUSDT,SHORT,0,0.4367,0.4367,0.99,0.0,0.0,0.0,REJECTED_T1,Low PF (0.0),,,
2026-05-07T05:00:48.190947,BNBUSDT,LONG,0,0.1349,0.1349,0.7,1.131,0.0,0.0,REJECTED_T1,Proba < Thresh (0.135 < 0.7),,,
2026-05-07T05:00:48.190947,BNBUSDT,SHORT,0,0.5926,0.5926,0.99,0.0,0.0,0.0,REJECTED_T1,Low PF (0.0),,,
2026-05-07T05:00:48.699387,XRPUSDT,LONG,0,0.6189,0.6189,0.7,1.131,0.0,0.0,REJECTED_T1,Proba < Thresh (0.619 < 0.7),,,
2026-05-07T05:00:48.700387,XRPUSDT,SHORT,0,0.5711,0.5711,0.99,0.0,0.0,0.0,REJECTED_T1,Low PF (0.0),,,
2026-05-07T05:00:49.226130,DOGEUSDT,LONG,0,0.6623,0.6623,0.7,1.131,0.0,0.0,REJECTED_T1,Proba < Thresh (0.662 < 0.7),,,
2026-05-07T05:00:49.226130,DOGEUSDT,SHORT,0,0.6544,0.6544,0.99,0.0,0.0,0.0,REJECTED_T1,Low PF (0.0),,,
2026-05-07T05:00:49.751393,AVAXUSDT,LONG,0,0.2739,0.2739,0.7,1.131,0.0,0.0,REJECTED_T1,Proba < Thresh (0.274 < 0.7),,,
2026-05-07T05:00:49.751393,AVAXUSDT,SHORT,0,0.5619,0.5619,0.99,0.0,0.0,0.0,REJECTED_T1,Low PF (0.0),,,
2026-05-07T05:00:50.257817,LINKUSDT,LONG,0,0.1734,0.1734,0.7,1.131,0.0,0.0,REJECTED_T1,Proba < Thresh (0.173 < 0.7),,,
2026-05-07T05:00:50.258816,LINKUSDT,SHORT,0,0.5911,0.5911,0.99,0.0,0.0,0.0,REJECTED_T1,Low PF (0.0),,,
2026-05-07T05:00:50.776945,NEARUSDT,LONG,0,0.0245,0.0245,0.7,1.131,0.0,0.0,REJECTED_T1,Proba < Thresh (0.024 < 0.7),,,
2026-05-07T05:00:50.776945,NEARUSDT,SHORT,0,0.5119,0.5119,0.99,0.0,0.0,0.0,REJECTED_T1,Low PF (0.0),,,
2026-05-07T05:00:51.271646,ADAUSDT,LONG,0,0.2616,0.2616,0.7,1.131,0.0,0.0,REJECTED_T1,Proba < Thresh (0.262 < 0.7),,,
2026-05-07T05:00:51.272632,ADAUSDT,SHORT,0,0.5174,0.5174,0.99,0.0,0.0,0.0,REJECTED_T1,Low PF (0.0),,,
2026-05-07T06:00:03.068273,BTCUSDT,LONG,0,0.3272,0.3272,0.7,1.131,0.0,0.0,REJECTED_T1,Proba < Thresh (0.327 < 0.7),,,
2026-05-07T06:00:03.073276,BTCUSDT,SHORT,0,0.7139,0.7139,0.99,0.0,0.0,0.0,REJECTED_T1,Low PF (0.0),,,
2026-05-07T06:00:04.041966,ETHUSDT,LONG,0,0.6277,0.6277,0.7,1.131,0.0,0.0,REJECTED_T1,Proba < Thresh (0.628 < 0.7),,,
2026-05-07T06:00:04.042968,ETHUSDT,SHORT,0,0.5143,0.5143,0.99,0.0,0.0,0.0,REJECTED_T1,Low PF (0.0),,,
2026-05-07T06:00:04.730771,SOLUSDT,LONG,0,0.1499,0.1499,0.7,1.131,0.0,0.0,REJECTED_T1,Proba < Thresh (0.150 < 0.7),,,
2026-05-07T06:00:04.731764,SOLUSDT,SHORT,0,0.4856,0.4856,0.99,0.0,0.0,0.0,REJECTED_T1,Low PF (0.0),,,
2026-05-07T06:00:05.396715,BNBUSDT,LONG,0,0.103,0.103,0.7,1.131,0.0,0.0,REJECTED_T1,Proba < Thresh (0.103 < 0.7),,,
2026-05-07T06:00:05.396715,BNBUSDT,SHORT,0,0.5414,0.5414,0.99,0.0,0.0,0.0,REJECTED_T1,Low PF (0.0),,,
2026-05-07T06:00:06.040341,XRPUSDT,LONG,0,0.6626,0.6626,0.7,1.131,0.0,0.0,REJECTED_T1,Proba < Thresh (0.663 < 0.7),,,
2026-05-07T06:00:06.041325,XRPUSDT,SHORT,0,0.45,0.45,0.99,0.0,0.0,0.0,REJECTED_T1,Low PF (0.0),,,
2026-05-07T06:00:06.711161,DOGEUSDT,LONG,0,0.7047,0.7047,0.7,1.131,0.0,0.0,PASSED_T1,,,,
2026-05-07T06:00:06.713058,DOGEUSDT,SHORT,0,0.6818,0.6818,0.99,0.0,0.0,0.0,REJECTED_T1,Low PF (0.0),,,
2026-05-07T06:00:07.380393,AVAXUSDT,LONG,0,0.2552,0.2552,0.7,1.131,0.0,0.0,REJECTED_T1,Proba < Thresh (0.255 < 0.7),,,
2026-05-07T06:00:07.382398,AVAXUSDT,SHORT,0,0.5718,0.5718,0.99,0.0,0.0,0.0,REJECTED_T1,Low PF (0.0),,,
2026-05-07T06:00:08.307322,LINKUSDT,LONG,0,0.2085,0.2085,0.7,1.131,0.0,0.0,REJECTED_T1,Proba < Thresh (0.209 < 0.7),,,
2026-05-07T06:00:08.308341,LINKUSDT,SHORT,0,0.5471,0.5471,0.99,0.0,0.0,0.0,REJECTED_T1,Low PF (0.0),,,
2026-05-07T06:00:08.967608,NEARUSDT,LONG,0,0.0287,0.0287,0.7,1.131,0.0,0.0,REJECTED_T1,Proba < Thresh (0.029 < 0.7),,,
2026-05-07T06:00:08.968626,NEARUSDT,SHORT,0,0.487,0.487,0.99,0.0,0.0,0.0,REJECTED_T1,Low PF (0.0),,,
2026-05-07T06:00:09.668312,ADAUSDT,LONG,0,0.2781,0.2781,0.7,1.131,0.0,0.0,REJECTED_T1,Proba < Thresh (0.278 < 0.7),,,
2026-05-07T06:00:09.669430,ADAUSDT,SHORT,0,0.4659,0.4659,0.99,0.0,0.0,0.0,REJECTED_T1,Low PF (0.0),,,
2026-05-07T06:00:10.099666,BTCUSDT,LONG,0,0.3721,0.3721,0.7,1.131,0.0,0.0,REJECTED_T1,Proba < Thresh (0.372 < 0.7),,,
2026-05-07T06:00:10.100666,BTCUSDT,SHORT,0,0.6813,0.6813,0.99,0.0,0.0,0.0,REJECTED_T1,Low PF (0.0),,,
2026-05-07T06:00:10.572621,ETHUSDT,LONG,0,0.6176,0.6176,0.7,1.131,0.0,0.0,REJECTED_T1,Proba < Thresh (0.618 < 0.7),,,
2026-05-07T06:00:10.573621,ETHUSDT,SHORT,0,0.5223,0.5223,0.99,0.0,0.0,0.0,REJECTED_T1,Low PF (0.0),,,
2026-05-07T06:00:11.168500,SOLUSDT,LONG,0,0.141,0.141,0.7,1.131,0.0,0.0,REJECTED_T1,Proba < Thresh (0.141 < 0.7),,,
2026-05-07T06:00:11.168500,SOLUSDT,SHORT,0,0.5142,0.5142,0.99,0.0,0.0,0.0,REJECTED_T1,Low PF (0.0),,,
2026-05-07T06:00:11.733094,BNBUSDT,LONG,0,0.103,0.103,0.7,1.131,0.0,0.0,REJECTED_T1,Proba < Thresh (0.103 < 0.7),,,
2026-05-07T06:00:11.733094,BNBUSDT,SHORT,0,0.538,0.538,0.99,0.0,0.0,0.0,REJECTED_T1,Low PF (0.0),,,
2026-05-07T06:00:12.204262,XRPUSDT,LONG,0,0.6626,0.6626,0.7,1.131,0.0,0.0,REJECTED_T1,Proba < Thresh (0.663 < 0.7),,,
2026-05-07T06:00:12.204262,XRPUSDT,SHORT,0,0.4751,0.4751,0.99,0.0,0.0,0.0,REJECTED_T1,Low PF (0.0),,,
2026-05-07T06:00:12.722676,DOGEUSDT,LONG,0,0.7047,0.7047,0.7,1.131,0.0,0.0,PASSED_T1,,,,
2026-05-07T06:00:12.723676,DOGEUSDT,SHORT,0,0.6878,0.6878,0.99,0.0,0.0,0.0,REJECTED_T1,Low PF (0.0),,,
2026-05-07T06:00:13.237659,AVAXUSDT,LONG,0,0.2552,0.2552,0.7,1.131,0.0,0.0,REJECTED_T1,Proba < Thresh (0.255 < 0.7),,,
2026-05-07T06:00:13.238662,AVAXUSDT,SHORT,0,0.5718,0.5718,0.99,0.0,0.0,0.0,REJECTED_T1,Low PF (0.0),,,
2026-05-07T06:00:13.733979,LINKUSDT,LONG,0,0.2111,0.2111,0.7,1.131,0.0,0.0,REJECTED_T1,Proba < Thresh (0.211 < 0.7),,,
2026-05-07T06:00:13.733979,LINKUSDT,SHORT,0,0.5445,0.5445,0.99,0.0,0.0,0.0,REJECTED_T1,Low PF (0.0),,,
2026-05-07T06:00:14.272131,NEARUSDT,LONG,0,0.0294,0.0294,0.7,1.131,0.0,0.0,REJECTED_T1,Proba < Thresh (0.029 < 0.7),,,
2026-05-07T06:00:14.272131,NEARUSDT,SHORT,0,0.482,0.482,0.99,0.0,0.0,0.0,REJECTED_T1,Low PF (0.0),,,
2026-05-07T06:00:14.789621,ADAUSDT,LONG,0,0.2781,0.2781,0.7,1.131,0.0,0.0,REJECTED_T1,Proba < Thresh (0.278 < 0.7),,,
2026-05-07T06:00:14.790621,ADAUSDT,SHORT,0,0.4675,0.4675,0.99,0.0,0.0,0.0,REJECTED_T1,Low PF (0.0),,,
2026-05-07T06:00:15.252358,BTCUSDT,LONG,0,0.3762,0.3762,0.7,1.131,0.0,0.0,REJECTED_T1,Proba < Thresh (0.376 < 0.7),,,
2026-05-07T06:00:15.252358,BTCUSDT,SHORT,0,0.6738,0.6738,0.99,0.0,0.0,0.0,REJECTED_T1,Low PF (0.0),,,
2026-05-07T06:00:15.700532,ETHUSDT,LONG,0,0.6176,0.6176,0.7,1.131,0.0,0.0,REJECTED_T1,Proba < Thresh (0.618 < 0.7),,,
2026-05-07T06:00:15.700532,ETHUSDT,SHORT,0,0.523,0.523,0.99,0.0,0.0,0.0,REJECTED_T1,Low PF (0.0),,,
2026-05-07T06:00:16.200447,SOLUSDT,LONG,0,0.141,0.141,0.7,1.131,0.0,0.0,REJECTED_T1,Proba < Thresh (0.141 < 0.7),,,
2026-05-07T06:00:16.201444,SOLUSDT,SHORT,0,0.5071,0.5071,0.99,0.0,0.0,0.0,REJECTED_T1,Low PF (0.0),,,
2026-05-07T06:00:16.697309,BNBUSDT,LONG,0,0.103,0.103,0.7,1.131,0.0,0.0,REJECTED_T1,Proba < Thresh (0.103 < 0.7),,,
2026-05-07T06:00:16.697309,BNBUSDT,SHORT,0,0.538,0.538,0.99,0.0,0.0,0.0,REJECTED_T1,Low PF (0.0),,,
2026-05-07T06:00:17.201003,XRPUSDT,LONG,0,0.6571,0.6571,0.7,1.131,0.0,0.0,REJECTED_T1,Proba < Thresh (0.657 < 0.7),,,
2026-05-07T06:00:17.201990,XRPUSDT,SHORT,0,0.4751,0.4751,0.99,0.0,0.0,0.0,REJECTED_T1,Low PF (0.0),,,
2026-05-07T06:00:17.641178,DOGEUSDT,LONG,0,0.7047,0.7047,0.7,1.131,0.0,0.0,PASSED_T1,,,,
2026-05-07T06:00:17.642178,DOGEUSDT,SHORT,0,0.6858,0.6858,0.99,0.0,0.0,0.0,REJECTED_T1,Low PF (0.0),,,
2026-05-07T06:00:18.282785,AVAXUSDT,LONG,0,0.2587,0.2587,0.7,1.131,0.0,0.0,REJECTED_T1,Proba < Thresh (0.259 < 0.7),,,
2026-05-07T06:00:18.282785,AVAXUSDT,SHORT,0,0.5818,0.5818,0.99,0.0,0.0,0.0,REJECTED_T1,Low PF (0.0),,,
2026-05-07T06:00:18.738069,LINKUSDT,LONG,0,0.2111,0.2111,0.7,1.131,0.0,0.0,REJECTED_T1,Proba < Thresh (0.211 < 0.7),,,
2026-05-07T06:00:18.739071,LINKUSDT,SHORT,0,0.5469,0.5469,0.99,0.0,0.0,0.0,REJECTED_T1,Low PF (0.0),,,
2026-05-07T06:00:19.206515,NEARUSDT,LONG,0,0.0294,0.0294,0.7,1.131,0.0,0.0,REJECTED_T1,Proba < Thresh (0.029 < 0.7),,,
2026-05-07T06:00:19.207524,NEARUSDT,SHORT,0,0.482,0.482,0.99,0.0,0.0,0.0,REJECTED_T1,Low PF (0.0),,,
2026-05-07T06:00:19.642696,ADAUSDT,LONG,0,0.2781,0.2781,0.7,1.131,0.0,0.0,REJECTED_T1,Proba < Thresh (0.278 < 0.7),,,
2026-05-07T06:00:19.643697,ADAUSDT,SHORT,0,0.4659,0.4659,0.99,0.0,0.0,0.0,REJECTED_T1,Low PF (0.0),,,
2026-05-07T06:00:20.261544,BTCUSDT,LONG,0,0.3388,0.3388,0.7,1.131,0.0,0.0,REJECTED_T1,Proba < Thresh (0.339 < 0.7),,,
2026-05-07T06:00:20.261544,BTCUSDT,SHORT,0,0.6817,0.6817,0.99,0.0,0.0,0.0,REJECTED_T1,Low PF (0.0),,,
2026-05-07T06:00:21.066230,ETHUSDT,LONG,0,0.6176,0.6176,0.7,1.131,0.0,0.0,REJECTED_T1,Proba < Thresh (0.618 < 0.7),,,
2026-05-07T06:00:21.066230,ETHUSDT,SHORT,0,0.523,0.523,0.99,0.0,0.0,0.0,REJECTED_T1,Low PF (0.0),,,
2026-05-07T06:00:21.699107,SOLUSDT,LONG,0,0.1263,0.1263,0.7,1.131,0.0,0.0,REJECTED_T1,Proba < Thresh (0.126 < 0.7),,,
2026-05-07T06:00:21.700107,SOLUSDT,SHORT,0,0.5133,0.5133,0.99,0.0,0.0,0.0,REJECTED_T1,Low PF (0.0),,,
2026-05-07T06:00:22.193637,BNBUSDT,LONG,0,0.103,0.103,0.7,1.131,0.0,0.0,REJECTED_T1,Proba < Thresh (0.103 < 0.7),,,
2026-05-07T06:00:22.194633,BNBUSDT,SHORT,0,0.538,0.538,0.99,0.0,0.0,0.0,REJECTED_T1,Low PF (0.0),,,
2026-05-07T06:00:23.074038,XRPUSDT,LONG,0,0.6571,0.6571,0.7,1.131,0.0,0.0,REJECTED_T1,Proba < Thresh (0.657 < 0.7),,,
2026-05-07T06:00:23.074038,XRPUSDT,SHORT,0,0.4751,0.4751,0.99,0.0,0.0,0.0,REJECTED_T1,Low PF (0.0),,,
2026-05-07T06:00:23.550944,DOGEUSDT,LONG,0,0.7047,0.7047,0.7,1.131,0.0,0.0,PASSED_T1,,,,
2026-05-07T06:00:23.550944,DOGEUSDT,SHORT,0,0.6858,0.6858,0.99,0.0,0.0,0.0,REJECTED_T1,Low PF (0.0),,,
2026-05-07T06:00:23.977797,AVAXUSDT,LONG,0,0.2552,0.2552,0.7,1.131,0.0,0.0,REJECTED_T1,Proba < Thresh (0.255 < 0.7),,,
2026-05-07T06:00:23.977797,AVAXUSDT,SHORT,0,0.591,0.591,0.99,0.0,0.0,0.0,REJECTED_T1,Low PF (0.0),,,
2026-05-07T06:00:24.464205,LINKUSDT,LONG,0,0.2111,0.2111,0.7,1.131,0.0,0.0,REJECTED_T1,Proba < Thresh (0.211 < 0.7),,,
2026-05-07T06:00:24.465188,LINKUSDT,SHORT,0,0.5469,0.5469,0.99,0.0,0.0,0.0,REJECTED_T1,Low PF (0.0),,,
2026-05-07T06:00:24.932293,NEARUSDT,LONG,0,0.0287,0.0287,0.7,1.131,0.0,0.0,REJECTED_T1,Proba < Thresh (0.029 < 0.7),,,
2026-05-07T06:00:24.933335,NEARUSDT,SHORT,0,0.487,0.487,0.99,0.0,0.0,0.0,REJECTED_T1,Low PF (0.0),,,
2026-05-07T06:00:25.409308,ADAUSDT,LONG,0,0.2816,0.2816,0.7,1.131,0.0,0.0,REJECTED_T1,Proba < Thresh (0.282 < 0.7),,,
2026-05-07T06:00:25.410308,ADAUSDT,SHORT,0,0.4692,0.4692,0.99,0.0,0.0,0.0,REJECTED_T1,Low PF (0.0),,,
2026-05-07T06:00:26.480376,BTCUSDT,LONG,0,0.3388,0.3388,0.7,1.131,0.0,0.0,REJECTED_T1,Proba < Thresh (0.339 < 0.7),,,
2026-05-07T06:00:26.480376,BTCUSDT,SHORT,0,0.6777,0.6777,0.99,0.0,0.0,0.0,REJECTED_T1,Low PF (0.0),,,
2026-05-07T06:00:27.016140,ETHUSDT,LONG,0,0.6176,0.6176,0.7,1.131,0.0,0.0,REJECTED_T1,Proba < Thresh (0.618 < 0.7),,,
2026-05-07T06:00:27.017136,ETHUSDT,SHORT,0,0.523,0.523,0.99,0.0,0.0,0.0,REJECTED_T1,Low PF (0.0),,,
2026-05-07T06:00:27.475725,SOLUSDT,LONG,0,0.1263,0.1263,0.7,1.131,0.0,0.0,REJECTED_T1,Proba < Thresh (0.126 < 0.7),,,
2026-05-07T06:00:27.475725,SOLUSDT,SHORT,0,0.5133,0.5133,0.99,0.0,0.0,0.0,REJECTED_T1,Low PF (0.0),,,
2026-05-07T06:00:27.945228,BNBUSDT,LONG,0,0.103,0.103,0.7,1.131,0.0,0.0,REJECTED_T1,Proba < Thresh (0.103 < 0.7),,,
2026-05-07T06:00:27.946268,BNBUSDT,SHORT,0,0.5414,0.5414,0.99,0.0,0.0,0.0,REJECTED_T1,Low PF (0.0),,,
2026-05-07T06:00:28.406029,XRPUSDT,LONG,0,0.6571,0.6571,0.7,1.131,0.0,0.0,REJECTED_T1,Proba < Thresh (0.657 < 0.7),,,
2026-05-07T06:00:28.407036,XRPUSDT,SHORT,0,0.4751,0.4751,0.99,0.0,0.0,0.0,REJECTED_T1,Low PF (0.0),,,
2026-05-07T06:00:29.008052,DOGEUSDT,LONG,0,0.7047,0.7047,0.7,1.131,0.0,0.0,PASSED_T1,,,,
2026-05-07T06:00:29.009034,DOGEUSDT,SHORT,0,0.6858,0.6858,0.99,0.0,0.0,0.0,REJECTED_T1,Low PF (0.0),,,
2026-05-07T06:00:29.463927,AVAXUSDT,LONG,0,0.2552,0.2552,0.7,1.131,0.0,0.0,REJECTED_T1,Proba < Thresh (0.255 < 0.7),,,
2026-05-07T06:00:29.463927,AVAXUSDT,SHORT,0,0.591,0.591,0.99,0.0,0.0,0.0,REJECTED_T1,Low PF (0.0),,,
2026-05-07T06:00:29.926132,LINKUSDT,LONG,0,0.2111,0.2111,0.7,1.131,0.0,0.0,REJECTED_T1,Proba < Thresh (0.211 < 0.7),,,
2026-05-07T06:00:29.926132,LINKUSDT,SHORT,0,0.5469,0.5469,0.99,0.0,0.0,0.0,REJECTED_T1,Low PF (0.0),,,
2026-05-07T06:00:30.383984,NEARUSDT,LONG,0,0.0287,0.0287,0.7,1.131,0.0,0.0,REJECTED_T1,Proba < Thresh (0.029 < 0.7),,,
2026-05-07T06:00:30.384986,NEARUSDT,SHORT,0,0.487,0.487,0.99,0.0,0.0,0.0,REJECTED_T1,Low PF (0.0),,,
2026-05-07T06:00:30.874155,ADAUSDT,LONG,0,0.2781,0.2781,0.7,1.131,0.0,0.0,REJECTED_T1,Proba < Thresh (0.278 < 0.7),,,
2026-05-07T06:00:30.874155,ADAUSDT,SHORT,0,0.4659,0.4659,0.99,0.0,0.0,0.0,REJECTED_T1,Low PF (0.0),,,
2026-05-07T06:00:31.301069,BTCUSDT,LONG,0,0.3642,0.3642,0.7,1.131,0.0,0.0,REJECTED_T1,Proba < Thresh (0.364 < 0.7),,,
2026-05-07T06:00:31.301069,BTCUSDT,SHORT,0,0.6702,0.6702,0.99,0.0,0.0,0.0,REJECTED_T1,Low PF (0.0),,,
2026-05-07T06:00:31.801161,ETHUSDT,LONG,0,0.6176,0.6176,0.7,1.131,0.0,0.0,REJECTED_T1,Proba < Thresh (0.618 < 0.7),,,
2026-05-07T06:00:31.802161,ETHUSDT,SHORT,0,0.523,0.523,0.99,0.0,0.0,0.0,REJECTED_T1,Low PF (0.0),,,
2026-05-07T06:00:32.227935,SOLUSDT,LONG,0,0.1263,0.1263,0.7,1.131,0.0,0.0,REJECTED_T1,Proba < Thresh (0.126 < 0.7),,,
2026-05-07T06:00:32.228919,SOLUSDT,SHORT,0,0.5142,0.5142,0.99,0.0,0.0,0.0,REJECTED_T1,Low PF (0.0),,,
2026-05-07T06:00:32.657092,BNBUSDT,LONG,0,0.103,0.103,0.7,1.131,0.0,0.0,REJECTED_T1,Proba < Thresh (0.103 < 0.7),,,
2026-05-07T06:00:32.658093,BNBUSDT,SHORT,0,0.5414,0.5414,0.99,0.0,0.0,0.0,REJECTED_T1,Low PF (0.0),,,
2026-05-07T06:00:33.146973,XRPUSDT,LONG,0,0.6571,0.6571,0.7,1.131,0.0,0.0,REJECTED_T1,Proba < Thresh (0.657 < 0.7),,,
2026-05-07T06:00:33.146973,XRPUSDT,SHORT,0,0.4751,0.4751,0.99,0.0,0.0,0.0,REJECTED_T1,Low PF (0.0),,,
2026-05-07T06:00:33.695032,DOGEUSDT,LONG,0,0.7047,0.7047,0.7,1.131,0.0,0.0,PASSED_T1,,,,
2026-05-07T06:00:33.696221,DOGEUSDT,SHORT,0,0.6858,0.6858,0.99,0.0,0.0,0.0,REJECTED_T1,Low PF (0.0),,,
2026-05-07T06:00:34.176094,AVAXUSDT,LONG,0,0.2552,0.2552,0.7,1.131,0.0,0.0,REJECTED_T1,Proba < Thresh (0.255 < 0.7),,,
2026-05-07T06:00:34.176094,AVAXUSDT,SHORT,0,0.5953,0.5953,0.99,0.0,0.0,0.0,REJECTED_T1,Low PF (0.0),,,
2026-05-07T06:00:34.657027,LINKUSDT,LONG,0,0.2111,0.2111,0.7,1.131,0.0,0.0,REJECTED_T1,Proba < Thresh (0.211 < 0.7),,,
2026-05-07T06:00:34.658028,LINKUSDT,SHORT,0,0.5469,0.5469,0.99,0.0,0.0,0.0,REJECTED_T1,Low PF (0.0),,,
2026-05-07T06:00:35.116119,NEARUSDT,LONG,0,0.0287,0.0287,0.7,1.131,0.0,0.0,REJECTED_T1,Proba < Thresh (0.029 < 0.7),,,
2026-05-07T06:00:35.117119,NEARUSDT,SHORT,0,0.487,0.487,0.99,0.0,0.0,0.0,REJECTED_T1,Low PF (0.0),,,
2026-05-07T06:00:35.567560,ADAUSDT,LONG,0,0.2781,0.2781,0.7,1.131,0.0,0.0,REJECTED_T1,Proba < Thresh (0.278 < 0.7),,,
2026-05-07T06:00:35.568562,ADAUSDT,SHORT,0,0.4659,0.4659,0.99,0.0,0.0,0.0,REJECTED_T1,Low PF (0.0),,,
2026-05-07T06:00:36.209541,BTCUSDT,LONG,0,0.3601,0.3601,0.7,1.131,0.0,0.0,REJECTED_T1,Proba < Thresh (0.360 < 0.7),,,
2026-05-07T06:00:36.210518,BTCUSDT,SHORT,0,0.6777,0.6777,0.99,0.0,0.0,0.0,REJECTED_T1,Low PF (0.0),,,
2026-05-07T06:00:36.911569,ETHUSDT,LONG,0,0.6176,0.6176,0.7,1.131,0.0,0.0,REJECTED_T1,Proba < Thresh (0.618 < 0.7),,,
2026-05-07T06:00:36.911569,ETHUSDT,SHORT,0,0.523,0.523,0.99,0.0,0.0,0.0,REJECTED_T1,Low PF (0.0),,,
2026-05-07T06:00:37.573123,SOLUSDT,LONG,0,0.1263,0.1263,0.7,1.131,0.0,0.0,REJECTED_T1,Proba < Thresh (0.126 < 0.7),,,
2026-05-07T06:00:37.574126,SOLUSDT,SHORT,0,0.5142,0.5142,0.99,0.0,0.0,0.0,REJECTED_T1,Low PF (0.0),,,
2026-05-07T06:00:38.244924,BNBUSDT,LONG,0,0.103,0.103,0.7,1.131,0.0,0.0,REJECTED_T1,Proba < Thresh (0.103 < 0.7),,,
2026-05-07T06:00:38.246527,BNBUSDT,SHORT,0,0.538,0.538,0.99,0.0,0.0,0.0,REJECTED_T1,Low PF (0.0),,,
2026-05-07T06:00:38.906403,XRPUSDT,LONG,0,0.6571,0.6571,0.7,1.131,0.0,0.0,REJECTED_T1,Proba < Thresh (0.657 < 0.7),,,
2026-05-07T06:00:38.906403,XRPUSDT,SHORT,0,0.4751,0.4751,0.99,0.0,0.0,0.0,REJECTED_T1,Low PF (0.0),,,
2026-05-07T06:00:39.571179,DOGEUSDT,LONG,0,0.7047,0.7047,0.7,1.131,0.0,0.0,PASSED_T1,,,,
2026-05-07T06:00:39.573179,DOGEUSDT,SHORT,0,0.6858,0.6858,0.99,0.0,0.0,0.0,REJECTED_T1,Low PF (0.0),,,
2026-05-07T06:00:40.258626,AVAXUSDT,LONG,0,0.2552,0.2552,0.7,1.131,0.0,0.0,REJECTED_T1,Proba < Thresh (0.255 < 0.7),,,
2026-05-07T06:00:40.261625,AVAXUSDT,SHORT,0,0.5953,0.5953,0.99,0.0,0.0,0.0,REJECTED_T1,Low PF (0.0),,,
2026-05-07T06:00:40.922734,LINKUSDT,LONG,0,0.2111,0.2111,0.7,1.131,0.0,0.0,REJECTED_T1,Proba < Thresh (0.211 < 0.7),,,
2026-05-07T06:00:40.924750,LINKUSDT,SHORT,0,0.5412,0.5412,0.99,0.0,0.0,0.0,REJECTED_T1,Low PF (0.0),,,
2026-05-07T06:00:41.589318,NEARUSDT,LONG,0,0.0294,0.0294,0.7,1.131,0.0,0.0,REJECTED_T1,Proba < Thresh (0.029 < 0.7),,,
2026-05-07T06:00:41.591307,NEARUSDT,SHORT,0,0.482,0.482,0.99,0.0,0.0,0.0,REJECTED_T1,Low PF (0.0),,,
2026-05-07T06:00:42.305710,ADAUSDT,LONG,0,0.2706,0.2706,0.7,1.131,0.0,0.0,REJECTED_T1,Proba < Thresh (0.271 < 0.7),,,
2026-05-07T06:00:42.306707,ADAUSDT,SHORT,0,0.46,0.46,0.99,0.0,0.0,0.0,REJECTED_T1,Low PF (0.0),,,
2026-05-07T06:00:42.757561,BTCUSDT,LONG,0,0.3642,0.3642,0.7,1.131,0.0,0.0,REJECTED_T1,Proba < Thresh (0.364 < 0.7),,,
2026-05-07T06:00:42.758559,BTCUSDT,SHORT,0,0.6702,0.6702,0.99,0.0,0.0,0.0,REJECTED_T1,Low PF (0.0),,,
2026-05-07T06:00:43.262866,ETHUSDT,LONG,0,0.6176,0.6176,0.7,1.131,0.0,0.0,REJECTED_T1,Proba < Thresh (0.618 < 0.7),,,
2026-05-07T06:00:43.262866,ETHUSDT,SHORT,0,0.5186,0.5186,0.99,0.0,0.0,0.0,REJECTED_T1,Low PF (0.0),,,
2026-05-07T06:00:43.936722,SOLUSDT,LONG,0,0.1263,0.1263,0.7,1.131,0.0,0.0,REJECTED_T1,Proba < Thresh (0.126 < 0.7),,,
2026-05-07T06:00:43.936722,SOLUSDT,SHORT,0,0.5133,0.5133,0.99,0.0,0.0,0.0,REJECTED_T1,Low PF (0.0),,,
2026-05-07T06:00:44.383848,BNBUSDT,LONG,0,0.1003,0.1003,0.7,1.131,0.0,0.0,REJECTED_T1,Proba < Thresh (0.100 < 0.7),,,
2026-05-07T06:00:44.384866,BNBUSDT,SHORT,0,0.538,0.538,0.99,0.0,0.0,0.0,REJECTED_T1,Low PF (0.0),,,
2026-05-07T06:00:44.831587,XRPUSDT,LONG,0,0.6571,0.6571,0.7,1.131,0.0,0.0,REJECTED_T1,Proba < Thresh (0.657 < 0.7),,,
2026-05-07T06:00:44.832592,XRPUSDT,SHORT,0,0.4751,0.4751,0.99,0.0,0.0,0.0,REJECTED_T1,Low PF (0.0),,,
2026-05-07T06:00:45.271543,DOGEUSDT,LONG,0,0.7047,0.7047,0.7,1.131,0.0,0.0,PASSED_T1,,,,
2026-05-07T06:00:45.271543,DOGEUSDT,SHORT,0,0.6858,0.6858,0.99,0.0,0.0,0.0,REJECTED_T1,Low PF (0.0),,,
2026-05-07T06:00:45.690607,AVAXUSDT,LONG,0,0.2552,0.2552,0.7,1.131,0.0,0.0,REJECTED_T1,Proba < Thresh (0.255 < 0.7),,,
2026-05-07T06:00:45.691606,AVAXUSDT,SHORT,0,0.5953,0.5953,0.99,0.0,0.0,0.0,REJECTED_T1,Low PF (0.0),,,
2026-05-07T06:00:46.194993,LINKUSDT,LONG,0,0.2111,0.2111,0.7,1.131,0.0,0.0,REJECTED_T1,Proba < Thresh (0.211 < 0.7),,,
2026-05-07T06:00:46.195957,LINKUSDT,SHORT,0,0.5412,0.5412,0.99,0.0,0.0,0.0,REJECTED_T1,Low PF (0.0),,,
2026-05-07T06:00:46.714305,NEARUSDT,LONG,0,0.0294,0.0294,0.7,1.131,0.0,0.0,REJECTED_T1,Proba < Thresh (0.029 < 0.7),,,
2026-05-07T06:00:46.714305,NEARUSDT,SHORT,0,0.482,0.482,0.99,0.0,0.0,0.0,REJECTED_T1,Low PF (0.0),,,
2026-05-07T06:00:47.179414,ADAUSDT,LONG,0,0.2706,0.2706,0.7,1.131,0.0,0.0,REJECTED_T1,Proba < Thresh (0.271 < 0.7),,,
2026-05-07T06:00:47.179414,ADAUSDT,SHORT,0,0.46,0.46,0.99,0.0,0.0,0.0,REJECTED_T1,Low PF (0.0),,,
